{"type":"FeatureCollection","crs":{"type":"name","properties":{"name":"EPSG:4326"}},"features":[{"type":"Feature","geometry":{"type":"Polygon","coordinates":[[[-99.0598,19.0482],[-99.0432,19.0758],[-99.0290,19.0854],[-98.9836,19.0788],[-98.9790,19.0745],[-98.9737,19.0796],[-98.9714,19.0812],[-98.9683,19.0831],[-98.9657,19.0859],[-98.9633,19.0921],[-98.9612,19.0956],[-98.9591,19.1043],[-98.9590,19.1090],[-98.9587,19.1101],[-98.9586,19.1104],[-98.9584,19.1113],[-98.9587,19.1126],[-98.9587,19.1127],[-98.9587,19.1136],[-98.9586,19.1145],[-98.9585,19.1149],[-98.9581,19.1176],[-98.9580,19.1179],[-98.9577,19.1196],[-98.9575,19.1224],[-98.9578,19.1232],[-98.9585,19.1253],[-98.9587,19.1258],[-98.9595,19.1283],[-98.9604,19.1310],[-98.9605,19.1313],[-98.9609,19.1323],[-98.9611,19.1330],[-98.9615,19.1338],[-98.9616,19.1341],[-98.9617,19.1343],[-98.9618,19.1345],[-98.9619,19.1348],[-98.9623,19.1355],[-98.9624,19.1357],[-98.9625,19.1358],[-98.9626,19.1361],[-98.9629,19.1365],[-98.9632,19.1370],[-98.9635,19.1375],[-98.9638,19.1379],[-98.9639,19.1382],[-98.9646,19.1398],[-98.9646,19.1398],[-98.9651,19.1404],[-98.9651,19.1404],[-98.9655,19.1414],[-98.9657,19.1418],[-98.9660,19.1426],[-98.9665,19.1439],[-98.9630,19.1456],[-98.9626,19.1459],[-98.9599,19.1471],[-98.9595,19.1473],[-98.9546,19.1495],[-98.9583,19.1538],[-98.9585,19.1540],[-98.9595,19.1552],[-98.9599,19.1557],[-98.9600,19.1558],[-98.9606,19.1565],[-98.9611,19.1571],[-98.9620,19.1582],[-98.9627,19.1590],[-98.9631,19.1595],[-98.9637,19.1602],[-98.9646,19.1612],[-98.9653,19.1620],[-98.9674,19.1644],[-98.9656,19.1649],[-98.9524,19.1686],[-98.9549,19.1741],[-98.9562,19.1768],[-98.9565,19.1766],[-98.9598,19.1792],[-98.9664,19.1870],[-98.9677,19.1897],[-98.9670,19.1979],[-98.9670,19.1999],[-98.9676,19.2027],[-98.9677,19.2030],[-98.9677,19.2031],[-98.9697,19.2043],[-98.9693,19.2046],[-98.9686,19.2052],[-98.9680,19.2057],[-98.9675,19.2061],[-98.9674,19.2062],[-98.9672,19.2063],[-98.9672,19.2066],[-98.9672,19.2070],[-98.9674,19.2073],[-98.9671,19.2076],[-98.9670,19.2079],[-98.9670,19.2079],[-98.9669,19.2087],[-98.9668,19.2090],[-98.9668,19.2090],[-98.9677,19.2098],[-98.9684,19.2105],[-98.9685,19.2106],[-98.9685,19.2106],[-98.9684,19.2106],[-98.9681,19.2106],[-98.9681,19.2106],[-98.9678,19.2107],[-98.9676,19.2111],[-98.9673,19.2115],[-98.9673,19.2115],[-98.9672,19.2116],[-98.9668,19.2118],[-98.9647,19.2130],[-98.9643,19.2132],[-98.9635,19.2130],[-98.9635,19.2130],[-98.9635,19.2131],[-98.9627,19.2141],[-98.9626,19.2141],[-98.9626,19.2141],[-98.9625,19.2141],[-98.9611,19.2140],[-98.9600,19.2139],[-98.9597,19.2139],[-98.9597,19.2139],[-98.9600,19.2143],[-98.9600,19.2144],[-98.9600,19.2144],[-98.9597,19.2145],[-98.9595,19.2146],[-98.9593,19.2146],[-98.9592,19.2146],[-98.9592,19.2146],[-98.9591,19.2147],[-98.9591,19.2147],[-98.9587,19.2148],[-98.9584,19.2149],[-98.9584,19.2149],[-98.9575,19.2151],[-98.9569,19.2151],[-98.9568,19.2150],[-98.9565,19.2150],[-98.9557,19.2149],[-98.9553,19.2148],[-98.9553,19.2148],[-98.9553,19.2148],[-98.9539,19.2146],[-98.9538,19.2150],[-98.9538,19.2150],[-98.9537,19.2153],[-98.9537,19.2154],[-98.9537,19.2154],[-98.9537,19.2154],[-98.9536,19.2154],[-98.9533,19.2154],[-98.9529,19.2153],[-98.9533,19.2155],[-98.9524,19.2162],[-98.9522,19.2166],[-98.9511,19.2182],[-98.9509,19.2181],[-98.9426,19.2156],[-98.9419,19.2180],[-98.9403,19.2232],[-98.9429,19.2241],[-98.9442,19.2244],[-98.9448,19.2246],[-98.9452,19.2249],[-98.9458,19.2250],[-98.9459,19.2250],[-98.9466,19.2252],[-98.9470,19.2253],[-98.9471,19.2253],[-98.9472,19.2254],[-98.9476,19.2255],[-98.9476,19.2255],[-98.9476,19.2255],[-98.9481,19.2257],[-98.9486,19.2258],[-98.9494,19.2261],[-98.9500,19.2263],[-98.9500,19.2263],[-98.9500,19.2263],[-98.9500,19.2263],[-98.9500,19.2263],[-98.9500,19.2263],[-98.9500,19.2263],[-98.9500,19.2263],[-98.9500,19.2263],[-98.9500,19.2263],[-98.9500,19.2263],[-98.9500,19.2263],[-98.9500,19.2263],[-98.9501,19.2263],[-98.9501,19.2263],[-98.9501,19.2263],[-98.9502,19.2263],[-98.9503,19.2264],[-98.9503,19.2264],[-98.9510,19.2266],[-98.9513,19.2267],[-98.9514,19.2267],[-98.9522,19.2270],[-98.9523,19.2270],[-98.9527,19.2271],[-98.9529,19.2272],[-98.9536,19.2274],[-98.9550,19.2279],[-98.9554,19.2280],[-98.9554,19.2280],[-98.9557,19.2281],[-98.9559,19.2282],[-98.9561,19.2282],[-98.9564,19.2283],[-98.9586,19.2290],[-98.9604,19.2296],[-98.9621,19.2302],[-98.9625,19.2303],[-98.9640,19.2308],[-98.9652,19.2311],[-98.9661,19.2314],[-98.9662,19.2315],[-98.9679,19.2320],[-98.9679,19.2320],[-98.9679,19.2320],[-98.9679,19.2320],[-98.9679,19.2320],[-98.9684,19.2321],[-98.9686,19.2322],[-98.9680,19.2364],[-98.9660,19.2499],[-98.9765,19.2531],[-98.9754,19.2575],[-98.9749,19.2595],[-98.9734,19.2677],[-98.9717,19.2766],[-98.9714,19.2784],[-98.9703,19.2858],[-98.9702,19.2863],[-98.9699,19.2884],[-98.9699,19.2884],[-98.9698,19.2887],[-98.9698,19.2892],[-98.9697,19.2899],[-98.9696,19.2902],[-98.9696,19.2903],[-98.9696,19.2903],[-98.9696,19.2904],[-98.9695,19.2909],[-98.9695,19.2912],[-98.9694,19.2914],[-98.9694,19.2915],[-98.9693,19.2920],[-98.9693,19.2923],[-98.9692,19.2926],[-98.9692,19.2929],[-98.9692,19.2930],[-98.9692,19.2931],[-98.9692,19.2931],[-98.9692,19.2932],[-98.9691,19.2936],[-98.9691,19.2936],[-98.9691,19.2937],[-98.9690,19.2939],[-98.9690,19.2939],[-98.9690,19.2941],[-98.9690,19.2942],[-98.9689,19.2947],[-98.9689,19.2947],[-98.9689,19.2947],[-98.9689,19.2947],[-98.9689,19.2947],[-98.9689,19.2948],[-98.9689,19.2951],[-98.9688,19.2953],[-98.9688,19.2954],[-98.9688,19.2956],[-98.9688,19.2956],[-98.9688,19.2958],[-98.9687,19.2960],[-98.9687,19.2964],[-98.9686,19.2967],[-98.9686,19.2969],[-98.9686,19.2971],[-98.9686,19.2971],[-98.9685,19.2974],[-98.9685,19.2975],[-98.9684,19.2978],[-98.9684,19.2980],[-98.9684,19.2981],[-98.9683,19.2985],[-98.9683,19.2986],[-98.9683,19.2987],[-98.9683,19.2988],[-98.9683,19.2988],[-98.9683,19.2989],[-98.9683,19.2989],[-98.9683,19.2989],[-98.9683,19.2989],[-98.9683,19.2989],[-98.9683,19.2990],[-98.9683,19.2990],[-98.9683,19.2990],[-98.9683,19.2990],[-98.9683,19.2990],[-98.9683,19.2991],[-98.9683,19.2991],[-98.9683,19.2991],[-98.9683,19.2991],[-98.9682,19.2991],[-98.9682,19.2991],[-98.9682,19.2991],[-98.9682,19.2991],[-98.9682,19.2992],[-98.9682,19.2992],[-98.9682,19.2992],[-98.9682,19.2992],[-98.9682,19.2992],[-98.9682,19.2992],[-98.9682,19.2992],[-98.9682,19.2992],[-98.9682,19.2992],[-98.9682,19.2992],[-98.9682,19.2992],[-98.9682,19.2992],[-98.9682,19.2992],[-98.9682,19.2993],[-98.9682,19.2994],[-98.9682,19.2994],[-98.9682,19.2995],[-98.9682,19.2996],[-98.9682,19.2996],[-98.9681,19.2999],[-98.9681,19.3003],[-98.9680,19.3006],[-98.9680,19.3009],[-98.9680,19.3010],[-98.9679,19.3013],[-98.9679,19.3016],[-98.9679,19.3016],[-98.9678,19.3021],[-98.9678,19.3023],[-98.9678,19.3024],[-98.9677,19.3027],[-98.9677,19.3031],[-98.9676,19.3034],[-98.9676,19.3034],[-98.9676,19.3035],[-98.9676,19.3036],[-98.9676,19.3036],[-98.9676,19.3036],[-98.9676,19.3037],[-98.9676,19.3037],[-98.9676,19.3037],[-98.9676,19.3038],[-98.9675,19.3044],[-98.9673,19.3054],[-98.9673,19.3057],[-98.9672,19.3058],[-98.9672,19.3059],[-98.9672,19.3059],[-98.9672,19.3059],[-98.9672,19.3060],[-98.9672,19.3060],[-98.9672,19.3060],[-98.9672,19.3060],[-98.9672,19.3060],[-98.9672,19.3060],[-98.9672,19.3060],[-98.9672,19.3060],[-98.9672,19.3060],[-98.9672,19.3060],[-98.9672,19.3060],[-98.9672,19.3060],[-98.9672,19.3060],[-98.9672,19.3060],[-98.9672,19.3060],[-98.9672,19.3060],[-98.9672,19.3060],[-98.9672,19.3060],[-98.9672,19.3060],[-98.9671,19.3060],[-98.9671,19.3060],[-98.9669,19.3060],[-98.9669,19.3060],[-98.9669,19.3060],[-98.9668,19.3060],[-98.9668,19.3060],[-98.9667,19.3060],[-98.9667,19.3060],[-98.9666,19.3060],[-98.9664,19.3060],[-98.9663,19.3060],[-98.9660,19.3061],[-98.9660,19.3061],[-98.9656,19.3062],[-98.9654,19.3063],[-98.9654,19.3063],[-98.9651,19.3066],[-98.9649,19.3068],[-98.9648,19.3069],[-98.9645,19.3076],[-98.9644,19.3079],[-98.9644,19.3079],[-98.9644,19.3079],[-98.9644,19.3079],[-98.9644,19.3079],[-98.9644,19.3079],[-98.9644,19.3080],[-98.9644,19.3080],[-98.9644,19.3080],[-98.9644,19.3080],[-98.9644,19.3080],[-98.9644,19.3080],[-98.9644,19.3080],[-98.9644,19.3080],[-98.9644,19.3080],[-98.9644,19.3081],[-98.9644,19.3081],[-98.9644,19.3081],[-98.9644,19.3081],[-98.9644,19.3081],[-98.9644,19.3082],[-98.9644,19.3082],[-98.9643,19.3082],[-98.9643,19.3082],[-98.9643,19.3085],[-98.9643,19.3087],[-98.9642,19.3089],[-98.9642,19.3089],[-98.9642,19.3090],[-98.9642,19.3090],[-98.9642,19.3090],[-98.9641,19.3100],[-98.9641,19.3100],[-98.9641,19.3100],[-98.9641,19.3100],[-98.9641,19.3100],[-98.9640,19.3105],[-98.9640,19.3106],[-98.9639,19.3107],[-98.9639,19.3108],[-98.9639,19.3108],[-98.9639,19.3109],[-98.9639,19.3109],[-98.9639,19.3110],[-98.9639,19.3110],[-98.9639,19.3111],[-98.9639,19.3111],[-98.9639,19.3111],[-98.9639,19.3111],[-98.9639,19.3111],[-98.9639,19.3111],[-98.9639,19.3111],[-98.9639,19.3111],[-98.9639,19.3111],[-98.9637,19.3121],[-98.9637,19.3121],[-98.9637,19.3121],[-98.9637,19.3121],[-98.9637,19.3122],[-98.9637,19.3125],[-98.9637,19.3125],[-98.9636,19.3135],[-98.9635,19.3140],[-98.9634,19.3143],[-98.9634,19.3143],[-98.9634,19.3145],[-98.9633,19.3150],[-98.9630,19.3166],[-98.9630,19.3166],[-98.9630,19.3166],[-98.9630,19.3166],[-98.9630,19.3166],[-98.9630,19.3167],[-98.9626,19.3173],[-98.9619,19.3181],[-98.9614,19.3188],[-98.9611,19.3191],[-98.9609,19.3195],[-98.9593,19.3215],[-98.9593,19.3215],[-98.9592,19.3217],[-98.9590,19.3219],[-98.9579,19.3232],[-98.9582,19.3235],[-98.9584,19.3236],[-98.9590,19.3242],[-98.9604,19.3253],[-98.9604,19.3254],[-98.9604,19.3254],[-98.9608,19.3257],[-98.9609,19.3257],[-98.9611,19.3259],[-98.9612,19.3260],[-98.9612,19.3260],[-98.9613,19.3261],[-98.9615,19.3263],[-98.9625,19.3271],[-98.9630,19.3275],[-98.9638,19.3282],[-98.9640,19.3284],[-98.9653,19.3294],[-98.9653,19.3295],[-98.9654,19.3295],[-98.9654,19.3296],[-98.9657,19.3298],[-98.9661,19.3301],[-98.9665,19.3305],[-98.9668,19.3307],[-98.9669,19.3308],[-98.9672,19.3310],[-98.9673,19.3311],[-98.9677,19.3314],[-98.9677,19.3314],[-98.9680,19.3317],[-98.9680,19.3317],[-98.9681,19.3318],[-98.9683,19.3320],[-98.9684,19.3320],[-98.9698,19.3332],[-98.9699,19.3333],[-98.9702,19.3336],[-98.9706,19.3339],[-98.9712,19.3344],[-98.9716,19.3348],[-98.9719,19.3350],[-98.9726,19.3355],[-98.9728,19.3357],[-98.9728,19.3357],[-98.9729,19.3358],[-98.9733,19.3362],[-98.9739,19.3366],[-98.9739,19.3366],[-98.9739,19.3366],[-98.9739,19.3367],[-98.9740,19.3368],[-98.9740,19.3368],[-98.9741,19.3369],[-98.9741,19.3369],[-98.9742,19.3369],[-98.9743,19.3370],[-98.9743,19.3370],[-98.9743,19.3370],[-98.9743,19.3370],[-98.9743,19.3370],[-98.9743,19.3370],[-98.9743,19.3370],[-98.9743,19.3370],[-98.9743,19.3370],[-98.9743,19.3370],[-98.9743,19.3370],[-98.9746,19.3374],[-98.9750,19.3377],[-98.9752,19.3380],[-98.9755,19.3383],[-98.9758,19.3389],[-98.9758,19.3389],[-98.9761,19.3393],[-98.9765,19.3398],[-98.9772,19.3410],[-98.9773,19.3412],[-98.9775,19.3416],[-98.9778,19.3421],[-98.9778,19.3421],[-98.9781,19.3424],[-98.9781,19.3424],[-98.9781,19.3424],[-98.9781,19.3424],[-98.9785,19.3430],[-98.9788,19.3433],[-98.9790,19.3435],[-98.9790,19.3435],[-98.9792,19.3437],[-98.9795,19.3440],[-98.9796,19.3441],[-98.9799,19.3443],[-98.9806,19.3450],[-98.9807,19.3451],[-98.9813,19.3457],[-98.9815,19.3459],[-98.9822,19.3466],[-98.9824,19.3468],[-98.9826,19.3469],[-98.9839,19.3482],[-98.9845,19.3488],[-98.9847,19.3490],[-98.9848,19.3491],[-98.9852,19.3495],[-98.9855,19.3497],[-98.9859,19.3501],[-98.9860,19.3503],[-98.9872,19.3514],[-98.9876,19.3518],[-98.9876,19.3518],[-98.9881,19.3522],[-98.9888,19.3529],[-98.9892,19.3533],[-98.9896,19.3537],[-98.9901,19.3542],[-98.9906,19.3546],[-98.9907,19.3548],[-98.9909,19.3549],[-98.9910,19.3550],[-98.9914,19.3554],[-98.9915,19.3555],[-98.9916,19.3556],[-98.9925,19.3563],[-98.9925,19.3563],[-98.9938,19.3574],[-98.9943,19.3579],[-98.9946,19.3581],[-98.9946,19.3581],[-98.9945,19.3586],[-98.9944,19.3588],[-98.9942,19.3590],[-98.9941,19.3593],[-98.9936,19.3601],[-98.9935,19.3603],[-98.9935,19.3604],[-98.9934,19.3607],[-98.9931,19.3616],[-98.9931,19.3617],[-98.9930,19.3621],[-98.9930,19.3622],[-98.9929,19.3624],[-98.9929,19.3625],[-98.9929,19.3626],[-98.9929,19.3627],[-98.9928,19.3630],[-98.9928,19.3630],[-98.9927,19.3631],[-98.9927,19.3634],[-98.9926,19.3635],[-98.9926,19.3636],[-98.9926,19.3637],[-98.9926,19.3638],[-98.9925,19.3641],[-98.9925,19.3643],[-98.9924,19.3645],[-98.9923,19.3648],[-98.9923,19.3650],[-98.9923,19.3651],[-98.9922,19.3654],[-98.9921,19.3659],[-98.9920,19.3660],[-98.9920,19.3662],[-98.9920,19.3663],[-98.9919,19.3664],[-98.9919,19.3665],[-98.9919,19.3666],[-98.9919,19.3667],[-98.9918,19.3669],[-98.9918,19.3670],[-98.9918,19.3670],[-98.9918,19.3675],[-98.9919,19.3676],[-98.9919,19.3676],[-98.9922,19.3677],[-98.9923,19.3678],[-98.9923,19.3678],[-98.9923,19.3678],[-98.9926,19.3680],[-98.9926,19.3680],[-98.9926,19.3680],[-98.9926,19.3680],[-98.9926,19.3680],[-98.9926,19.3680],[-98.9929,19.3682],[-98.9930,19.3683],[-98.9932,19.3684],[-98.9934,19.3685],[-98.9936,19.3686],[-98.9939,19.3687],[-98.9940,19.3688],[-98.9941,19.3689],[-98.9942,19.3689],[-98.9943,19.3690],[-98.9943,19.3690],[-98.9943,19.3690],[-98.9943,19.3690],[-98.9943,19.3690],[-98.9943,19.3690],[-98.9946,19.3692],[-98.9947,19.3692],[-98.9949,19.3693],[-98.9951,19.3695],[-98.9953,19.3696],[-98.9954,19.3696],[-98.9956,19.3698],[-98.9956,19.3698],[-98.9956,19.3698],[-98.9956,19.3698],[-98.9958,19.3699],[-98.9960,19.3700],[-98.9962,19.3701],[-98.9964,19.3702],[-98.9965,19.3703],[-98.9968,19.3705],[-98.9968,19.3705],[-98.9968,19.3705],[-98.9968,19.3705],[-98.9968,19.3705],[-98.9968,19.3705],[-98.9968,19.3705],[-98.9972,19.3707],[-98.9972,19.3707],[-98.9975,19.3709],[-98.9975,19.3709],[-98.9976,19.3709],[-98.9976,19.3709],[-98.9976,19.3709],[-98.9978,19.3710],[-98.9979,19.3711],[-98.9981,19.3712],[-98.9982,19.3713],[-98.9983,19.3714],[-98.9986,19.3715],[-98.9990,19.3718],[-98.9994,19.3720],[-98.9995,19.3720],[-98.9998,19.3722],[-99.0001,19.3724],[-99.0002,19.3724],[-99.0002,19.3725],[-99.0006,19.3727],[-99.0010,19.3729],[-99.0014,19.3732],[-99.0018,19.3734],[-99.0022,19.3736],[-99.0026,19.3739],[-99.0029,19.3740],[-99.0029,19.3740],[-99.0033,19.3743],[-99.0038,19.3745],[-99.0042,19.3748],[-99.0042,19.3748],[-99.0046,19.3750],[-99.0048,19.3751],[-99.0050,19.3753],[-99.0054,19.3755],[-99.0057,19.3757],[-99.0058,19.3757],[-99.0062,19.3759],[-99.0065,19.3762],[-99.0069,19.3764],[-99.0073,19.3766],[-99.0075,19.3767],[-99.0077,19.3768],[-99.0077,19.3769],[-99.0077,19.3769],[-99.0080,19.3770],[-99.0080,19.3771],[-99.0084,19.3773],[-99.0084,19.3773],[-99.0086,19.3774],[-99.0086,19.3774],[-99.0087,19.3774],[-99.0088,19.3775],[-99.0090,19.3776],[-99.0090,19.3776],[-99.0091,19.3777],[-99.0092,19.3778],[-99.0092,19.3778],[-99.0092,19.3778],[-99.0093,19.3778],[-99.0093,19.3778],[-99.0093,19.3778],[-99.0094,19.3779],[-99.0095,19.3779],[-99.0096,19.3780],[-99.0096,19.3780],[-99.0099,19.3781],[-99.0102,19.3783],[-99.0105,19.3785],[-99.0110,19.3787],[-99.0110,19.3788],[-99.0115,19.3790],[-99.0118,19.3792],[-99.0119,19.3792],[-99.0124,19.3795],[-99.0125,19.3796],[-99.0128,19.3797],[-99.0133,19.3800],[-99.0133,19.3800],[-99.0137,19.3802],[-99.0141,19.3804],[-99.0142,19.3804],[-99.0146,19.3807],[-99.0147,19.3807],[-99.0151,19.3809],[-99.0151,19.3809],[-99.0156,19.3812],[-99.0158,19.3813],[-99.0160,19.3814],[-99.0164,19.3816],[-99.0165,19.3817],[-99.0169,19.3819],[-99.0170,19.3819],[-99.0172,19.3820],[-99.0172,19.3820],[-99.0172,19.3820],[-99.0175,19.3822],[-99.0179,19.3824],[-99.0179,19.3824],[-99.0180,19.3824],[-99.0183,19.3826],[-99.0187,19.3828],[-99.0188,19.3828],[-99.0191,19.3830],[-99.0196,19.3832],[-99.0196,19.3833],[-99.0199,19.3834],[-99.0201,19.3835],[-99.0203,19.3836],[-99.0203,19.3836],[-99.0208,19.3838],[-99.0211,19.3840],[-99.0212,19.3840],[-99.0216,19.3842],[-99.0219,19.3844],[-99.0220,19.3844],[-99.0224,19.3845],[-99.0224,19.3845],[-99.0227,19.3847],[-99.0228,19.3847],[-99.0232,19.3849],[-99.0235,19.3851],[-99.0236,19.3851],[-99.0240,19.3853],[-99.0244,19.3855],[-99.0248,19.3856],[-99.0249,19.3857],[-99.0250,19.3857],[-99.0252,19.3858],[-99.0255,19.3860],[-99.0259,19.3861],[-99.0262,19.3863],[-99.0263,19.3863],[-99.0267,19.3865],[-99.0270,19.3867],[-99.0275,19.3869],[-99.0277,19.3869],[-99.0279,19.3871],[-99.0283,19.3872],[-99.0287,19.3874],[-99.0287,19.3874],[-99.0291,19.3876],[-99.0291,19.3876],[-99.0291,19.3876],[-99.0291,19.3876],[-99.0291,19.3876],[-99.0291,19.3876],[-99.0291,19.3876],[-99.0291,19.3876],[-99.0291,19.3876],[-99.0295,19.3878],[-99.0299,19.3879],[-99.0300,19.3880],[-99.0303,19.3881],[-99.0307,19.3883],[-99.0308,19.3883],[-99.0310,19.3885],[-99.0314,19.3886],[-99.0315,19.3887],[-99.0319,19.3888],[-99.0323,19.3890],[-99.0327,19.3892],[-99.0329,19.3893],[-99.0331,19.3894],[-99.0335,19.3896],[-99.0336,19.3896],[-99.0339,19.3898],[-99.0346,19.3901],[-99.0346,19.3901],[-99.0349,19.3902],[-99.0353,19.3904],[-99.0357,19.3906],[-99.0357,19.3906],[-99.0362,19.3908],[-99.0365,19.3910],[-99.0369,19.3912],[-99.0371,19.3913],[-99.0373,19.3913],[-99.0377,19.3915],[-99.0381,19.3917],[-99.0382,19.3917],[-99.0385,19.3919],[-99.0385,19.3919],[-99.0385,19.3919],[-99.0385,19.3919],[-99.0385,19.3919],[-99.0389,19.3921],[-99.0393,19.3923],[-99.0397,19.3924],[-99.0400,19.3926],[-99.0402,19.3926],[-99.0404,19.3928],[-99.0408,19.3930],[-99.0409,19.3930],[-99.0412,19.3931],[-99.0416,19.3933],[-99.0418,19.3934],[-99.0418,19.3934],[-99.0423,19.3936],[-99.0423,19.3936],[-99.0423,19.3936],[-99.0423,19.3936],[-99.0423,19.3936],[-99.0427,19.3938],[-99.0431,19.3940],[-99.0433,19.3941],[-99.0435,19.3942],[-99.0439,19.3944],[-99.0443,19.3946],[-99.0445,19.3946],[-99.0446,19.3947],[-99.0447,19.3947],[-99.0453,19.3950],[-99.0457,19.3952],[-99.0458,19.3952],[-99.0463,19.3955],[-99.0469,19.3957],[-99.0470,19.3958],[-99.0474,19.3959],[-99.0478,19.3961],[-99.0479,19.3962],[-99.0479,19.3962],[-99.0480,19.3962],[-99.0482,19.3963],[-99.0485,19.3964],[-99.0488,19.3966],[-99.0492,19.3967],[-99.0492,19.3968],[-99.0496,19.3970],[-99.0501,19.3972],[-99.0505,19.3974],[-99.0507,19.3974],[-99.0509,19.3975],[-99.0513,19.3977],[-99.0514,19.3978],[-99.0519,19.3980],[-99.0525,19.3982],[-99.0526,19.3983],[-99.0529,19.3984],[-99.0533,19.3986],[-99.0538,19.3989],[-99.0539,19.3989],[-99.0542,19.3990],[-99.0549,19.3994],[-99.0549,19.3994],[-99.0549,19.3994],[-99.0549,19.3994],[-99.0550,19.3994],[-99.0556,19.3996],[-99.0561,19.3999],[-99.0563,19.3999],[-99.0576,19.4005],[-99.0579,19.4006],[-99.0581,19.4007],[-99.0581,19.4007],[-99.0581,19.4008],[-99.0581,19.4010],[-99.0579,19.4027],[-99.0579,19.4034],[-99.0578,19.4039],[-99.0578,19.4043],[-99.0577,19.4047],[-99.0577,19.4049],[-99.0577,19.4054],[-99.0576,19.4058],[-99.0576,19.4063],[-99.0575,19.4066],[-99.0575,19.4067],[-99.0575,19.4070],[-99.0574,19.4079],[-99.0574,19.4082],[-99.0573,19.4086],[-99.0572,19.4093],[-99.0572,19.4097],[-99.0572,19.4098],[-99.0572,19.4101],[-99.0571,19.4107],[-99.0571,19.4109],[-99.0569,19.4123],[-99.0569,19.4124],[-99.0568,19.4130],[-99.0568,19.4132],[-99.0568,19.4135],[-99.0568,19.4138],[-99.0567,19.4141],[-99.0567,19.4146],[-99.0567,19.4148],[-99.0566,19.4150],[-99.0566,19.4157],[-99.0566,19.4159],[-99.0565,19.4167],[-99.0564,19.4171],[-99.0564,19.4175],[-99.0563,19.4182],[-99.0563,19.4182],[-99.0563,19.4182],[-99.0562,19.4193],[-99.0562,19.4193],[-99.0562,19.4193],[-99.0561,19.4198],[-99.0560,19.4205],[-99.0560,19.4205],[-99.0559,19.4216],[-99.0558,19.4220],[-99.0558,19.4221],[-99.0556,19.4227],[-99.0553,19.4239],[-99.0553,19.4239],[-99.0552,19.4243],[-99.0549,19.4248],[-99.0548,19.4251],[-99.0547,19.4253],[-99.0547,19.4254],[-99.0544,19.4260],[-99.0544,19.4260],[-99.0542,19.4263],[-99.0541,19.4267],[-99.0540,19.4268],[-99.0526,19.4300],[-99.0524,19.4303],[-99.0523,19.4306],[-99.0513,19.4330],[-99.0510,19.4338],[-99.0506,19.4347],[-99.0499,19.4360],[-99.0485,19.4391],[-99.0482,19.4396],[-99.0478,19.4403],[-99.0473,19.4411],[-99.0472,19.4412],[-99.0469,19.4417],[-99.0467,19.4421],[-99.0467,19.4421],[-99.0465,19.4424],[-99.0471,19.4431],[-99.0474,19.4438],[-99.0474,19.4439],[-99.0475,19.4440],[-99.0478,19.4446],[-99.0479,19.4448],[-99.0479,19.4448],[-99.0487,19.4463],[-99.0488,19.4464],[-99.0489,19.4466],[-99.0494,19.4474],[-99.0498,19.4481],[-99.0498,19.4482],[-99.0499,19.4485],[-99.0507,19.4499],[-99.0507,19.4499],[-99.0507,19.4500],[-99.0508,19.4501],[-99.0508,19.4501],[-99.0508,19.4501],[-99.0509,19.4502],[-99.0509,19.4502],[-99.0509,19.4502],[-99.0509,19.4503],[-99.0511,19.4506],[-99.0511,19.4506],[-99.0511,19.4507],[-99.0517,19.4521],[-99.0518,19.4523],[-99.0518,19.4523],[-99.0520,19.4526],[-99.0520,19.4527],[-99.0521,19.4530],[-99.0522,19.4531],[-99.0523,19.4534],[-99.0523,19.4534],[-99.0523,19.4534],[-99.0523,19.4535],[-99.0525,19.4539],[-99.0525,19.4539],[-99.0525,19.4539],[-99.0525,19.4539],[-99.0525,19.4539],[-99.0525,19.4540],[-99.0525,19.4540],[-99.0527,19.4543],[-99.0527,19.4543],[-99.0527,19.4543],[-99.0527,19.4543],[-99.0528,19.4546],[-99.0528,19.4547],[-99.0529,19.4547],[-99.0529,19.4547],[-99.0530,19.4551],[-99.0530,19.4551],[-99.0530,19.4551],[-99.0530,19.4551],[-99.0530,19.4551],[-99.0532,19.4555],[-99.0532,19.4555],[-99.0532,19.4555],[-99.0532,19.4555],[-99.0532,19.4555],[-99.0532,19.4555],[-99.0532,19.4555],[-99.0534,19.4558],[-99.0534,19.4559],[-99.0534,19.4559],[-99.0535,19.4562],[-99.0536,19.4563],[-99.0536,19.4564],[-99.0537,19.4567],[-99.0538,19.4568],[-99.0539,19.4572],[-99.0539,19.4572],[-99.0541,19.4576],[-99.0541,19.4576],[-99.0543,19.4580],[-99.0543,19.4580],[-99.0544,19.4583],[-99.0545,19.4584],[-99.0547,19.4588],[-99.0547,19.4588],[-99.0548,19.4591],[-99.0549,19.4593],[-99.0550,19.4597],[-99.0553,19.4602],[-99.0559,19.4618],[-99.0560,19.4618],[-99.0561,19.4621],[-99.0563,19.4627],[-99.0565,19.4633],[-99.0566,19.4633],[-99.0572,19.4647],[-99.0576,19.4654],[-99.0577,19.4658],[-99.0579,19.4662],[-99.0587,19.4679],[-99.0591,19.4688],[-99.0591,19.4689],[-99.0591,19.4689],[-99.0591,19.4689],[-99.0591,19.4689],[-99.0591,19.4689],[-99.0591,19.4689],[-99.0591,19.4689],[-99.0591,19.4689],[-99.0592,19.4691],[-99.0595,19.4696],[-99.0604,19.4718],[-99.0608,19.4728],[-99.0609,19.4729],[-99.0614,19.4742],[-99.0614,19.4743],[-99.0618,19.4752],[-99.0625,19.4766],[-99.0625,19.4766],[-99.0626,19.4770],[-99.0630,19.4778],[-99.0634,19.4786],[-99.0630,19.4798],[-99.0636,19.4800],[-99.0633,19.4813],[-99.0633,19.4813],[-99.0637,19.4814],[-99.0637,19.4814],[-99.0637,19.4814],[-99.0637,19.4814],[-99.0640,19.4814],[-99.0642,19.4815],[-99.0645,19.4815],[-99.0646,19.4816],[-99.0647,19.4817],[-99.0649,19.4818],[-99.0651,19.4825],[-99.0652,19.4825],[-99.0654,19.4831],[-99.0654,19.4831],[-99.0654,19.4832],[-99.0655,19.4833],[-99.0657,19.4838],[-99.0658,19.4840],[-99.0659,19.4844],[-99.0661,19.4847],[-99.0661,19.4847],[-99.0662,19.4850],[-99.0663,19.4852],[-99.0663,19.4853],[-99.0665,19.4856],[-99.0666,19.4859],[-99.0667,19.4862],[-99.0667,19.4863],[-99.0670,19.4869],[-99.0670,19.4870],[-99.0671,19.4872],[-99.0673,19.4876],[-99.0673,19.4877],[-99.0675,19.4881],[-99.0675,19.4881],[-99.0676,19.4883],[-99.0676,19.4884],[-99.0679,19.4889],[-99.0679,19.4890],[-99.0680,19.4891],[-99.0680,19.4892],[-99.0674,19.4904],[-99.0672,19.4909],[-99.0671,19.4912],[-99.0669,19.4916],[-99.0668,19.4920],[-99.0667,19.4922],[-99.0667,19.4923],[-99.0666,19.4924],[-99.0663,19.4932],[-99.0661,19.4937],[-99.0661,19.4937],[-99.0661,19.4937],[-99.0661,19.4937],[-99.0661,19.4937],[-99.0661,19.4937],[-99.0659,19.4941],[-99.0655,19.4950],[-99.0654,19.4952],[-99.0653,19.4956],[-99.0653,19.4956],[-99.0652,19.4957],[-99.0651,19.4959],[-99.0650,19.4963],[-99.0648,19.4966],[-99.0647,19.4969],[-99.0647,19.4970],[-99.0643,19.4977],[-99.0643,19.4978],[-99.0642,19.4980],[-99.0639,19.4988],[-99.0646,19.4991],[-99.0652,19.4993],[-99.0653,19.4993],[-99.0660,19.4996],[-99.0669,19.4999],[-99.0673,19.5001],[-99.0681,19.5004],[-99.0684,19.5005],[-99.0688,19.5007],[-99.0692,19.5008],[-99.0697,19.5010],[-99.0701,19.5012],[-99.0707,19.5014],[-99.0714,19.5017],[-99.0723,19.5020],[-99.0728,19.5022],[-99.0730,19.5023],[-99.0732,19.5024],[-99.0733,19.5024],[-99.0735,19.5025],[-99.0740,19.5027],[-99.0741,19.5027],[-99.0743,19.5028],[-99.0748,19.5029],[-99.0749,19.5030],[-99.0752,19.5031],[-99.0757,19.5033],[-99.0760,19.5034],[-99.0760,19.5034],[-99.0764,19.5036],[-99.0772,19.5039],[-99.0775,19.5040],[-99.0777,19.5041],[-99.0779,19.5042],[-99.0789,19.5046],[-99.0792,19.5048],[-99.0796,19.5049],[-99.0800,19.5051],[-99.0801,19.5051],[-99.0806,19.5054],[-99.0810,19.5055],[-99.0814,19.5057],[-99.0818,19.5059],[-99.0819,19.5059],[-99.0823,19.5061],[-99.0828,19.5063],[-99.0828,19.5063],[-99.0833,19.5065],[-99.0837,19.5067],[-99.0841,19.5069],[-99.0846,19.5071],[-99.0849,19.5073],[-99.0851,19.5073],[-99.0854,19.5075],[-99.0857,19.5076],[-99.0865,19.5079],[-99.0869,19.5081],[-99.0873,19.5082],[-99.0874,19.5083],[-99.0876,19.5084],[-99.0878,19.5085],[-99.0883,19.5087],[-99.0886,19.5088],[-99.0889,19.5089],[-99.0893,19.5091],[-99.0895,19.5092],[-99.0900,19.5093],[-99.0901,19.5094],[-99.0902,19.5094],[-99.0903,19.5094],[-99.0904,19.5095],[-99.0904,19.5095],[-99.0904,19.5095],[-99.0904,19.5095],[-99.0904,19.5095],[-99.0904,19.5095],[-99.0905,19.5095],[-99.0905,19.5095],[-99.0906,19.5096],[-99.0906,19.5096],[-99.0907,19.5096],[-99.0907,19.5096],[-99.0908,19.5097],[-99.0909,19.5097],[-99.0919,19.5102],[-99.0929,19.5106],[-99.0932,19.5107],[-99.0945,19.5113],[-99.0949,19.5115],[-99.0950,19.5116],[-99.0956,19.5118],[-99.0958,19.5119],[-99.0972,19.5125],[-99.0974,19.5126],[-99.0979,19.5125],[-99.0983,19.5124],[-99.0984,19.5124],[-99.0986,19.5123],[-99.0989,19.5123],[-99.0992,19.5122],[-99.0994,19.5121],[-99.0995,19.5121],[-99.0998,19.5120],[-99.1005,19.5119],[-99.1006,19.5118],[-99.1010,19.5118],[-99.1011,19.5117],[-99.1014,19.5117],[-99.1022,19.5115],[-99.1022,19.5115],[-99.1023,19.5115],[-99.1023,19.5115],[-99.1024,19.5115],[-99.1027,19.5114],[-99.1028,19.5114],[-99.1034,19.5113],[-99.1039,19.5111],[-99.1042,19.5109],[-99.1044,19.5108],[-99.1048,19.5107],[-99.1055,19.5103],[-99.1059,19.5099],[-99.1060,19.5100],[-99.1061,19.5102],[-99.1062,19.5102],[-99.1064,19.5103],[-99.1065,19.5103],[-99.1065,19.5103],[-99.1066,19.5104],[-99.1067,19.5104],[-99.1069,19.5103],[-99.1070,19.5102],[-99.1070,19.5102],[-99.1071,19.5101],[-99.1073,19.5097],[-99.1074,19.5099],[-99.1074,19.5100],[-99.1074,19.5103],[-99.1075,19.5104],[-99.1075,19.5107],[-99.1076,19.5110],[-99.1077,19.5109],[-99.1077,19.5109],[-99.1078,19.5105],[-99.1086,19.5105],[-99.1087,19.5106],[-99.1087,19.5107],[-99.1088,19.5108],[-99.1089,19.5109],[-99.1090,19.5111],[-99.1091,19.5107],[-99.1092,19.5106],[-99.1094,19.5103],[-99.1099,19.5105],[-99.1100,19.5106],[-99.1102,19.5110],[-99.1103,19.5111],[-99.1106,19.5112],[-99.1106,19.5112],[-99.1106,19.5112],[-99.1144,19.5111],[-99.1159,19.5131],[-99.1169,19.5132],[-99.1172,19.5135],[-99.1209,19.5162],[-99.1210,19.5163],[-99.1210,19.5163],[-99.1210,19.5163],[-99.1239,19.5191],[-99.1240,19.5192],[-99.1242,19.5194],[-99.1242,19.5195],[-99.1243,19.5196],[-99.1244,19.5196],[-99.1248,19.5200],[-99.1251,19.5203],[-99.1251,19.5203],[-99.1253,19.5205],[-99.1254,19.5206],[-99.1257,19.5210],[-99.1259,19.5212],[-99.1259,19.5213],[-99.1262,19.5217],[-99.1262,19.5217],[-99.1262,19.5217],[-99.1264,19.5222],[-99.1264,19.5223],[-99.1267,19.5228],[-99.1267,19.5228],[-99.1271,19.5235],[-99.1271,19.5235],[-99.1272,19.5238],[-99.1273,19.5239],[-99.1274,19.5240],[-99.1274,19.5241],[-99.1275,19.5242],[-99.1276,19.5242],[-99.1277,19.5243],[-99.1278,19.5244],[-99.1280,19.5245],[-99.1281,19.5253],[-99.1282,19.5259],[-99.1281,19.5266],[-99.1274,19.5317],[-99.1274,19.5351],[-99.1306,19.5361],[-99.1303,19.5365],[-99.1299,19.5370],[-99.1281,19.5394],[-99.1274,19.5401],[-99.1263,19.5413],[-99.1260,19.5416],[-99.1257,19.5420],[-99.1257,19.5420],[-99.1254,19.5424],[-99.1253,19.5425],[-99.1247,19.5434],[-99.1246,19.5434],[-99.1242,19.5440],[-99.1242,19.5440],[-99.1235,19.5447],[-99.1234,19.5448],[-99.1232,19.5450],[-99.1227,19.5454],[-99.1226,19.5456],[-99.1226,19.5458],[-99.1222,19.5464],[-99.1222,19.5465],[-99.1220,19.5469],[-99.1219,19.5471],[-99.1217,19.5474],[-99.1216,19.5477],[-99.1215,19.5481],[-99.1213,19.5485],[-99.1212,19.5487],[-99.1210,19.5491],[-99.1204,19.5498],[-99.1204,19.5499],[-99.1185,19.5522],[-99.1156,19.5540],[-99.1157,19.5558],[-99.1157,19.5567],[-99.1149,19.5576],[-99.1112,19.5615],[-99.1081,19.5649],[-99.1118,19.5687],[-99.1124,19.5712],[-99.1129,19.5733],[-99.1130,19.5737],[-99.1147,19.5798],[-99.1169,19.5814],[-99.1186,19.5845],[-99.1179,19.5906],[-99.1185,19.5911],[-99.1187,19.5913],[-99.1190,19.5915],[-99.1195,19.5920],[-99.1195,19.5920],[-99.1196,19.5920],[-99.1208,19.5922],[-99.1221,19.5925],[-99.1237,19.5928],[-99.1270,19.5885],[-99.1284,19.5880],[-99.1307,19.5871],[-99.1338,19.5862],[-99.1338,19.5849],[-99.1348,19.5839],[-99.1379,19.5811],[-99.1391,19.5785],[-99.1396,19.5754],[-99.1404,19.5748],[-99.1435,19.5723],[-99.1437,19.5722],[-99.1448,19.5708],[-99.1458,19.5687],[-99.1459,19.5675],[-99.1459,19.5675],[-99.1460,19.5659],[-99.1468,19.5646],[-99.1490,19.5624],[-99.1492,19.5620],[-99.1509,19.5605],[-99.1516,19.5614],[-99.1528,19.5620],[-99.1533,19.5616],[-99.1542,19.5614],[-99.1561,19.5602],[-99.1581,19.5574],[-99.1580,19.5565],[-99.1578,19.5560],[-99.1576,19.5550],[-99.1581,19.5537],[-99.1593,19.5519],[-99.1609,19.5493],[-99.1601,19.5491],[-99.1600,19.5491],[-99.1598,19.5492],[-99.1597,19.5492],[-99.1595,19.5492],[-99.1593,19.5492],[-99.1592,19.5492],[-99.1592,19.5492],[-99.1593,19.5491],[-99.1594,19.5490],[-99.1593,19.5490],[-99.1585,19.5488],[-99.1585,19.5487],[-99.1586,19.5483],[-99.1582,19.5481],[-99.1581,19.5481],[-99.1576,19.5478],[-99.1570,19.5476],[-99.1566,19.5474],[-99.1559,19.5471],[-99.1554,19.5469],[-99.1554,19.5469],[-99.1553,19.5469],[-99.1547,19.5465],[-99.1544,19.5464],[-99.1542,19.5463],[-99.1530,19.5458],[-99.1529,19.5457],[-99.1529,19.5457],[-99.1515,19.5451],[-99.1511,19.5449],[-99.1511,19.5448],[-99.1512,19.5446],[-99.1514,19.5443],[-99.1516,19.5439],[-99.1520,19.5434],[-99.1520,19.5434],[-99.1521,19.5432],[-99.1521,19.5432],[-99.1521,19.5432],[-99.1521,19.5432],[-99.1521,19.5432],[-99.1521,19.5432],[-99.1521,19.5432],[-99.1523,19.5429],[-99.1524,19.5427],[-99.1526,19.5423],[-99.1529,19.5419],[-99.1532,19.5414],[-99.1533,19.5414],[-99.1533,19.5412],[-99.1536,19.5409],[-99.1539,19.5403],[-99.1540,19.5403],[-99.1541,19.5401],[-99.1546,19.5394],[-99.1553,19.5386],[-99.1560,19.5377],[-99.1567,19.5369],[-99.1571,19.5365],[-99.1573,19.5362],[-99.1579,19.5354],[-99.1579,19.5354],[-99.1580,19.5353],[-99.1585,19.5339],[-99.1584,19.5339],[-99.1578,19.5335],[-99.1571,19.5331],[-99.1570,19.5331],[-99.1558,19.5324],[-99.1559,19.5324],[-99.1561,19.5321],[-99.1565,19.5316],[-99.1567,19.5314],[-99.1567,19.5314],[-99.1569,19.5311],[-99.1572,19.5307],[-99.1574,19.5305],[-99.1574,19.5304],[-99.1574,19.5304],[-99.1575,19.5303],[-99.1583,19.5292],[-99.1584,19.5291],[-99.1584,19.5291],[-99.1585,19.5290],[-99.1586,19.5289],[-99.1583,19.5288],[-99.1571,19.5283],[-99.1568,19.5281],[-99.1573,19.5279],[-99.1588,19.5273],[-99.1590,19.5271],[-99.1592,19.5269],[-99.1596,19.5270],[-99.1599,19.5271],[-99.1603,19.5272],[-99.1607,19.5273],[-99.1610,19.5274],[-99.1612,19.5275],[-99.1617,19.5276],[-99.1617,19.5276],[-99.1618,19.5276],[-99.1620,19.5277],[-99.1621,19.5277],[-99.1622,19.5277],[-99.1626,19.5279],[-99.1628,19.5279],[-99.1630,19.5280],[-99.1642,19.5283],[-99.1646,19.5284],[-99.1652,19.5286],[-99.1658,19.5287],[-99.1663,19.5289],[-99.1667,19.5290],[-99.1674,19.5292],[-99.1677,19.5293],[-99.1677,19.5293],[-99.1680,19.5294],[-99.1681,19.5294],[-99.1686,19.5296],[-99.1687,19.5296],[-99.1691,19.5298],[-99.1699,19.5300],[-99.1700,19.5300],[-99.1704,19.5302],[-99.1704,19.5302],[-99.1715,19.5306],[-99.1716,19.5306],[-99.1719,19.5307],[-99.1720,19.5307],[-99.1723,19.5309],[-99.1724,19.5309],[-99.1726,19.5310],[-99.1741,19.5316],[-99.1745,19.5317],[-99.1750,19.5319],[-99.1754,19.5320],[-99.1760,19.5320],[-99.1761,19.5318],[-99.1763,19.5310],[-99.1763,19.5307],[-99.1763,19.5306],[-99.1770,19.5293],[-99.1766,19.5291],[-99.1766,19.5291],[-99.1763,19.5289],[-99.1762,19.5289],[-99.1762,19.5289],[-99.1758,19.5295],[-99.1755,19.5298],[-99.1754,19.5301],[-99.1753,19.5300],[-99.1744,19.5294],[-99.1738,19.5290],[-99.1735,19.5287],[-99.1734,19.5287],[-99.1730,19.5284],[-99.1728,19.5283],[-99.1726,19.5281],[-99.1726,19.5281],[-99.1725,19.5280],[-99.1721,19.5277],[-99.1718,19.5275],[-99.1718,19.5275],[-99.1714,19.5272],[-99.1719,19.5267],[-99.1721,19.5265],[-99.1724,19.5263],[-99.1731,19.5256],[-99.1731,19.5255],[-99.1735,19.5252],[-99.1738,19.5249],[-99.1740,19.5247],[-99.1742,19.5245],[-99.1745,19.5243],[-99.1746,19.5241],[-99.1744,19.5237],[-99.1743,19.5236],[-99.1742,19.5235],[-99.1737,19.5233],[-99.1732,19.5232],[-99.1730,19.5231],[-99.1728,19.5230],[-99.1726,19.5230],[-99.1723,19.5229],[-99.1718,19.5227],[-99.1718,19.5227],[-99.1714,19.5226],[-99.1709,19.5224],[-99.1708,19.5224],[-99.1705,19.5223],[-99.1704,19.5222],[-99.1700,19.5221],[-99.1695,19.5218],[-99.1691,19.5215],[-99.1686,19.5213],[-99.1682,19.5210],[-99.1678,19.5208],[-99.1678,19.5208],[-99.1678,19.5208],[-99.1678,19.5208],[-99.1673,19.5205],[-99.1673,19.5205],[-99.1673,19.5205],[-99.1668,19.5202],[-99.1664,19.5200],[-99.1660,19.5197],[-99.1647,19.5190],[-99.1647,19.5190],[-99.1647,19.5190],[-99.1647,19.5190],[-99.1647,19.5190],[-99.1647,19.5190],[-99.1641,19.5186],[-99.1636,19.5183],[-99.1630,19.5180],[-99.1629,19.5177],[-99.1625,19.5167],[-99.1623,19.5162],[-99.1622,19.5160],[-99.1618,19.5148],[-99.1613,19.5135],[-99.1611,19.5130],[-99.1610,19.5127],[-99.1610,19.5127],[-99.1608,19.5124],[-99.1608,19.5124],[-99.1608,19.5124],[-99.1608,19.5124],[-99.1608,19.5124],[-99.1607,19.5119],[-99.1602,19.5107],[-99.1596,19.5092],[-99.1596,19.5091],[-99.1595,19.5089],[-99.1595,19.5089],[-99.1595,19.5089],[-99.1595,19.5088],[-99.1590,19.5077],[-99.1590,19.5077],[-99.1590,19.5077],[-99.1590,19.5077],[-99.1590,19.5077],[-99.1590,19.5077],[-99.1589,19.5072],[-99.1588,19.5072],[-99.1584,19.5061],[-99.1584,19.5059],[-99.1579,19.5047],[-99.1578,19.5043],[-99.1577,19.5042],[-99.1572,19.5028],[-99.1593,19.5035],[-99.1597,19.5037],[-99.1597,19.5037],[-99.1601,19.5038],[-99.1602,19.5038],[-99.1603,19.5038],[-99.1604,19.5039],[-99.1607,19.5040],[-99.1611,19.5041],[-99.1614,19.5042],[-99.1616,19.5043],[-99.1618,19.5043],[-99.1621,19.5044],[-99.1626,19.5046],[-99.1629,19.5047],[-99.1629,19.5047],[-99.1630,19.5047],[-99.1635,19.5049],[-99.1639,19.5050],[-99.1644,19.5052],[-99.1649,19.5054],[-99.1654,19.5055],[-99.1659,19.5057],[-99.1663,19.5058],[-99.1671,19.5061],[-99.1673,19.5062],[-99.1674,19.5062],[-99.1687,19.5068],[-99.1688,19.5068],[-99.1691,19.5070],[-99.1691,19.5070],[-99.1695,19.5072],[-99.1700,19.5074],[-99.1704,19.5076],[-99.1709,19.5078],[-99.1713,19.5080],[-99.1716,19.5081],[-99.1726,19.5084],[-99.1730,19.5086],[-99.1736,19.5083],[-99.1737,19.5082],[-99.1737,19.5082],[-99.1740,19.5079],[-99.1749,19.5076],[-99.1752,19.5075],[-99.1754,19.5075],[-99.1754,19.5075],[-99.1755,19.5075],[-99.1760,19.5069],[-99.1761,19.5069],[-99.1766,19.5065],[-99.1767,19.5064],[-99.1771,19.5062],[-99.1771,19.5062],[-99.1773,19.5063],[-99.1774,19.5063],[-99.1774,19.5063],[-99.1774,19.5063],[-99.1774,19.5063],[-99.1774,19.5063],[-99.1775,19.5063],[-99.1775,19.5063],[-99.1819,19.5075],[-99.1823,19.5075],[-99.1823,19.5075],[-99.1823,19.5075],[-99.1824,19.5076],[-99.1824,19.5076],[-99.1825,19.5076],[-99.1825,19.5076],[-99.1825,19.5076],[-99.1827,19.5077],[-99.1831,19.5078],[-99.1835,19.5080],[-99.1838,19.5081],[-99.1843,19.5082],[-99.1846,19.5083],[-99.1851,19.5085],[-99.1852,19.5085],[-99.1854,19.5086],[-99.1860,19.5089],[-99.1861,19.5089],[-99.1862,19.5090],[-99.1866,19.5092],[-99.1870,19.5094],[-99.1870,19.5094],[-99.1870,19.5094],[-99.1870,19.5094],[-99.1874,19.5095],[-99.1874,19.5095],[-99.1874,19.5095],[-99.1875,19.5096],[-99.1875,19.5096],[-99.1875,19.5096],[-99.1884,19.5099],[-99.1886,19.5100],[-99.1889,19.5101],[-99.1890,19.5101],[-99.1897,19.5102],[-99.1897,19.5102],[-99.1904,19.5104],[-99.1907,19.5104],[-99.1915,19.5106],[-99.1919,19.5113],[-99.1919,19.5113],[-99.1920,19.5113],[-99.1939,19.5119],[-99.1940,19.5119],[-99.1940,19.5119],[-99.1966,19.5127],[-99.1966,19.5127],[-99.1967,19.5127],[-99.1969,19.5128],[-99.1986,19.5133],[-99.1988,19.5134],[-99.1990,19.5134],[-99.1991,19.5134],[-99.1991,19.5134],[-99.1992,19.5135],[-99.1994,19.5135],[-99.1997,19.5136],[-99.2000,19.5137],[-99.2001,19.5138],[-99.2002,19.5138],[-99.2002,19.5138],[-99.2003,19.5138],[-99.2008,19.5140],[-99.2010,19.5140],[-99.2017,19.5142],[-99.2019,19.5143],[-99.2019,19.5143],[-99.2019,19.5143],[-99.2019,19.5143],[-99.2026,19.5145],[-99.2026,19.5145],[-99.2026,19.5145],[-99.2026,19.5145],[-99.2026,19.5145],[-99.2026,19.5145],[-99.2026,19.5145],[-99.2026,19.5145],[-99.2026,19.5145],[-99.2027,19.5146],[-99.2029,19.5146],[-99.2029,19.5146],[-99.2029,19.5146],[-99.2029,19.5146],[-99.2029,19.5146],[-99.2029,19.5146],[-99.2029,19.5146],[-99.2029,19.5146],[-99.2032,19.5147],[-99.2035,19.5148],[-99.2039,19.5149],[-99.2043,19.5150],[-99.2047,19.5151],[-99.2050,19.5150],[-99.2051,19.5149],[-99.2052,19.5148],[-99.2055,19.5146],[-99.2058,19.5144],[-99.2059,19.5143],[-99.2062,19.5142],[-99.2066,19.5140],[-99.2070,19.5137],[-99.2071,19.5137],[-99.2081,19.5132],[-99.2081,19.5132],[-99.2085,19.5130],[-99.2087,19.5128],[-99.2089,19.5127],[-99.2090,19.5127],[-99.2091,19.5126],[-99.2091,19.5126],[-99.2092,19.5125],[-99.2092,19.5125],[-99.2093,19.5124],[-99.2093,19.5124],[-99.2093,19.5123],[-99.2094,19.5122],[-99.2094,19.5122],[-99.2094,19.5122],[-99.2095,19.5120],[-99.2096,19.5118],[-99.2096,19.5118],[-99.2096,19.5118],[-99.2097,19.5118],[-99.2097,19.5118],[-99.2097,19.5117],[-99.2098,19.5116],[-99.2099,19.5114],[-99.2100,19.5114],[-99.2100,19.5113],[-99.2101,19.5113],[-99.2101,19.5113],[-99.2101,19.5113],[-99.2101,19.5112],[-99.2102,19.5111],[-99.2102,19.5109],[-99.2103,19.5107],[-99.2104,19.5105],[-99.2105,19.5101],[-99.2106,19.5096],[-99.2107,19.5094],[-99.2107,19.5093],[-99.2107,19.5093],[-99.2107,19.5093],[-99.2108,19.5091],[-99.2111,19.5084],[-99.2112,19.5080],[-99.2112,19.5078],[-99.2114,19.5072],[-99.2114,19.5067],[-99.2117,19.5050],[-99.2120,19.5036],[-99.2120,19.5035],[-99.2122,19.5027],[-99.2123,19.5024],[-99.2125,19.5018],[-99.2129,19.5005],[-99.2135,19.4984],[-99.2135,19.4983],[-99.2137,19.4977],[-99.2138,19.4973],[-99.2139,19.4971],[-99.2141,19.4964],[-99.2144,19.4956],[-99.2146,19.4949],[-99.2148,19.4943],[-99.2150,19.4938],[-99.2152,19.4931],[-99.2154,19.4926],[-99.2154,19.4924],[-99.2157,19.4916],[-99.2157,19.4916],[-99.2157,19.4916],[-99.2160,19.4907],[-99.2162,19.4902],[-99.2163,19.4899],[-99.2163,19.4898],[-99.2164,19.4894],[-99.2165,19.4892],[-99.2169,19.4883],[-99.2172,19.4874],[-99.2172,19.4874],[-99.2173,19.4870],[-99.2174,19.4868],[-99.2175,19.4865],[-99.2180,19.4849],[-99.2182,19.4846],[-99.2183,19.4841],[-99.2185,19.4836],[-99.2186,19.4833],[-99.2188,19.4827],[-99.2191,19.4818],[-99.2195,19.4809],[-99.2197,19.4803],[-99.2198,19.4800],[-99.2200,19.4791],[-99.2203,19.4782],[-99.2204,19.4782],[-99.2205,19.4777],[-99.2207,19.4768],[-99.2209,19.4759],[-99.2211,19.4751],[-99.2206,19.4749],[-99.2202,19.4748],[-99.2195,19.4746],[-99.2188,19.4745],[-99.2182,19.4743],[-99.2175,19.4741],[-99.2169,19.4739],[-99.2162,19.4737],[-99.2159,19.4737],[-99.2155,19.4736],[-99.2152,19.4735],[-99.2149,19.4734],[-99.2149,19.4734],[-99.2145,19.4733],[-99.2142,19.4732],[-99.2142,19.4732],[-99.2139,19.4731],[-99.2136,19.4730],[-99.2133,19.4730],[-99.2126,19.4728],[-99.2120,19.4726],[-99.2114,19.4725],[-99.2108,19.4723],[-99.2108,19.4723],[-99.2108,19.4723],[-99.2103,19.4722],[-99.2100,19.4721],[-99.2100,19.4721],[-99.2096,19.4720],[-99.2093,19.4719],[-99.2092,19.4719],[-99.2090,19.4718],[-99.2084,19.4716],[-99.2083,19.4716],[-99.2080,19.4715],[-99.2078,19.4715],[-99.2068,19.4712],[-99.2072,19.4696],[-99.2077,19.4697],[-99.2080,19.4698],[-99.2082,19.4699],[-99.2082,19.4699],[-99.2082,19.4699],[-99.2087,19.4700],[-99.2087,19.4700],[-99.2089,19.4701],[-99.2089,19.4701],[-99.2099,19.4694],[-99.2105,19.4688],[-99.2106,19.4687],[-99.2107,19.4685],[-99.2110,19.4683],[-99.2114,19.4680],[-99.2114,19.4680],[-99.2115,19.4680],[-99.2116,19.4674],[-99.2117,19.4671],[-99.2118,19.4671],[-99.2119,19.4671],[-99.2121,19.4671],[-99.2124,19.4664],[-99.2135,19.4629],[-99.2135,19.4629],[-99.2130,19.4626],[-99.2126,19.4625],[-99.2126,19.4624],[-99.2139,19.4604],[-99.2140,19.4595],[-99.2142,19.4587],[-99.2142,19.4586],[-99.2149,19.4574],[-99.2152,19.4565],[-99.2152,19.4564],[-99.2152,19.4564],[-99.2153,19.4563],[-99.2153,19.4562],[-99.2157,19.4556],[-99.2160,19.4553],[-99.2161,19.4552],[-99.2163,19.4549],[-99.2164,19.4547],[-99.2168,19.4543],[-99.2170,19.4541],[-99.2170,19.4541],[-99.2174,19.4537],[-99.2179,19.4534],[-99.2181,19.4533],[-99.2181,19.4532],[-99.2182,19.4532],[-99.2185,19.4531],[-99.2185,19.4531],[-99.2186,19.4530],[-99.2189,19.4530],[-99.2190,19.4530],[-99.2192,19.4529],[-99.2194,19.4529],[-99.2198,19.4529],[-99.2200,19.4529],[-99.2200,19.4522],[-99.2200,19.4519],[-99.2200,19.4515],[-99.2201,19.4490],[-99.2201,19.4480],[-99.2201,19.4473],[-99.2201,19.4464],[-99.2201,19.4463],[-99.2201,19.4461],[-99.2201,19.4460],[-99.2201,19.4458],[-99.2200,19.4456],[-99.2199,19.4454],[-99.2198,19.4454],[-99.2198,19.4452],[-99.2196,19.4451],[-99.2195,19.4450],[-99.2194,19.4449],[-99.2192,19.4448],[-99.2183,19.4443],[-99.2182,19.4442],[-99.2182,19.4442],[-99.2181,19.4441],[-99.2181,19.4441],[-99.2182,19.4441],[-99.2187,19.4440],[-99.2195,19.4439],[-99.2197,19.4438],[-99.2201,19.4438],[-99.2206,19.4437],[-99.2209,19.4434],[-99.2220,19.4427],[-99.2236,19.4416],[-99.2279,19.4386],[-99.2281,19.4384],[-99.2285,19.4381],[-99.2286,19.4381],[-99.2287,19.4380],[-99.2289,19.4378],[-99.2291,19.4378],[-99.2296,19.4374],[-99.2296,19.4374],[-99.2295,19.4373],[-99.2287,19.4369],[-99.2285,19.4368],[-99.2286,19.4368],[-99.2287,19.4367],[-99.2287,19.4367],[-99.2282,19.4360],[-99.2280,19.4362],[-99.2274,19.4359],[-99.2273,19.4359],[-99.2273,19.4358],[-99.2275,19.4352],[-99.2275,19.4351],[-99.2274,19.4349],[-99.2273,19.4348],[-99.2273,19.4348],[-99.2272,19.4347],[-99.2270,19.4345],[-99.2264,19.4342],[-99.2263,19.4341],[-99.2262,19.4341],[-99.2262,19.4340],[-99.2262,19.4340],[-99.2262,19.4339],[-99.2262,19.4337],[-99.2264,19.4328],[-99.2267,19.4323],[-99.2268,19.4319],[-99.2269,19.4316],[-99.2269,19.4314],[-99.2268,19.4313],[-99.2268,19.4313],[-99.2267,19.4312],[-99.2266,19.4312],[-99.2265,19.4311],[-99.2252,19.4305],[-99.2248,19.4303],[-99.2244,19.4301],[-99.2243,19.4300],[-99.2237,19.4297],[-99.2236,19.4296],[-99.2234,19.4295],[-99.2233,19.4294],[-99.2232,19.4293],[-99.2232,19.4293],[-99.2232,19.4292],[-99.2231,19.4291],[-99.2230,19.4287],[-99.2230,19.4286],[-99.2230,19.4285],[-99.2229,19.4281],[-99.2227,19.4277],[-99.2226,19.4273],[-99.2225,19.4273],[-99.2223,19.4271],[-99.2223,19.4271],[-99.2223,19.4270],[-99.2223,19.4269],[-99.2226,19.4267],[-99.2227,19.4266],[-99.2228,19.4264],[-99.2228,19.4264],[-99.2232,19.4266],[-99.2238,19.4268],[-99.2243,19.4270],[-99.2245,19.4271],[-99.2246,19.4270],[-99.2248,19.4268],[-99.2252,19.4267],[-99.2255,19.4266],[-99.2257,19.4264],[-99.2259,19.4262],[-99.2261,19.4258],[-99.2263,19.4252],[-99.2267,19.4247],[-99.2268,19.4245],[-99.2270,19.4243],[-99.2272,19.4243],[-99.2274,19.4243],[-99.2275,19.4242],[-99.2276,19.4242],[-99.2277,19.4242],[-99.2278,19.4241],[-99.2278,19.4241],[-99.2278,19.4240],[-99.2279,19.4238],[-99.2279,19.4237],[-99.2279,19.4236],[-99.2279,19.4236],[-99.2279,19.4236],[-99.2281,19.4235],[-99.2282,19.4235],[-99.2283,19.4235],[-99.2285,19.4234],[-99.2285,19.4233],[-99.2287,19.4232],[-99.2287,19.4230],[-99.2289,19.4227],[-99.2290,19.4226],[-99.2292,19.4225],[-99.2294,19.4222],[-99.2294,19.4222],[-99.2295,19.4222],[-99.2297,19.4221],[-99.2298,19.4220],[-99.2301,19.4218],[-99.2303,19.4218],[-99.2304,19.4218],[-99.2305,19.4218],[-99.2307,19.4217],[-99.2308,19.4217],[-99.2308,19.4217],[-99.2309,19.4216],[-99.2309,19.4215],[-99.2310,19.4214],[-99.2310,19.4213],[-99.2310,19.4211],[-99.2311,19.4210],[-99.2311,19.4209],[-99.2312,19.4209],[-99.2313,19.4208],[-99.2315,19.4208],[-99.2316,19.4207],[-99.2316,19.4206],[-99.2316,19.4203],[-99.2317,19.4202],[-99.2318,19.4200],[-99.2321,19.4199],[-99.2324,19.4198],[-99.2324,19.4197],[-99.2324,19.4196],[-99.2324,19.4195],[-99.2325,19.4194],[-99.2325,19.4194],[-99.2326,19.4194],[-99.2329,19.4194],[-99.2330,19.4194],[-99.2330,19.4193],[-99.2330,19.4190],[-99.2330,19.4189],[-99.2331,19.4187],[-99.2331,19.4186],[-99.2331,19.4185],[-99.2331,19.4184],[-99.2331,19.4183],[-99.2332,19.4182],[-99.2332,19.4180],[-99.2332,19.4178],[-99.2334,19.4178],[-99.2334,19.4176],[-99.2334,19.4175],[-99.2334,19.4172],[-99.2336,19.4166],[-99.2338,19.4167],[-99.2339,19.4168],[-99.2341,19.4168],[-99.2343,19.4167],[-99.2344,19.4166],[-99.2345,19.4164],[-99.2346,19.4160],[-99.2349,19.4157],[-99.2354,19.4154],[-99.2356,19.4152],[-99.2357,19.4150],[-99.2359,19.4145],[-99.2362,19.4141],[-99.2365,19.4136],[-99.2367,19.4131],[-99.2369,19.4127],[-99.2370,19.4126],[-99.2373,19.4124],[-99.2376,19.4122],[-99.2381,19.4121],[-99.2384,19.4120],[-99.2386,19.4120],[-99.2389,19.4120],[-99.2396,19.4122],[-99.2399,19.4122],[-99.2402,19.4121],[-99.2408,19.4119],[-99.2414,19.4117],[-99.2419,19.4115],[-99.2423,19.4113],[-99.2427,19.4111],[-99.2430,19.4108],[-99.2434,19.4107],[-99.2437,19.4105],[-99.2440,19.4102],[-99.2442,19.4099],[-99.2450,19.4097],[-99.2461,19.4093],[-99.2466,19.4091],[-99.2475,19.4088],[-99.2477,19.4088],[-99.2480,19.4088],[-99.2481,19.4087],[-99.2483,19.4086],[-99.2485,19.4085],[-99.2486,19.4083],[-99.2486,19.4083],[-99.2487,19.4083],[-99.2487,19.4083],[-99.2488,19.4082],[-99.2490,19.4080],[-99.2492,19.4077],[-99.2494,19.4075],[-99.2497,19.4074],[-99.2501,19.4072],[-99.2503,19.4070],[-99.2505,19.4068],[-99.2505,19.4067],[-99.2506,19.4067],[-99.2506,19.4067],[-99.2507,19.4066],[-99.2509,19.4064],[-99.2517,19.4062],[-99.2522,19.4060],[-99.2528,19.4057],[-99.2533,19.4051],[-99.2537,19.4050],[-99.2543,19.4049],[-99.2549,19.4046],[-99.2553,19.4041],[-99.2556,19.4038],[-99.2557,19.4037],[-99.2558,19.4036],[-99.2560,19.4036],[-99.2560,19.4034],[-99.2560,19.4031],[-99.2560,19.4025],[-99.2561,19.4022],[-99.2561,19.4022],[-99.2562,19.4020],[-99.2564,19.4015],[-99.2565,19.4011],[-99.2567,19.4007],[-99.2568,19.4006],[-99.2569,19.4005],[-99.2569,19.4005],[-99.2570,19.4004],[-99.2574,19.4011],[-99.2574,19.4012],[-99.2576,19.4015],[-99.2577,19.4016],[-99.2577,19.4016],[-99.2577,19.4016],[-99.2578,19.4018],[-99.2581,19.4024],[-99.2582,19.4024],[-99.2582,19.4025],[-99.2583,19.4027],[-99.2582,19.4031],[-99.2580,19.4040],[-99.2578,19.4043],[-99.2577,19.4045],[-99.2577,19.4047],[-99.2577,19.4047],[-99.2577,19.4048],[-99.2579,19.4048],[-99.2581,19.4048],[-99.2587,19.4041],[-99.2588,19.4037],[-99.2589,19.4033],[-99.2590,19.4025],[-99.2592,19.4018],[-99.2591,19.4015],[-99.2593,19.4012],[-99.2595,19.4009],[-99.2599,19.4005],[-99.2605,19.4003],[-99.2609,19.4000],[-99.2611,19.3996],[-99.2612,19.3993],[-99.2613,19.3990],[-99.2614,19.3989],[-99.2615,19.3985],[-99.2615,19.3983],[-99.2614,19.3979],[-99.2613,19.3974],[-99.2613,19.3973],[-99.2614,19.3970],[-99.2616,19.3970],[-99.2616,19.3967],[-99.2617,19.3965],[-99.2617,19.3960],[-99.2645,19.3942],[-99.2645,19.3941],[-99.2645,19.3941],[-99.2645,19.3940],[-99.2646,19.3939],[-99.2646,19.3939],[-99.2647,19.3938],[-99.2648,19.3938],[-99.2649,19.3937],[-99.2650,19.3937],[-99.2651,19.3937],[-99.2651,19.3932],[-99.2660,19.3932],[-99.2660,19.3927],[-99.2671,19.3921],[-99.2674,19.3923],[-99.2676,19.3924],[-99.2680,19.3924],[-99.2682,19.3924],[-99.2683,19.3921],[-99.2686,19.3919],[-99.2690,19.3917],[-99.2693,19.3916],[-99.2695,19.3914],[-99.2696,19.3910],[-99.2696,19.3908],[-99.2695,19.3906],[-99.2696,19.3904],[-99.2698,19.3903],[-99.2702,19.3901],[-99.2702,19.3901],[-99.2703,19.3901],[-99.2709,19.3900],[-99.2710,19.3899],[-99.2718,19.3897],[-99.2724,19.3897],[-99.2728,19.3894],[-99.2729,19.3890],[-99.2730,19.3885],[-99.2730,19.3884],[-99.2732,19.3876],[-99.2736,19.3872],[-99.2737,19.3870],[-99.2739,19.3868],[-99.2757,19.3855],[-99.2760,19.3852],[-99.2761,19.3852],[-99.2760,19.3856],[-99.2785,19.3837],[-99.2787,19.3835],[-99.2791,19.3832],[-99.2795,19.3828],[-99.2797,19.3826],[-99.2800,19.3823],[-99.2800,19.3823],[-99.2800,19.3823],[-99.2802,19.3822],[-99.2802,19.3822],[-99.2802,19.3822],[-99.2804,19.3821],[-99.2805,19.3820],[-99.2818,19.3815],[-99.2818,19.3815],[-99.2827,19.3814],[-99.2828,19.3814],[-99.2831,19.3809],[-99.2832,19.3806],[-99.2832,19.3806],[-99.2833,19.3804],[-99.2838,19.3800],[-99.2838,19.3797],[-99.2842,19.3798],[-99.2845,19.3798],[-99.2846,19.3797],[-99.2847,19.3793],[-99.2848,19.3791],[-99.2850,19.3791],[-99.2851,19.3789],[-99.2851,19.3780],[-99.2857,19.3776],[-99.2857,19.3772],[-99.2857,19.3764],[-99.2861,19.3764],[-99.2862,19.3764],[-99.2864,19.3764],[-99.2869,19.3765],[-99.2877,19.3767],[-99.2878,19.3764],[-99.2878,19.3763],[-99.2881,19.3758],[-99.2881,19.3757],[-99.2883,19.3755],[-99.2886,19.3751],[-99.2888,19.3751],[-99.2889,19.3751],[-99.2890,19.3751],[-99.2893,19.3752],[-99.2896,19.3752],[-99.2897,19.3750],[-99.2898,19.3750],[-99.2900,19.3750],[-99.2901,19.3750],[-99.2906,19.3750],[-99.2908,19.3743],[-99.2911,19.3740],[-99.2911,19.3738],[-99.2912,19.3735],[-99.2916,19.3735],[-99.2918,19.3734],[-99.2921,19.3733],[-99.2922,19.3731],[-99.2923,19.3730],[-99.2926,19.3727],[-99.2929,19.3723],[-99.2932,19.3720],[-99.2932,19.3719],[-99.2934,19.3712],[-99.2936,19.3707],[-99.2938,19.3704],[-99.2939,19.3701],[-99.2939,19.3701],[-99.2941,19.3701],[-99.2941,19.3700],[-99.2941,19.3700],[-99.2941,19.3700],[-99.2941,19.3700],[-99.2944,19.3699],[-99.2948,19.3699],[-99.2949,19.3697],[-99.2951,19.3696],[-99.2953,19.3694],[-99.2956,19.3691],[-99.2958,19.3691],[-99.2958,19.3691],[-99.2958,19.3691],[-99.2962,19.3692],[-99.2963,19.3692],[-99.2963,19.3692],[-99.2966,19.3692],[-99.2969,19.3693],[-99.2975,19.3694],[-99.2979,19.3693],[-99.2982,19.3692],[-99.2982,19.3692],[-99.2983,19.3691],[-99.2984,19.3689],[-99.2984,19.3689],[-99.2986,19.3685],[-99.2987,19.3683],[-99.2990,19.3675],[-99.2997,19.3682],[-99.3004,19.3689],[-99.3004,19.3689],[-99.3004,19.3689],[-99.3004,19.3689],[-99.3004,19.3689],[-99.3004,19.3689],[-99.3004,19.3689],[-99.3006,19.3690],[-99.3006,19.3691],[-99.3012,19.3697],[-99.3010,19.3701],[-99.3009,19.3706],[-99.3009,19.3712],[-99.3010,19.3718],[-99.3010,19.3719],[-99.3012,19.3722],[-99.3013,19.3730],[-99.3014,19.3738],[-99.3016,19.3749],[-99.3019,19.3758],[-99.3019,19.3759],[-99.3016,19.3765],[-99.3016,19.3765],[-99.3015,19.3766],[-99.3013,19.3771],[-99.3014,19.3771],[-99.3015,19.3771],[-99.3015,19.3772],[-99.3016,19.3772],[-99.3016,19.3772],[-99.3017,19.3772],[-99.3018,19.3773],[-99.3019,19.3773],[-99.3021,19.3774],[-99.3035,19.3778],[-99.3035,19.3778],[-99.3043,19.3773],[-99.3043,19.3773],[-99.3043,19.3773],[-99.3050,19.3768],[-99.3051,19.3765],[-99.3052,19.3763],[-99.3061,19.3736],[-99.3078,19.3716],[-99.3086,19.3716],[-99.3093,19.3716],[-99.3098,19.3712],[-99.3107,19.3704],[-99.3131,19.3704],[-99.3138,19.3693],[-99.3141,19.3684],[-99.3145,19.3672],[-99.3154,19.3659],[-99.3169,19.3663],[-99.3176,19.3657],[-99.3180,19.3648],[-99.3181,19.3643],[-99.3181,19.3642],[-99.3189,19.3639],[-99.3193,19.3637],[-99.3195,19.3636],[-99.3207,19.3604],[-99.3185,19.3585],[-99.3181,19.3582],[-99.3185,19.3580],[-99.3188,19.3578],[-99.3192,19.3576],[-99.3201,19.3577],[-99.3201,19.3577],[-99.3204,19.3580],[-99.3208,19.3582],[-99.3216,19.3585],[-99.3220,19.3586],[-99.3222,19.3587],[-99.3228,19.3585],[-99.3233,19.3583],[-99.3238,19.3580],[-99.3241,19.3573],[-99.3247,19.3564],[-99.3250,19.3560],[-99.3251,19.3557],[-99.3253,19.3555],[-99.3255,19.3553],[-99.3257,19.3550],[-99.3258,19.3546],[-99.3264,19.3537],[-99.3267,19.3538],[-99.3274,19.3541],[-99.3277,19.3540],[-99.3277,19.3536],[-99.3280,19.3534],[-99.3285,19.3531],[-99.3287,19.3527],[-99.3288,19.3521],[-99.3286,19.3514],[-99.3287,19.3510],[-99.3288,19.3506],[-99.3289,19.3504],[-99.3286,19.3500],[-99.3284,19.3497],[-99.3283,19.3495],[-99.3284,19.3491],[-99.3285,19.3489],[-99.3286,19.3485],[-99.3286,19.3483],[-99.3287,19.3479],[-99.3285,19.3476],[-99.3284,19.3468],[-99.3288,19.3460],[-99.3289,19.3456],[-99.3283,19.3452],[-99.3285,19.3447],[-99.3287,19.3443],[-99.3288,19.3439],[-99.3289,19.3436],[-99.3290,19.3434],[-99.3292,19.3429],[-99.3295,19.3423],[-99.3297,19.3416],[-99.3302,19.3411],[-99.3303,19.3410],[-99.3307,19.3401],[-99.3312,19.3398],[-99.3312,19.3394],[-99.3312,19.3388],[-99.3315,19.3384],[-99.3316,19.3381],[-99.3317,19.3378],[-99.3316,19.3366],[-99.3318,19.3355],[-99.3319,19.3350],[-99.3323,19.3335],[-99.3328,19.3324],[-99.3334,19.3314],[-99.3338,19.3306],[-99.3566,19.3067],[-99.3564,19.3033],[-99.3563,19.3020],[-99.3500,19.2968],[-99.3535,19.2974],[-99.3529,19.2960],[-99.3517,19.2952],[-99.3517,19.2952],[-99.3513,19.2950],[-99.3513,19.2950],[-99.3513,19.2950],[-99.3515,19.2942],[-99.3520,19.2941],[-99.3524,19.2940],[-99.3530,19.2936],[-99.3533,19.2935],[-99.3535,19.2934],[-99.3537,19.2934],[-99.3545,19.2933],[-99.3536,19.2919],[-99.3649,19.2778],[-99.3619,19.2757],[-99.3561,19.2750],[-99.3482,19.2740],[-99.3475,19.2730],[-99.3465,19.2722],[-99.3463,19.2720],[-99.3462,19.2713],[-99.3458,19.2708],[-99.3455,19.2704],[-99.3451,19.2700],[-99.3447,19.2695],[-99.3441,19.2691],[-99.3437,19.2690],[-99.3435,19.2689],[-99.3431,19.2685],[-99.3428,19.2685],[-99.3423,19.2683],[-99.3419,19.2682],[-99.3416,19.2681],[-99.3409,19.2678],[-99.3392,19.2677],[-99.3376,19.2640],[-99.3399,19.2597],[-99.3413,19.2521],[-99.3421,19.2475],[-99.3423,19.2411],[-99.3358,19.2393],[-99.3308,19.2379],[-99.3305,19.2375],[-99.3267,19.2326],[-99.3243,19.2326],[-99.3223,19.2326],[-99.3213,19.2327],[-99.3153,19.2292],[-99.3156,19.2274],[-99.3161,19.2226],[-99.3162,19.2215],[-99.3134,19.2190],[-99.3123,19.2180],[-99.3083,19.2145],[-99.3081,19.2144],[-99.3071,19.2137],[-99.3068,19.2111],[-99.3061,19.2061],[-99.3047,19.2026],[-99.3044,19.2005],[-99.3040,19.1983],[-99.3039,19.1972],[-99.3032,19.1937],[-99.3028,19.1909],[-99.3013,19.1884],[-99.3002,19.1846],[-99.2956,19.1729],[-99.2931,19.1653],[-99.2876,19.1466],[-99.2853,19.1428],[-99.2826,19.1382],[-99.2801,19.1341],[-99.2787,19.1317],[-99.2268,19.0961],[-99.1365,19.0894],[-99.1354,19.0893],[-99.1069,19.0728],[-99.0598,19.0482]]]},"properties":{"cvegeo":"09","match":"State","name":"Ciudad de México","state":"Ciudad de México","municipality":null,"city":null,"neighborhood":null,"category":"Estado","type":null,"postalcode":null,"population":"9209944","dwellings":"3036239","occupied_dwellings":null,"pricem2":null,"propertyprice":null,"ids_prom":"0.213","nse":"C+","nse_label":"C+ (17%)","nse_score":"4.313","nse_ab":"352874","nse_cplus":"487801","nse_c":"471737","nse_cminus":"451808","nse_dplus":"385388","nse_d":"479763","nse_e":"102419","nse_total":"2731790","nse_ab_pct":"12.92","nse_cplus_pct":"17.86","nse_c_pct":"17.27","nse_cminus_pct":"16.54","nse_dplus_pct":"14.11","nse_d_pct":"17.56","nse_e_pct":"3.75"}},{"type":"Feature","geometry":{"type":"Polygon","coordinates":[[[-99.1637,19.4564],[-99.1636,19.4571],[-99.1635,19.4576],[-99.1633,19.4582],[-99.1632,19.4589],[-99.1631,19.4591],[-99.1629,19.4593],[-99.1628,19.4595],[-99.1627,19.4596],[-99.1626,19.4598],[-99.1623,19.4600],[-99.1621,19.4601],[-99.1616,19.4605],[-99.1613,19.4608],[-99.1611,19.4610],[-99.1609,19.4612],[-99.1607,19.4614],[-99.1604,19.4619],[-99.1603,19.4622],[-99.1600,19.4626],[-99.1597,19.4631],[-99.1595,19.4633],[-99.1595,19.4634],[-99.1593,19.4636],[-99.1591,19.4637],[-99.1589,19.4638],[-99.1587,19.4639],[-99.1582,19.4640],[-99.1579,19.4641],[-99.1576,19.4641],[-99.1573,19.4641],[-99.1571,19.4640],[-99.1565,19.4639],[-99.1561,19.4638],[-99.1557,19.4637],[-99.1550,19.4636],[-99.1545,19.4635],[-99.1536,19.4633],[-99.1535,19.4633],[-99.1532,19.4632],[-99.1529,19.4632],[-99.1524,19.4631],[-99.1517,19.4631],[-99.1508,19.4629],[-99.1506,19.4629],[-99.1503,19.4630],[-99.1500,19.4630],[-99.1487,19.4633],[-99.1483,19.4634],[-99.1480,19.4635],[-99.1477,19.4636],[-99.1473,19.4637],[-99.1468,19.4639],[-99.1466,19.4639],[-99.1463,19.4640],[-99.1458,19.4642],[-99.1452,19.4643],[-99.1431,19.4651],[-99.1431,19.4654],[-99.1431,19.4657],[-99.1431,19.4658],[-99.1432,19.4660],[-99.1437,19.4673],[-99.1438,19.4676],[-99.1440,19.4683],[-99.1441,19.4685],[-99.1441,19.4686],[-99.1444,19.4692],[-99.1445,19.4695],[-99.1447,19.4700],[-99.1448,19.4704],[-99.1449,19.4705],[-99.1450,19.4708],[-99.1450,19.4710],[-99.1452,19.4714],[-99.1455,19.4720],[-99.1457,19.4725],[-99.1459,19.4731],[-99.1461,19.4737],[-99.1461,19.4738],[-99.1464,19.4744],[-99.1465,19.4747],[-99.1467,19.4753],[-99.1469,19.4758],[-99.1470,19.4763],[-99.1472,19.4768],[-99.1473,19.4769],[-99.1475,19.4774],[-99.1476,19.4777],[-99.1478,19.4781],[-99.1479,19.4785],[-99.1481,19.4790],[-99.1482,19.4792],[-99.1483,19.4794],[-99.1485,19.4801],[-99.1487,19.4805],[-99.1488,19.4809],[-99.1494,19.4823],[-99.1494,19.4825],[-99.1494,19.4825],[-99.1497,19.4832],[-99.1498,19.4835],[-99.1501,19.4842],[-99.1505,19.4853],[-99.1509,19.4864],[-99.1512,19.4872],[-99.1515,19.4880],[-99.1518,19.4889],[-99.1519,19.4892],[-99.1522,19.4898],[-99.1530,19.4919],[-99.1530,19.4920],[-99.1531,19.4923],[-99.1534,19.4930],[-99.1540,19.4946],[-99.1542,19.4952],[-99.1544,19.4957],[-99.1546,19.4964],[-99.1557,19.4994],[-99.1558,19.4996],[-99.1561,19.5003],[-99.1564,19.5012],[-99.1566,19.5017],[-99.1568,19.5022],[-99.1569,19.5027],[-99.1572,19.5028],[-99.1593,19.5035],[-99.1597,19.5037],[-99.1597,19.5037],[-99.1601,19.5038],[-99.1602,19.5038],[-99.1603,19.5038],[-99.1604,19.5039],[-99.1607,19.5040],[-99.1611,19.5041],[-99.1614,19.5042],[-99.1616,19.5043],[-99.1618,19.5043],[-99.1621,19.5044],[-99.1626,19.5046],[-99.1629,19.5047],[-99.1629,19.5047],[-99.1630,19.5047],[-99.1635,19.5049],[-99.1639,19.5050],[-99.1644,19.5052],[-99.1649,19.5054],[-99.1654,19.5055],[-99.1659,19.5057],[-99.1663,19.5058],[-99.1671,19.5061],[-99.1673,19.5062],[-99.1674,19.5062],[-99.1687,19.5068],[-99.1688,19.5068],[-99.1691,19.5070],[-99.1691,19.5070],[-99.1695,19.5072],[-99.1700,19.5074],[-99.1704,19.5076],[-99.1709,19.5078],[-99.1713,19.5080],[-99.1716,19.5081],[-99.1726,19.5084],[-99.1730,19.5086],[-99.1736,19.5083],[-99.1737,19.5082],[-99.1737,19.5082],[-99.1740,19.5079],[-99.1749,19.5076],[-99.1752,19.5075],[-99.1754,19.5075],[-99.1754,19.5075],[-99.1755,19.5075],[-99.1760,19.5069],[-99.1761,19.5069],[-99.1766,19.5065],[-99.1767,19.5064],[-99.1771,19.5062],[-99.1771,19.5062],[-99.1773,19.5063],[-99.1774,19.5063],[-99.1774,19.5063],[-99.1774,19.5063],[-99.1774,19.5063],[-99.1774,19.5063],[-99.1775,19.5063],[-99.1775,19.5063],[-99.1819,19.5075],[-99.1823,19.5075],[-99.1823,19.5075],[-99.1823,19.5075],[-99.1824,19.5076],[-99.1824,19.5076],[-99.1825,19.5076],[-99.1825,19.5076],[-99.1825,19.5076],[-99.1827,19.5077],[-99.1831,19.5078],[-99.1835,19.5080],[-99.1838,19.5081],[-99.1843,19.5082],[-99.1846,19.5083],[-99.1851,19.5085],[-99.1852,19.5085],[-99.1854,19.5086],[-99.1860,19.5089],[-99.1861,19.5089],[-99.1862,19.5090],[-99.1866,19.5092],[-99.1870,19.5094],[-99.1870,19.5094],[-99.1870,19.5094],[-99.1870,19.5094],[-99.1874,19.5095],[-99.1874,19.5095],[-99.1874,19.5095],[-99.1875,19.5096],[-99.1875,19.5096],[-99.1875,19.5096],[-99.1884,19.5099],[-99.1886,19.5100],[-99.1889,19.5101],[-99.1890,19.5101],[-99.1897,19.5102],[-99.1897,19.5102],[-99.1904,19.5104],[-99.1907,19.5104],[-99.1915,19.5106],[-99.1919,19.5113],[-99.1919,19.5113],[-99.1920,19.5113],[-99.1939,19.5119],[-99.1940,19.5119],[-99.1940,19.5119],[-99.1966,19.5127],[-99.1966,19.5127],[-99.1967,19.5127],[-99.1969,19.5128],[-99.1986,19.5133],[-99.1988,19.5134],[-99.1990,19.5134],[-99.1991,19.5134],[-99.1991,19.5134],[-99.1992,19.5135],[-99.1994,19.5135],[-99.1997,19.5136],[-99.2000,19.5137],[-99.2001,19.5138],[-99.2002,19.5138],[-99.2002,19.5138],[-99.2003,19.5138],[-99.2008,19.5140],[-99.2010,19.5140],[-99.2017,19.5142],[-99.2019,19.5143],[-99.2019,19.5143],[-99.2019,19.5143],[-99.2019,19.5143],[-99.2026,19.5145],[-99.2026,19.5145],[-99.2026,19.5145],[-99.2026,19.5145],[-99.2026,19.5145],[-99.2026,19.5145],[-99.2026,19.5145],[-99.2026,19.5145],[-99.2026,19.5145],[-99.2027,19.5146],[-99.2029,19.5146],[-99.2029,19.5146],[-99.2029,19.5146],[-99.2029,19.5146],[-99.2029,19.5146],[-99.2029,19.5146],[-99.2029,19.5146],[-99.2029,19.5146],[-99.2032,19.5147],[-99.2035,19.5148],[-99.2039,19.5149],[-99.2043,19.5150],[-99.2047,19.5151],[-99.2050,19.5150],[-99.2051,19.5149],[-99.2052,19.5148],[-99.2055,19.5146],[-99.2058,19.5144],[-99.2059,19.5143],[-99.2062,19.5142],[-99.2066,19.5140],[-99.2070,19.5137],[-99.2071,19.5137],[-99.2081,19.5132],[-99.2081,19.5132],[-99.2085,19.5130],[-99.2087,19.5128],[-99.2089,19.5127],[-99.2090,19.5127],[-99.2091,19.5126],[-99.2091,19.5126],[-99.2092,19.5125],[-99.2092,19.5125],[-99.2093,19.5124],[-99.2093,19.5124],[-99.2093,19.5123],[-99.2094,19.5122],[-99.2094,19.5122],[-99.2094,19.5122],[-99.2095,19.5120],[-99.2096,19.5118],[-99.2096,19.5118],[-99.2096,19.5118],[-99.2097,19.5118],[-99.2097,19.5118],[-99.2097,19.5117],[-99.2098,19.5116],[-99.2099,19.5114],[-99.2100,19.5114],[-99.2100,19.5113],[-99.2101,19.5113],[-99.2101,19.5113],[-99.2101,19.5113],[-99.2101,19.5112],[-99.2102,19.5111],[-99.2102,19.5109],[-99.2103,19.5107],[-99.2104,19.5105],[-99.2105,19.5101],[-99.2106,19.5096],[-99.2107,19.5094],[-99.2107,19.5093],[-99.2107,19.5093],[-99.2107,19.5093],[-99.2108,19.5091],[-99.2111,19.5084],[-99.2112,19.5080],[-99.2112,19.5078],[-99.2114,19.5072],[-99.2114,19.5067],[-99.2117,19.5050],[-99.2120,19.5036],[-99.2120,19.5035],[-99.2122,19.5027],[-99.2123,19.5024],[-99.2125,19.5018],[-99.2129,19.5005],[-99.2135,19.4984],[-99.2135,19.4983],[-99.2137,19.4977],[-99.2138,19.4973],[-99.2139,19.4971],[-99.2141,19.4964],[-99.2144,19.4956],[-99.2146,19.4949],[-99.2148,19.4943],[-99.2150,19.4938],[-99.2152,19.4931],[-99.2154,19.4926],[-99.2154,19.4924],[-99.2157,19.4916],[-99.2157,19.4916],[-99.2157,19.4916],[-99.2160,19.4907],[-99.2162,19.4902],[-99.2163,19.4899],[-99.2163,19.4898],[-99.2164,19.4894],[-99.2165,19.4892],[-99.2169,19.4883],[-99.2172,19.4874],[-99.2172,19.4874],[-99.2173,19.4870],[-99.2174,19.4868],[-99.2175,19.4865],[-99.2180,19.4849],[-99.2182,19.4846],[-99.2183,19.4841],[-99.2185,19.4836],[-99.2186,19.4833],[-99.2188,19.4827],[-99.2191,19.4818],[-99.2195,19.4809],[-99.2197,19.4803],[-99.2198,19.4800],[-99.2200,19.4791],[-99.2203,19.4782],[-99.2204,19.4782],[-99.2205,19.4777],[-99.2207,19.4768],[-99.2209,19.4759],[-99.2211,19.4751],[-99.2206,19.4749],[-99.2202,19.4748],[-99.2195,19.4746],[-99.2188,19.4745],[-99.2182,19.4743],[-99.2175,19.4741],[-99.2169,19.4739],[-99.2162,19.4737],[-99.2159,19.4737],[-99.2155,19.4736],[-99.2152,19.4735],[-99.2149,19.4734],[-99.2149,19.4734],[-99.2145,19.4733],[-99.2142,19.4732],[-99.2142,19.4732],[-99.2139,19.4731],[-99.2136,19.4730],[-99.2133,19.4730],[-99.2126,19.4728],[-99.2120,19.4726],[-99.2114,19.4725],[-99.2108,19.4723],[-99.2108,19.4723],[-99.2108,19.4723],[-99.2103,19.4722],[-99.2100,19.4721],[-99.2100,19.4721],[-99.2096,19.4720],[-99.2093,19.4719],[-99.2092,19.4719],[-99.2090,19.4718],[-99.2084,19.4716],[-99.2083,19.4716],[-99.2080,19.4715],[-99.2078,19.4715],[-99.2068,19.4712],[-99.2065,19.4714],[-99.2053,19.4720],[-99.2050,19.4722],[-99.2043,19.4724],[-99.2034,19.4727],[-99.2023,19.4730],[-99.2014,19.4732],[-99.2010,19.4734],[-99.2008,19.4734],[-99.2007,19.4733],[-99.2003,19.4732],[-99.2001,19.4732],[-99.1998,19.4731],[-99.1991,19.4729],[-99.1984,19.4726],[-99.1983,19.4726],[-99.1983,19.4726],[-99.1980,19.4725],[-99.1978,19.4725],[-99.1977,19.4724],[-99.1975,19.4724],[-99.1971,19.4723],[-99.1967,19.4721],[-99.1961,19.4720],[-99.1956,19.4718],[-99.1953,19.4717],[-99.1952,19.4717],[-99.1951,19.4717],[-99.1950,19.4716],[-99.1949,19.4716],[-99.1946,19.4715],[-99.1941,19.4714],[-99.1935,19.4713],[-99.1933,19.4712],[-99.1930,19.4711],[-99.1927,19.4711],[-99.1927,19.4711],[-99.1926,19.4710],[-99.1925,19.4710],[-99.1914,19.4708],[-99.1910,19.4706],[-99.1906,19.4705],[-99.1904,19.4705],[-99.1904,19.4704],[-99.1906,19.4679],[-99.1907,19.4659],[-99.1907,19.4657],[-99.1907,19.4651],[-99.1907,19.4647],[-99.1907,19.4647],[-99.1900,19.4644],[-99.1891,19.4642],[-99.1880,19.4638],[-99.1880,19.4638],[-99.1880,19.4637],[-99.1882,19.4624],[-99.1882,19.4623],[-99.1885,19.4608],[-99.1885,19.4608],[-99.1873,19.4605],[-99.1872,19.4605],[-99.1854,19.4600],[-99.1853,19.4600],[-99.1842,19.4599],[-99.1841,19.4598],[-99.1841,19.4598],[-99.1831,19.4596],[-99.1820,19.4595],[-99.1811,19.4593],[-99.1799,19.4591],[-99.1789,19.4590],[-99.1788,19.4589],[-99.1780,19.4588],[-99.1778,19.4587],[-99.1775,19.4587],[-99.1769,19.4586],[-99.1758,19.4584],[-99.1750,19.4583],[-99.1746,19.4582],[-99.1738,19.4581],[-99.1711,19.4576],[-99.1711,19.4576],[-99.1704,19.4575],[-99.1684,19.4572],[-99.1683,19.4572],[-99.1674,19.4570],[-99.1656,19.4567],[-99.1651,19.4567],[-99.1642,19.4565],[-99.1637,19.4564]]]},"properties":{"cvegeo":"09002","match":"Municipality","name":"Azcapotzalco","state":"Ciudad de México","municipality":"Azcapotzalco","city":null,"neighborhood":null,"category":"Alcaldía","type":null,"postalcode":null,"population":"432205","dwellings":"149381","occupied_dwellings":null,"pricem2":null,"propertyprice":null,"ids_prom":"0.182","nse":"C+","nse_label":"C+ (19%)","nse_score":"4.406","nse_ab":"16199","nse_cplus":"25934","nse_c":"25083","nse_cminus":"23489","nse_dplus":"18608","nse_d":"20329","nse_e":"4002","nse_total":"133644","nse_ab_pct":"12.12","nse_cplus_pct":"19.41","nse_c_pct":"18.77","nse_cminus_pct":"17.58","nse_dplus_pct":"13.92","nse_d_pct":"15.21","nse_e_pct":"2.99"}},{"type":"Feature","geometry":{"type":"Polygon","coordinates":[[[-99.1567,19.2968],[-99.1567,19.2968],[-99.1564,19.2969],[-99.1560,19.2970],[-99.1553,19.2971],[-99.1552,19.2972],[-99.1546,19.2973],[-99.1538,19.2974],[-99.1521,19.2978],[-99.1519,19.2979],[-99.1518,19.2979],[-99.1516,19.2980],[-99.1515,19.2981],[-99.1514,19.2982],[-99.1511,19.2984],[-99.1507,19.2986],[-99.1506,19.2987],[-99.1501,19.2991],[-99.1496,19.2995],[-99.1488,19.3001],[-99.1483,19.3005],[-99.1482,19.3006],[-99.1479,19.3008],[-99.1476,19.3010],[-99.1474,19.3013],[-99.1474,19.3013],[-99.1474,19.3013],[-99.1474,19.3013],[-99.1471,19.3010],[-99.1471,19.3010],[-99.1471,19.3010],[-99.1470,19.3010],[-99.1469,19.3010],[-99.1466,19.3009],[-99.1466,19.3009],[-99.1461,19.3008],[-99.1461,19.3008],[-99.1459,19.3008],[-99.1456,19.3007],[-99.1452,19.3006],[-99.1451,19.3005],[-99.1447,19.3004],[-99.1446,19.3004],[-99.1445,19.3003],[-99.1441,19.3002],[-99.1438,19.3000],[-99.1434,19.2999],[-99.1426,19.2996],[-99.1426,19.2996],[-99.1426,19.2996],[-99.1424,19.2999],[-99.1421,19.3002],[-99.1418,19.3005],[-99.1413,19.3010],[-99.1409,19.3014],[-99.1409,19.3014],[-99.1407,19.3017],[-99.1405,19.3018],[-99.1402,19.3022],[-99.1402,19.3022],[-99.1401,19.3023],[-99.1397,19.3028],[-99.1397,19.3028],[-99.1394,19.3031],[-99.1394,19.3031],[-99.1393,19.3031],[-99.1390,19.3035],[-99.1389,19.3036],[-99.1388,19.3038],[-99.1387,19.3039],[-99.1386,19.3039],[-99.1384,19.3041],[-99.1383,19.3043],[-99.1381,19.3044],[-99.1379,19.3047],[-99.1377,19.3049],[-99.1371,19.3056],[-99.1364,19.3063],[-99.1361,19.3066],[-99.1356,19.3072],[-99.1347,19.3083],[-99.1347,19.3083],[-99.1347,19.3083],[-99.1342,19.3080],[-99.1328,19.3074],[-99.1325,19.3073],[-99.1319,19.3071],[-99.1315,19.3069],[-99.1310,19.3067],[-99.1305,19.3064],[-99.1300,19.3063],[-99.1300,19.3062],[-99.1295,19.3060],[-99.1289,19.3058],[-99.1283,19.3055],[-99.1278,19.3053],[-99.1276,19.3052],[-99.1273,19.3051],[-99.1271,19.3050],[-99.1268,19.3049],[-99.1261,19.3046],[-99.1250,19.3041],[-99.1248,19.3040],[-99.1247,19.3040],[-99.1246,19.3040],[-99.1241,19.3038],[-99.1230,19.3033],[-99.1224,19.3031],[-99.1220,19.3029],[-99.1209,19.3026],[-99.1198,19.3023],[-99.1178,19.3017],[-99.1174,19.3016],[-99.1168,19.3014],[-99.1162,19.3013],[-99.1157,19.3011],[-99.1156,19.3011],[-99.1143,19.3008],[-99.1137,19.3007],[-99.1130,19.3005],[-99.1125,19.3004],[-99.1120,19.3003],[-99.1114,19.3002],[-99.1103,19.2999],[-99.1099,19.2998],[-99.1094,19.2997],[-99.1092,19.2996],[-99.1092,19.2996],[-99.1092,19.2996],[-99.1088,19.2996],[-99.1084,19.2996],[-99.1082,19.2996],[-99.1074,19.2997],[-99.1073,19.2997],[-99.1071,19.2997],[-99.1066,19.2997],[-99.1064,19.2997],[-99.1061,19.2998],[-99.1056,19.2998],[-99.1054,19.2998],[-99.1050,19.2998],[-99.1049,19.2998],[-99.1047,19.2998],[-99.1045,19.2998],[-99.1040,19.2999],[-99.1038,19.2999],[-99.1029,19.2999],[-99.1021,19.3000],[-99.1013,19.3000],[-99.1010,19.3000],[-99.1009,19.3000],[-99.1009,19.3000],[-99.1009,19.3000],[-99.1008,19.3013],[-99.1006,19.3027],[-99.1005,19.3045],[-99.1003,19.3065],[-99.1003,19.3066],[-99.1003,19.3067],[-99.1002,19.3078],[-99.1001,19.3099],[-99.0999,19.3130],[-99.0997,19.3155],[-99.0996,19.3163],[-99.0994,19.3193],[-99.0993,19.3204],[-99.0991,19.3204],[-99.0991,19.3204],[-99.0991,19.3204],[-99.0991,19.3207],[-99.0992,19.3209],[-99.0992,19.3210],[-99.0993,19.3211],[-99.0994,19.3212],[-99.0995,19.3214],[-99.0995,19.3214],[-99.0996,19.3215],[-99.1000,19.3219],[-99.1004,19.3224],[-99.1007,19.3227],[-99.1008,19.3228],[-99.1010,19.3230],[-99.1012,19.3231],[-99.1014,19.3232],[-99.1017,19.3234],[-99.1020,19.3236],[-99.1021,19.3236],[-99.1024,19.3238],[-99.1028,19.3241],[-99.1033,19.3244],[-99.1035,19.3244],[-99.1038,19.3246],[-99.1038,19.3246],[-99.1040,19.3247],[-99.1042,19.3248],[-99.1043,19.3249],[-99.1049,19.3255],[-99.1049,19.3255],[-99.1051,19.3257],[-99.1052,19.3258],[-99.1052,19.3258],[-99.1052,19.3258],[-99.1054,19.3260],[-99.1055,19.3261],[-99.1057,19.3263],[-99.1057,19.3263],[-99.1058,19.3263],[-99.1058,19.3264],[-99.1060,19.3267],[-99.1061,19.3267],[-99.1061,19.3267],[-99.1064,19.3271],[-99.1065,19.3272],[-99.1068,19.3275],[-99.1071,19.3277],[-99.1076,19.3283],[-99.1079,19.3287],[-99.1080,19.3289],[-99.1083,19.3294],[-99.1084,19.3294],[-99.1086,19.3298],[-99.1089,19.3303],[-99.1091,19.3306],[-99.1093,19.3309],[-99.1096,19.3313],[-99.1097,19.3315],[-99.1098,19.3317],[-99.1098,19.3318],[-99.1100,19.3323],[-99.1100,19.3323],[-99.1101,19.3326],[-99.1102,19.3327],[-99.1103,19.3329],[-99.1104,19.3330],[-99.1105,19.3330],[-99.1106,19.3331],[-99.1107,19.3331],[-99.1113,19.3334],[-99.1116,19.3337],[-99.1119,19.3340],[-99.1122,19.3342],[-99.1124,19.3346],[-99.1129,19.3354],[-99.1130,19.3354],[-99.1130,19.3356],[-99.1132,19.3360],[-99.1136,19.3366],[-99.1138,19.3369],[-99.1139,19.3373],[-99.1140,19.3376],[-99.1140,19.3380],[-99.1140,19.3381],[-99.1141,19.3382],[-99.1141,19.3386],[-99.1142,19.3390],[-99.1142,19.3390],[-99.1142,19.3392],[-99.1143,19.3398],[-99.1143,19.3401],[-99.1144,19.3404],[-99.1144,19.3406],[-99.1144,19.3407],[-99.1145,19.3408],[-99.1145,19.3410],[-99.1150,19.3419],[-99.1151,19.3422],[-99.1152,19.3423],[-99.1152,19.3425],[-99.1153,19.3427],[-99.1154,19.3429],[-99.1156,19.3433],[-99.1157,19.3434],[-99.1157,19.3435],[-99.1159,19.3437],[-99.1161,19.3440],[-99.1162,19.3441],[-99.1164,19.3444],[-99.1171,19.3456],[-99.1171,19.3456],[-99.1173,19.3459],[-99.1174,19.3462],[-99.1178,19.3468],[-99.1181,19.3474],[-99.1181,19.3475],[-99.1182,19.3476],[-99.1189,19.3486],[-99.1195,19.3495],[-99.1195,19.3496],[-99.1196,19.3496],[-99.1198,19.3500],[-99.1201,19.3504],[-99.1202,19.3506],[-99.1204,19.3508],[-99.1204,19.3508],[-99.1205,19.3511],[-99.1205,19.3512],[-99.1208,19.3518],[-99.1209,19.3523],[-99.1213,19.3533],[-99.1215,19.3539],[-99.1216,19.3546],[-99.1219,19.3570],[-99.1220,19.3576],[-99.1220,19.3576],[-99.1220,19.3577],[-99.1220,19.3577],[-99.1220,19.3577],[-99.1220,19.3577],[-99.1220,19.3577],[-99.1220,19.3577],[-99.1224,19.3577],[-99.1224,19.3577],[-99.1225,19.3577],[-99.1226,19.3577],[-99.1227,19.3577],[-99.1236,19.3578],[-99.1238,19.3579],[-99.1246,19.3579],[-99.1251,19.3580],[-99.1256,19.3581],[-99.1259,19.3581],[-99.1261,19.3581],[-99.1263,19.3581],[-99.1266,19.3582],[-99.1267,19.3582],[-99.1271,19.3582],[-99.1272,19.3582],[-99.1277,19.3583],[-99.1278,19.3583],[-99.1283,19.3583],[-99.1284,19.3584],[-99.1287,19.3584],[-99.1289,19.3584],[-99.1291,19.3584],[-99.1294,19.3585],[-99.1295,19.3585],[-99.1299,19.3585],[-99.1301,19.3585],[-99.1303,19.3586],[-99.1309,19.3586],[-99.1312,19.3587],[-99.1314,19.3584],[-99.1314,19.3583],[-99.1318,19.3577],[-99.1319,19.3575],[-99.1321,19.3573],[-99.1323,19.3572],[-99.1324,19.3571],[-99.1325,19.3570],[-99.1327,19.3569],[-99.1329,19.3568],[-99.1331,19.3567],[-99.1335,19.3566],[-99.1337,19.3566],[-99.1340,19.3565],[-99.1343,19.3565],[-99.1344,19.3565],[-99.1346,19.3566],[-99.1347,19.3566],[-99.1350,19.3566],[-99.1355,19.3566],[-99.1359,19.3566],[-99.1363,19.3567],[-99.1366,19.3567],[-99.1369,19.3567],[-99.1373,19.3567],[-99.1377,19.3568],[-99.1392,19.3569],[-99.1398,19.3569],[-99.1404,19.3570],[-99.1408,19.3570],[-99.1409,19.3570],[-99.1411,19.3570],[-99.1415,19.3571],[-99.1420,19.3571],[-99.1423,19.3572],[-99.1424,19.3572],[-99.1429,19.3572],[-99.1435,19.3572],[-99.1439,19.3573],[-99.1441,19.3573],[-99.1444,19.3573],[-99.1448,19.3573],[-99.1451,19.3573],[-99.1454,19.3573],[-99.1456,19.3573],[-99.1462,19.3574],[-99.1464,19.3574],[-99.1467,19.3574],[-99.1469,19.3574],[-99.1472,19.3574],[-99.1474,19.3574],[-99.1476,19.3574],[-99.1481,19.3574],[-99.1481,19.3574],[-99.1489,19.3575],[-99.1497,19.3575],[-99.1501,19.3575],[-99.1505,19.3576],[-99.1507,19.3576],[-99.1513,19.3576],[-99.1514,19.3576],[-99.1515,19.3576],[-99.1520,19.3576],[-99.1532,19.3577],[-99.1535,19.3577],[-99.1537,19.3577],[-99.1540,19.3577],[-99.1543,19.3578],[-99.1544,19.3578],[-99.1546,19.3578],[-99.1556,19.3578],[-99.1556,19.3578],[-99.1562,19.3579],[-99.1568,19.3579],[-99.1569,19.3579],[-99.1570,19.3579],[-99.1572,19.3579],[-99.1577,19.3579],[-99.1581,19.3580],[-99.1588,19.3580],[-99.1591,19.3580],[-99.1595,19.3581],[-99.1601,19.3581],[-99.1605,19.3581],[-99.1617,19.3582],[-99.1618,19.3582],[-99.1635,19.3583],[-99.1641,19.3583],[-99.1649,19.3584],[-99.1663,19.3584],[-99.1672,19.3585],[-99.1673,19.3585],[-99.1678,19.3585],[-99.1686,19.3586],[-99.1691,19.3586],[-99.1692,19.3586],[-99.1698,19.3587],[-99.1698,19.3587],[-99.1702,19.3587],[-99.1704,19.3588],[-99.1705,19.3589],[-99.1706,19.3589],[-99.1708,19.3590],[-99.1717,19.3596],[-99.1717,19.3596],[-99.1717,19.3596],[-99.1718,19.3594],[-99.1724,19.3579],[-99.1727,19.3572],[-99.1728,19.3571],[-99.1730,19.3568],[-99.1736,19.3561],[-99.1742,19.3554],[-99.1749,19.3546],[-99.1752,19.3542],[-99.1754,19.3540],[-99.1758,19.3536],[-99.1760,19.3534],[-99.1770,19.3526],[-99.1771,19.3525],[-99.1772,19.3524],[-99.1773,19.3523],[-99.1775,19.3520],[-99.1776,19.3518],[-99.1777,19.3517],[-99.1783,19.3511],[-99.1785,19.3510],[-99.1792,19.3503],[-99.1796,19.3500],[-99.1798,19.3498],[-99.1799,19.3496],[-99.1801,19.3494],[-99.1801,19.3494],[-99.1801,19.3493],[-99.1806,19.3472],[-99.1806,19.3472],[-99.1806,19.3472],[-99.1807,19.3472],[-99.1807,19.3472],[-99.1807,19.3472],[-99.1807,19.3472],[-99.1807,19.3472],[-99.1807,19.3472],[-99.1808,19.3472],[-99.1808,19.3472],[-99.1808,19.3471],[-99.1808,19.3471],[-99.1808,19.3471],[-99.1808,19.3471],[-99.1808,19.3471],[-99.1809,19.3471],[-99.1809,19.3471],[-99.1818,19.3473],[-99.1818,19.3473],[-99.1818,19.3473],[-99.1818,19.3473],[-99.1818,19.3473],[-99.1823,19.3468],[-99.1825,19.3466],[-99.1827,19.3466],[-99.1829,19.3466],[-99.1831,19.3461],[-99.1832,19.3458],[-99.1832,19.3458],[-99.1833,19.3453],[-99.1834,19.3449],[-99.1834,19.3448],[-99.1835,19.3446],[-99.1837,19.3443],[-99.1838,19.3439],[-99.1840,19.3436],[-99.1843,19.3436],[-99.1845,19.3436],[-99.1848,19.3434],[-99.1852,19.3431],[-99.1852,19.3431],[-99.1854,19.3430],[-99.1860,19.3424],[-99.1865,19.3419],[-99.1866,19.3416],[-99.1867,19.3414],[-99.1868,19.3413],[-99.1868,19.3413],[-99.1869,19.3412],[-99.1873,19.3411],[-99.1877,19.3410],[-99.1880,19.3407],[-99.1880,19.3406],[-99.1880,19.3406],[-99.1882,19.3404],[-99.1882,19.3404],[-99.1882,19.3404],[-99.1886,19.3402],[-99.1886,19.3401],[-99.1886,19.3401],[-99.1892,19.3397],[-99.1893,19.3396],[-99.1893,19.3395],[-99.1895,19.3394],[-99.1900,19.3386],[-99.1900,19.3386],[-99.1901,19.3386],[-99.1903,19.3387],[-99.1903,19.3387],[-99.1903,19.3387],[-99.1902,19.3380],[-99.1906,19.3377],[-99.1910,19.3371],[-99.1912,19.3370],[-99.1912,19.3369],[-99.1912,19.3369],[-99.1912,19.3369],[-99.1912,19.3369],[-99.1913,19.3369],[-99.1913,19.3369],[-99.1914,19.3369],[-99.1914,19.3369],[-99.1915,19.3369],[-99.1917,19.3369],[-99.1918,19.3369],[-99.1932,19.3366],[-99.1943,19.3364],[-99.1951,19.3362],[-99.1962,19.3359],[-99.1969,19.3357],[-99.1977,19.3356],[-99.1979,19.3355],[-99.1981,19.3355],[-99.1983,19.3354],[-99.1984,19.3353],[-99.1985,19.3351],[-99.1987,19.3350],[-99.1992,19.3343],[-99.1994,19.3341],[-99.1996,19.3338],[-99.1998,19.3335],[-99.1999,19.3332],[-99.1999,19.3332],[-99.1999,19.3332],[-99.1987,19.3334],[-99.1982,19.3335],[-99.1969,19.3337],[-99.1966,19.3337],[-99.1966,19.3337],[-99.1965,19.3337],[-99.1965,19.3337],[-99.1965,19.3337],[-99.1965,19.3337],[-99.1965,19.3337],[-99.1965,19.3337],[-99.1964,19.3337],[-99.1963,19.3336],[-99.1964,19.3334],[-99.1964,19.3333],[-99.1964,19.3332],[-99.1964,19.3330],[-99.1964,19.3329],[-99.1963,19.3327],[-99.1961,19.3324],[-99.1958,19.3319],[-99.1953,19.3311],[-99.1950,19.3306],[-99.1947,19.3302],[-99.1947,19.3293],[-99.1948,19.3287],[-99.1948,19.3271],[-99.1949,19.3247],[-99.1949,19.3235],[-99.1949,19.3231],[-99.1949,19.3220],[-99.1950,19.3218],[-99.1966,19.3192],[-99.1987,19.3158],[-99.2000,19.3138],[-99.2011,19.3120],[-99.2012,19.3120],[-99.2012,19.3119],[-99.2012,19.3117],[-99.2012,19.3116],[-99.2012,19.3116],[-99.2012,19.3116],[-99.2012,19.3115],[-99.2012,19.3115],[-99.2012,19.3115],[-99.2011,19.3115],[-99.2011,19.3115],[-99.2006,19.3114],[-99.2005,19.3114],[-99.2005,19.3114],[-99.2005,19.3114],[-99.2002,19.3112],[-99.2006,19.3108],[-99.2006,19.3108],[-99.2006,19.3107],[-99.2007,19.3107],[-99.2007,19.3107],[-99.2007,19.3106],[-99.2008,19.3106],[-99.2017,19.3097],[-99.2017,19.3097],[-99.2017,19.3097],[-99.2018,19.3096],[-99.2018,19.3096],[-99.2019,19.3095],[-99.2019,19.3095],[-99.2024,19.3090],[-99.2025,19.3089],[-99.2027,19.3088],[-99.2050,19.3065],[-99.2050,19.3065],[-99.2052,19.3063],[-99.2052,19.3063],[-99.2052,19.3063],[-99.2053,19.3063],[-99.2054,19.3064],[-99.2054,19.3065],[-99.2055,19.3066],[-99.2055,19.3067],[-99.2055,19.3067],[-99.2055,19.3067],[-99.2056,19.3067],[-99.2056,19.3067],[-99.2056,19.3067],[-99.2057,19.3062],[-99.2057,19.3059],[-99.2057,19.3057],[-99.2058,19.3057],[-99.2057,19.3057],[-99.2050,19.3056],[-99.2046,19.3055],[-99.2044,19.3054],[-99.2036,19.3053],[-99.2032,19.3052],[-99.2027,19.3051],[-99.2022,19.3050],[-99.2013,19.3046],[-99.2002,19.3042],[-99.1999,19.3040],[-99.1995,19.3038],[-99.1991,19.3036],[-99.1987,19.3034],[-99.1985,19.3032],[-99.1981,19.3030],[-99.1978,19.3028],[-99.1972,19.3026],[-99.1967,19.3024],[-99.1963,19.3023],[-99.1960,19.3022],[-99.1955,19.3021],[-99.1954,19.3021],[-99.1954,19.3021],[-99.1953,19.3021],[-99.1952,19.3021],[-99.1951,19.3021],[-99.1951,19.3021],[-99.1951,19.3021],[-99.1951,19.3021],[-99.1950,19.3021],[-99.1948,19.3020],[-99.1945,19.3020],[-99.1940,19.3020],[-99.1935,19.3020],[-99.1929,19.3021],[-99.1916,19.3023],[-99.1896,19.3025],[-99.1883,19.3026],[-99.1881,19.3026],[-99.1862,19.3028],[-99.1860,19.3029],[-99.1858,19.3029],[-99.1842,19.3031],[-99.1836,19.3031],[-99.1832,19.3032],[-99.1828,19.3032],[-99.1823,19.3033],[-99.1814,19.3034],[-99.1813,19.3034],[-99.1807,19.3034],[-99.1804,19.3034],[-99.1799,19.3034],[-99.1794,19.3034],[-99.1793,19.3034],[-99.1786,19.3034],[-99.1774,19.3033],[-99.1773,19.3033],[-99.1771,19.3033],[-99.1771,19.3033],[-99.1771,19.3033],[-99.1768,19.3033],[-99.1768,19.3033],[-99.1765,19.3032],[-99.1759,19.3031],[-99.1753,19.3031],[-99.1747,19.3030],[-99.1741,19.3029],[-99.1734,19.3028],[-99.1729,19.3027],[-99.1722,19.3026],[-99.1717,19.3026],[-99.1717,19.3026],[-99.1715,19.3025],[-99.1715,19.3025],[-99.1715,19.3025],[-99.1715,19.3025],[-99.1715,19.3025],[-99.1715,19.3025],[-99.1715,19.3025],[-99.1715,19.3025],[-99.1715,19.3025],[-99.1709,19.3025],[-99.1704,19.3024],[-99.1704,19.3024],[-99.1703,19.3024],[-99.1702,19.3024],[-99.1702,19.3024],[-99.1702,19.3024],[-99.1699,19.3023],[-99.1698,19.3023],[-99.1698,19.3023],[-99.1698,19.3023],[-99.1698,19.3023],[-99.1698,19.3023],[-99.1697,19.3023],[-99.1691,19.3022],[-99.1690,19.3022],[-99.1685,19.3021],[-99.1682,19.3021],[-99.1679,19.3021],[-99.1676,19.3020],[-99.1676,19.3020],[-99.1676,19.3020],[-99.1673,19.3020],[-99.1673,19.3020],[-99.1673,19.3020],[-99.1666,19.3019],[-99.1665,19.3019],[-99.1660,19.3018],[-99.1659,19.3018],[-99.1656,19.3017],[-99.1655,19.3017],[-99.1649,19.3017],[-99.1643,19.3016],[-99.1638,19.3015],[-99.1633,19.3014],[-99.1632,19.3014],[-99.1629,19.3014],[-99.1627,19.3013],[-99.1626,19.3013],[-99.1623,19.3013],[-99.1620,19.3012],[-99.1616,19.3011],[-99.1616,19.3011],[-99.1613,19.3010],[-99.1608,19.3008],[-99.1602,19.3006],[-99.1600,19.3004],[-99.1597,19.3002],[-99.1594,19.3000],[-99.1590,19.2997],[-99.1589,19.2996],[-99.1587,19.2994],[-99.1584,19.2991],[-99.1579,19.2985],[-99.1575,19.2979],[-99.1573,19.2977],[-99.1568,19.2970],[-99.1567,19.2969],[-99.1567,19.2968],[-99.1567,19.2968]]]},"properties":{"cvegeo":"09003","match":"Municipality","name":"Coyoacán","state":"Ciudad de México","municipality":"Coyoacán","city":null,"neighborhood":null,"category":"Alcaldía","type":null,"postalcode":null,"population":"614447","dwellings":"208024","occupied_dwellings":null,"pricem2":null,"propertyprice":null,"ids_prom":"0.140","nse":"C+","nse_label":"C+ (22%)","nse_score":"4.808","nse_ab":"37193","nse_cplus":"43397","nse_c":"33985","nse_cminus":"28299","nse_dplus":"21156","nse_d":"22845","nse_e":"3824","nse_total":"190699","nse_ab_pct":"19.50","nse_cplus_pct":"22.76","nse_c_pct":"17.82","nse_cminus_pct":"14.84","nse_dplus_pct":"11.09","nse_d_pct":"11.98","nse_e_pct":"2.01"}},{"type":"Feature","geometry":{"type":"Polygon","coordinates":[[[-99.3267,19.2326],[-99.3243,19.2326],[-99.3244,19.2343],[-99.3242,19.2383],[-99.3235,19.2507],[-99.3235,19.2514],[-99.3237,19.2643],[-99.3236,19.2651],[-99.3188,19.2732],[-99.3178,19.2743],[-99.3174,19.2749],[-99.3172,19.2757],[-99.3171,19.2762],[-99.3172,19.2770],[-99.3168,19.2777],[-99.3169,19.2782],[-99.3167,19.2793],[-99.3163,19.2798],[-99.3161,19.2808],[-99.3157,19.2822],[-99.3157,19.2829],[-99.3158,19.2837],[-99.3162,19.2844],[-99.3167,19.2861],[-99.3166,19.2872],[-99.3162,19.2877],[-99.3160,19.2887],[-99.3157,19.2899],[-99.3161,19.2903],[-99.3166,19.2909],[-99.3167,19.2917],[-99.3170,19.2923],[-99.3170,19.2926],[-99.3171,19.2931],[-99.3171,19.2934],[-99.3171,19.2936],[-99.3170,19.2940],[-99.3171,19.2943],[-99.3170,19.2946],[-99.3172,19.2951],[-99.3172,19.2958],[-99.3170,19.2965],[-99.3168,19.2970],[-99.3165,19.2974],[-99.3164,19.2977],[-99.3162,19.2981],[-99.3162,19.2983],[-99.3161,19.2986],[-99.3160,19.2988],[-99.3159,19.2990],[-99.3159,19.2992],[-99.3159,19.2994],[-99.3161,19.2996],[-99.3163,19.2997],[-99.3164,19.2999],[-99.3164,19.3000],[-99.3164,19.3000],[-99.3164,19.3001],[-99.3161,19.3003],[-99.3158,19.3005],[-99.3154,19.3009],[-99.3151,19.3013],[-99.3148,19.3014],[-99.3147,19.3015],[-99.3144,19.3014],[-99.3141,19.3014],[-99.3140,19.3014],[-99.3139,19.3016],[-99.3139,19.3019],[-99.3139,19.3025],[-99.3139,19.3031],[-99.3136,19.3036],[-99.3133,19.3039],[-99.3131,19.3041],[-99.3129,19.3042],[-99.3123,19.3042],[-99.3121,19.3042],[-99.3120,19.3043],[-99.3120,19.3046],[-99.3121,19.3049],[-99.3123,19.3052],[-99.3122,19.3056],[-99.3121,19.3060],[-99.3119,19.3064],[-99.3118,19.3066],[-99.3116,19.3068],[-99.3114,19.3069],[-99.3113,19.3069],[-99.3112,19.3069],[-99.3110,19.3068],[-99.3109,19.3067],[-99.3108,19.3067],[-99.3107,19.3068],[-99.3107,19.3068],[-99.3106,19.3069],[-99.3105,19.3074],[-99.3104,19.3075],[-99.3104,19.3075],[-99.3103,19.3075],[-99.3103,19.3076],[-99.3102,19.3076],[-99.3102,19.3076],[-99.3101,19.3076],[-99.3095,19.3070],[-99.3094,19.3068],[-99.3094,19.3065],[-99.3093,19.3062],[-99.3094,19.3059],[-99.3094,19.3056],[-99.3094,19.3055],[-99.3094,19.3055],[-99.3094,19.3054],[-99.3093,19.3053],[-99.3092,19.3052],[-99.3091,19.3051],[-99.3090,19.3051],[-99.3090,19.3051],[-99.3089,19.3051],[-99.3088,19.3051],[-99.3086,19.3052],[-99.3084,19.3053],[-99.3082,19.3054],[-99.3080,19.3056],[-99.3078,19.3057],[-99.3078,19.3059],[-99.3076,19.3065],[-99.3074,19.3069],[-99.3074,19.3078],[-99.3074,19.3079],[-99.3073,19.3079],[-99.3073,19.3080],[-99.3072,19.3080],[-99.3071,19.3080],[-99.3070,19.3080],[-99.3070,19.3079],[-99.3064,19.3073],[-99.3064,19.3072],[-99.3063,19.3072],[-99.3062,19.3072],[-99.3062,19.3072],[-99.3061,19.3072],[-99.3061,19.3072],[-99.3060,19.3072],[-99.3060,19.3072],[-99.3059,19.3072],[-99.3058,19.3073],[-99.3058,19.3074],[-99.3058,19.3075],[-99.3056,19.3078],[-99.3054,19.3082],[-99.3051,19.3090],[-99.3050,19.3091],[-99.3050,19.3091],[-99.3049,19.3092],[-99.3049,19.3092],[-99.3048,19.3092],[-99.3047,19.3092],[-99.3045,19.3093],[-99.3045,19.3094],[-99.3044,19.3094],[-99.3043,19.3094],[-99.3040,19.3100],[-99.3037,19.3106],[-99.3035,19.3110],[-99.3034,19.3111],[-99.3034,19.3111],[-99.3033,19.3111],[-99.3033,19.3112],[-99.3032,19.3112],[-99.3032,19.3111],[-99.3031,19.3111],[-99.3031,19.3111],[-99.3031,19.3111],[-99.3030,19.3110],[-99.3028,19.3108],[-99.3026,19.3106],[-99.3020,19.3099],[-99.3017,19.3095],[-99.3016,19.3095],[-99.3015,19.3094],[-99.3015,19.3094],[-99.3014,19.3094],[-99.3013,19.3095],[-99.3013,19.3095],[-99.3013,19.3096],[-99.3013,19.3097],[-99.3013,19.3110],[-99.3013,19.3114],[-99.3012,19.3119],[-99.3011,19.3121],[-99.3011,19.3122],[-99.3010,19.3123],[-99.3010,19.3123],[-99.3009,19.3123],[-99.3005,19.3124],[-99.3005,19.3125],[-99.3005,19.3125],[-99.3003,19.3129],[-99.3001,19.3133],[-99.3001,19.3135],[-99.3000,19.3138],[-99.3000,19.3140],[-99.3001,19.3144],[-99.3002,19.3146],[-99.3004,19.3151],[-99.3006,19.3156],[-99.3007,19.3161],[-99.3011,19.3169],[-99.3011,19.3171],[-99.3012,19.3172],[-99.3012,19.3175],[-99.3013,19.3177],[-99.3013,19.3178],[-99.3014,19.3179],[-99.3018,19.3182],[-99.3018,19.3183],[-99.3018,19.3183],[-99.3018,19.3184],[-99.3018,19.3185],[-99.3017,19.3185],[-99.3017,19.3186],[-99.3016,19.3186],[-99.3015,19.3186],[-99.3013,19.3186],[-99.3012,19.3187],[-99.3012,19.3189],[-99.3012,19.3190],[-99.3011,19.3191],[-99.3011,19.3192],[-99.3011,19.3194],[-99.3011,19.3197],[-99.3010,19.3198],[-99.3008,19.3199],[-99.3008,19.3200],[-99.3007,19.3201],[-99.3007,19.3202],[-99.3006,19.3204],[-99.3006,19.3206],[-99.3006,19.3209],[-99.3006,19.3211],[-99.3006,19.3213],[-99.3005,19.3215],[-99.3005,19.3216],[-99.3005,19.3218],[-99.3006,19.3219],[-99.3006,19.3220],[-99.3006,19.3221],[-99.3006,19.3222],[-99.3005,19.3223],[-99.3005,19.3223],[-99.3005,19.3223],[-99.3004,19.3223],[-99.3003,19.3223],[-99.3002,19.3223],[-99.3002,19.3223],[-99.3001,19.3223],[-99.3000,19.3222],[-99.2998,19.3219],[-99.2997,19.3217],[-99.2996,19.3215],[-99.2993,19.3213],[-99.2991,19.3212],[-99.2990,19.3211],[-99.2988,19.3207],[-99.2988,19.3205],[-99.2987,19.3199],[-99.2986,19.3197],[-99.2984,19.3194],[-99.2983,19.3193],[-99.2982,19.3192],[-99.2980,19.3191],[-99.2977,19.3190],[-99.2975,19.3189],[-99.2973,19.3189],[-99.2971,19.3189],[-99.2969,19.3188],[-99.2967,19.3186],[-99.2964,19.3182],[-99.2964,19.3181],[-99.2964,19.3180],[-99.2964,19.3178],[-99.2965,19.3175],[-99.2966,19.3174],[-99.2965,19.3173],[-99.2965,19.3172],[-99.2963,19.3172],[-99.2961,19.3172],[-99.2959,19.3173],[-99.2957,19.3175],[-99.2956,19.3176],[-99.2955,19.3176],[-99.2954,19.3175],[-99.2953,19.3174],[-99.2952,19.3173],[-99.2950,19.3170],[-99.2949,19.3169],[-99.2948,19.3169],[-99.2948,19.3169],[-99.2947,19.3169],[-99.2946,19.3170],[-99.2945,19.3171],[-99.2945,19.3171],[-99.2944,19.3174],[-99.2943,19.3176],[-99.2942,19.3178],[-99.2940,19.3183],[-99.2939,19.3185],[-99.2938,19.3187],[-99.2938,19.3188],[-99.2937,19.3190],[-99.2936,19.3196],[-99.2936,19.3199],[-99.2934,19.3202],[-99.2933,19.3203],[-99.2931,19.3205],[-99.2930,19.3207],[-99.2928,19.3208],[-99.2926,19.3209],[-99.2924,19.3210],[-99.2922,19.3210],[-99.2920,19.3211],[-99.2918,19.3211],[-99.2914,19.3212],[-99.2910,19.3213],[-99.2908,19.3213],[-99.2907,19.3213],[-99.2906,19.3215],[-99.2905,19.3216],[-99.2905,19.3217],[-99.2904,19.3218],[-99.2904,19.3219],[-99.2904,19.3220],[-99.2905,19.3221],[-99.2906,19.3222],[-99.2907,19.3223],[-99.2908,19.3224],[-99.2908,19.3224],[-99.2912,19.3225],[-99.2912,19.3226],[-99.2913,19.3226],[-99.2914,19.3227],[-99.2914,19.3227],[-99.2915,19.3228],[-99.2915,19.3229],[-99.2915,19.3229],[-99.2915,19.3230],[-99.2916,19.3233],[-99.2916,19.3235],[-99.2916,19.3236],[-99.2917,19.3238],[-99.2917,19.3242],[-99.2918,19.3244],[-99.2918,19.3245],[-99.2918,19.3247],[-99.2917,19.3249],[-99.2917,19.3250],[-99.2916,19.3251],[-99.2916,19.3252],[-99.2915,19.3254],[-99.2914,19.3255],[-99.2913,19.3256],[-99.2909,19.3263],[-99.2908,19.3266],[-99.2908,19.3266],[-99.2908,19.3268],[-99.2908,19.3270],[-99.2908,19.3271],[-99.2911,19.3278],[-99.2913,19.3282],[-99.2914,19.3284],[-99.2914,19.3287],[-99.2914,19.3288],[-99.2913,19.3290],[-99.2913,19.3292],[-99.2912,19.3294],[-99.2909,19.3298],[-99.2908,19.3299],[-99.2903,19.3306],[-99.2901,19.3308],[-99.2897,19.3317],[-99.2895,19.3321],[-99.2894,19.3321],[-99.2894,19.3321],[-99.2889,19.3328],[-99.2886,19.3331],[-99.2883,19.3333],[-99.2883,19.3334],[-99.2882,19.3334],[-99.2881,19.3335],[-99.2880,19.3335],[-99.2879,19.3335],[-99.2878,19.3334],[-99.2878,19.3334],[-99.2877,19.3334],[-99.2877,19.3333],[-99.2877,19.3332],[-99.2877,19.3332],[-99.2877,19.3331],[-99.2877,19.3330],[-99.2877,19.3330],[-99.2879,19.3325],[-99.2881,19.3320],[-99.2882,19.3318],[-99.2882,19.3318],[-99.2883,19.3316],[-99.2884,19.3313],[-99.2884,19.3311],[-99.2884,19.3309],[-99.2883,19.3307],[-99.2882,19.3305],[-99.2881,19.3304],[-99.2880,19.3303],[-99.2879,19.3302],[-99.2874,19.3300],[-99.2871,19.3299],[-99.2869,19.3298],[-99.2868,19.3297],[-99.2867,19.3298],[-99.2868,19.3299],[-99.2871,19.3302],[-99.2871,19.3302],[-99.2873,19.3304],[-99.2874,19.3305],[-99.2874,19.3306],[-99.2874,19.3306],[-99.2875,19.3307],[-99.2875,19.3308],[-99.2875,19.3310],[-99.2875,19.3310],[-99.2875,19.3310],[-99.2875,19.3311],[-99.2874,19.3313],[-99.2873,19.3316],[-99.2869,19.3323],[-99.2868,19.3325],[-99.2868,19.3326],[-99.2865,19.3331],[-99.2863,19.3336],[-99.2860,19.3342],[-99.2852,19.3361],[-99.2851,19.3363],[-99.2851,19.3363],[-99.2851,19.3364],[-99.2850,19.3365],[-99.2848,19.3365],[-99.2847,19.3366],[-99.2846,19.3366],[-99.2845,19.3367],[-99.2843,19.3367],[-99.2840,19.3366],[-99.2838,19.3366],[-99.2836,19.3365],[-99.2833,19.3364],[-99.2832,19.3363],[-99.2830,19.3362],[-99.2824,19.3358],[-99.2822,19.3357],[-99.2821,19.3356],[-99.2820,19.3356],[-99.2818,19.3356],[-99.2807,19.3352],[-99.2805,19.3352],[-99.2804,19.3352],[-99.2803,19.3352],[-99.2802,19.3352],[-99.2801,19.3353],[-99.2801,19.3354],[-99.2801,19.3355],[-99.2800,19.3361],[-99.2801,19.3362],[-99.2801,19.3364],[-99.2802,19.3365],[-99.2802,19.3365],[-99.2806,19.3367],[-99.2810,19.3369],[-99.2811,19.3370],[-99.2811,19.3371],[-99.2812,19.3372],[-99.2812,19.3373],[-99.2812,19.3374],[-99.2810,19.3374],[-99.2806,19.3373],[-99.2803,19.3374],[-99.2800,19.3374],[-99.2799,19.3376],[-99.2796,19.3376],[-99.2792,19.3376],[-99.2788,19.3377],[-99.2785,19.3377],[-99.2780,19.3380],[-99.2773,19.3383],[-99.2766,19.3386],[-99.2760,19.3389],[-99.2754,19.3391],[-99.2750,19.3393],[-99.2745,19.3395],[-99.2742,19.3396],[-99.2739,19.3398],[-99.2736,19.3399],[-99.2733,19.3401],[-99.2731,19.3401],[-99.2730,19.3402],[-99.2728,19.3402],[-99.2727,19.3403],[-99.2725,19.3404],[-99.2723,19.3405],[-99.2721,19.3406],[-99.2718,19.3407],[-99.2714,19.3409],[-99.2707,19.3412],[-99.2704,19.3414],[-99.2700,19.3416],[-99.2698,19.3418],[-99.2695,19.3420],[-99.2693,19.3420],[-99.2692,19.3419],[-99.2689,19.3419],[-99.2688,19.3419],[-99.2687,19.3418],[-99.2686,19.3418],[-99.2685,19.3418],[-99.2685,19.3419],[-99.2684,19.3419],[-99.2684,19.3419],[-99.2683,19.3420],[-99.2683,19.3420],[-99.2682,19.3420],[-99.2682,19.3421],[-99.2680,19.3423],[-99.2676,19.3427],[-99.2673,19.3432],[-99.2671,19.3436],[-99.2669,19.3438],[-99.2668,19.3440],[-99.2668,19.3441],[-99.2666,19.3441],[-99.2665,19.3441],[-99.2664,19.3441],[-99.2663,19.3441],[-99.2662,19.3441],[-99.2660,19.3441],[-99.2660,19.3441],[-99.2659,19.3441],[-99.2658,19.3441],[-99.2658,19.3441],[-99.2657,19.3443],[-99.2656,19.3444],[-99.2656,19.3445],[-99.2656,19.3445],[-99.2655,19.3446],[-99.2654,19.3446],[-99.2653,19.3446],[-99.2652,19.3446],[-99.2651,19.3446],[-99.2651,19.3446],[-99.2650,19.3447],[-99.2650,19.3447],[-99.2649,19.3447],[-99.2649,19.3448],[-99.2649,19.3448],[-99.2649,19.3448],[-99.2649,19.3450],[-99.2649,19.3451],[-99.2648,19.3452],[-99.2648,19.3453],[-99.2647,19.3453],[-99.2646,19.3453],[-99.2645,19.3453],[-99.2645,19.3452],[-99.2644,19.3452],[-99.2643,19.3453],[-99.2642,19.3453],[-99.2642,19.3454],[-99.2642,19.3455],[-99.2642,19.3456],[-99.2642,19.3457],[-99.2642,19.3458],[-99.2641,19.3460],[-99.2641,19.3460],[-99.2640,19.3460],[-99.2639,19.3461],[-99.2638,19.3460],[-99.2637,19.3461],[-99.2636,19.3461],[-99.2635,19.3461],[-99.2634,19.3462],[-99.2634,19.3462],[-99.2633,19.3463],[-99.2633,19.3464],[-99.2633,19.3465],[-99.2632,19.3466],[-99.2632,19.3467],[-99.2631,19.3468],[-99.2631,19.3468],[-99.2630,19.3469],[-99.2629,19.3469],[-99.2628,19.3469],[-99.2627,19.3468],[-99.2626,19.3467],[-99.2626,19.3467],[-99.2625,19.3467],[-99.2624,19.3467],[-99.2623,19.3467],[-99.2622,19.3467],[-99.2622,19.3468],[-99.2621,19.3468],[-99.2620,19.3469],[-99.2620,19.3469],[-99.2619,19.3470],[-99.2617,19.3470],[-99.2616,19.3471],[-99.2616,19.3470],[-99.2615,19.3470],[-99.2614,19.3470],[-99.2613,19.3471],[-99.2612,19.3472],[-99.2610,19.3472],[-99.2609,19.3472],[-99.2608,19.3473],[-99.2607,19.3473],[-99.2607,19.3475],[-99.2606,19.3475],[-99.2606,19.3475],[-99.2604,19.3475],[-99.2603,19.3475],[-99.2603,19.3475],[-99.2602,19.3475],[-99.2600,19.3476],[-99.2599,19.3477],[-99.2598,19.3477],[-99.2597,19.3478],[-99.2596,19.3478],[-99.2594,19.3479],[-99.2590,19.3480],[-99.2590,19.3481],[-99.2590,19.3481],[-99.2590,19.3482],[-99.2590,19.3482],[-99.2591,19.3482],[-99.2592,19.3482],[-99.2593,19.3481],[-99.2596,19.3480],[-99.2597,19.3480],[-99.2597,19.3480],[-99.2598,19.3480],[-99.2601,19.3481],[-99.2602,19.3481],[-99.2603,19.3481],[-99.2606,19.3480],[-99.2607,19.3479],[-99.2608,19.3479],[-99.2610,19.3478],[-99.2610,19.3477],[-99.2611,19.3478],[-99.2611,19.3478],[-99.2611,19.3478],[-99.2611,19.3479],[-99.2610,19.3480],[-99.2606,19.3482],[-99.2604,19.3483],[-99.2602,19.3483],[-99.2600,19.3483],[-99.2599,19.3483],[-99.2598,19.3483],[-99.2597,19.3484],[-99.2596,19.3485],[-99.2596,19.3486],[-99.2595,19.3487],[-99.2594,19.3488],[-99.2593,19.3490],[-99.2592,19.3491],[-99.2590,19.3492],[-99.2586,19.3494],[-99.2583,19.3496],[-99.2583,19.3496],[-99.2582,19.3497],[-99.2582,19.3498],[-99.2582,19.3498],[-99.2582,19.3498],[-99.2582,19.3499],[-99.2582,19.3499],[-99.2583,19.3500],[-99.2583,19.3500],[-99.2583,19.3501],[-99.2584,19.3501],[-99.2584,19.3501],[-99.2584,19.3501],[-99.2584,19.3501],[-99.2585,19.3501],[-99.2589,19.3500],[-99.2590,19.3500],[-99.2591,19.3500],[-99.2591,19.3500],[-99.2592,19.3500],[-99.2592,19.3500],[-99.2593,19.3501],[-99.2593,19.3501],[-99.2593,19.3502],[-99.2593,19.3502],[-99.2594,19.3503],[-99.2594,19.3504],[-99.2594,19.3504],[-99.2594,19.3505],[-99.2593,19.3507],[-99.2593,19.3509],[-99.2592,19.3512],[-99.2592,19.3515],[-99.2592,19.3518],[-99.2594,19.3525],[-99.2595,19.3528],[-99.2598,19.3542],[-99.2600,19.3553],[-99.2602,19.3559],[-99.2603,19.3565],[-99.2603,19.3570],[-99.2606,19.3583],[-99.2609,19.3598],[-99.2610,19.3605],[-99.2611,19.3608],[-99.2613,19.3610],[-99.2614,19.3612],[-99.2617,19.3614],[-99.2619,19.3616],[-99.2620,19.3617],[-99.2622,19.3618],[-99.2625,19.3620],[-99.2628,19.3621],[-99.2632,19.3623],[-99.2637,19.3625],[-99.2643,19.3626],[-99.2648,19.3628],[-99.2651,19.3628],[-99.2653,19.3629],[-99.2656,19.3631],[-99.2659,19.3632],[-99.2668,19.3635],[-99.2666,19.3640],[-99.2665,19.3642],[-99.2665,19.3644],[-99.2665,19.3647],[-99.2665,19.3650],[-99.2665,19.3653],[-99.2665,19.3655],[-99.2666,19.3656],[-99.2666,19.3658],[-99.2667,19.3661],[-99.2668,19.3668],[-99.2668,19.3670],[-99.2668,19.3675],[-99.2667,19.3678],[-99.2667,19.3681],[-99.2666,19.3683],[-99.2664,19.3689],[-99.2660,19.3696],[-99.2658,19.3702],[-99.2655,19.3710],[-99.2651,19.3717],[-99.2653,19.3720],[-99.2654,19.3720],[-99.2655,19.3720],[-99.2656,19.3720],[-99.2658,19.3719],[-99.2661,19.3716],[-99.2662,19.3715],[-99.2662,19.3714],[-99.2662,19.3712],[-99.2663,19.3711],[-99.2663,19.3710],[-99.2664,19.3707],[-99.2664,19.3706],[-99.2666,19.3703],[-99.2669,19.3699],[-99.2671,19.3695],[-99.2672,19.3693],[-99.2672,19.3693],[-99.2673,19.3692],[-99.2675,19.3691],[-99.2678,19.3689],[-99.2679,19.3688],[-99.2681,19.3687],[-99.2682,19.3687],[-99.2683,19.3687],[-99.2684,19.3687],[-99.2685,19.3687],[-99.2686,19.3688],[-99.2690,19.3690],[-99.2691,19.3691],[-99.2689,19.3692],[-99.2686,19.3696],[-99.2684,19.3701],[-99.2683,19.3703],[-99.2683,19.3704],[-99.2683,19.3706],[-99.2682,19.3707],[-99.2682,19.3710],[-99.2683,19.3712],[-99.2683,19.3715],[-99.2684,19.3718],[-99.2689,19.3717],[-99.2698,19.3714],[-99.2701,19.3722],[-99.2701,19.3724],[-99.2702,19.3725],[-99.2702,19.3726],[-99.2702,19.3727],[-99.2701,19.3728],[-99.2701,19.3729],[-99.2701,19.3730],[-99.2700,19.3731],[-99.2700,19.3731],[-99.2699,19.3732],[-99.2698,19.3733],[-99.2698,19.3733],[-99.2697,19.3734],[-99.2695,19.3734],[-99.2694,19.3735],[-99.2693,19.3735],[-99.2692,19.3735],[-99.2691,19.3735],[-99.2690,19.3735],[-99.2689,19.3736],[-99.2688,19.3736],[-99.2688,19.3736],[-99.2687,19.3736],[-99.2686,19.3736],[-99.2686,19.3736],[-99.2685,19.3735],[-99.2684,19.3735],[-99.2681,19.3734],[-99.2681,19.3734],[-99.2680,19.3734],[-99.2679,19.3734],[-99.2678,19.3734],[-99.2677,19.3733],[-99.2677,19.3734],[-99.2676,19.3734],[-99.2675,19.3734],[-99.2674,19.3735],[-99.2673,19.3735],[-99.2673,19.3736],[-99.2670,19.3740],[-99.2670,19.3741],[-99.2669,19.3741],[-99.2669,19.3742],[-99.2668,19.3742],[-99.2668,19.3742],[-99.2667,19.3743],[-99.2667,19.3743],[-99.2666,19.3744],[-99.2665,19.3744],[-99.2665,19.3744],[-99.2664,19.3744],[-99.2664,19.3745],[-99.2663,19.3745],[-99.2656,19.3746],[-99.2651,19.3747],[-99.2638,19.3749],[-99.2635,19.3749],[-99.2633,19.3750],[-99.2630,19.3750],[-99.2620,19.3755],[-99.2619,19.3756],[-99.2617,19.3757],[-99.2616,19.3757],[-99.2614,19.3758],[-99.2610,19.3760],[-99.2606,19.3764],[-99.2598,19.3770],[-99.2591,19.3777],[-99.2589,19.3778],[-99.2579,19.3787],[-99.2577,19.3790],[-99.2571,19.3794],[-99.2569,19.3796],[-99.2561,19.3802],[-99.2558,19.3804],[-99.2550,19.3809],[-99.2546,19.3811],[-99.2542,19.3813],[-99.2525,19.3825],[-99.2512,19.3833],[-99.2508,19.3835],[-99.2507,19.3836],[-99.2503,19.3838],[-99.2500,19.3840],[-99.2497,19.3843],[-99.2488,19.3850],[-99.2477,19.3860],[-99.2476,19.3862],[-99.2476,19.3862],[-99.2476,19.3862],[-99.2477,19.3863],[-99.2478,19.3865],[-99.2478,19.3865],[-99.2480,19.3868],[-99.2480,19.3868],[-99.2481,19.3871],[-99.2483,19.3875],[-99.2483,19.3877],[-99.2484,19.3888],[-99.2485,19.3902],[-99.2485,19.3903],[-99.2485,19.3904],[-99.2485,19.3906],[-99.2484,19.3907],[-99.2484,19.3907],[-99.2484,19.3907],[-99.2484,19.3908],[-99.2482,19.3911],[-99.2481,19.3913],[-99.2479,19.3918],[-99.2478,19.3919],[-99.2477,19.3920],[-99.2472,19.3924],[-99.2470,19.3927],[-99.2469,19.3928],[-99.2468,19.3932],[-99.2467,19.3935],[-99.2468,19.3937],[-99.2468,19.3939],[-99.2469,19.3940],[-99.2469,19.3940],[-99.2469,19.3941],[-99.2469,19.3941],[-99.2470,19.3942],[-99.2470,19.3942],[-99.2472,19.3943],[-99.2476,19.3943],[-99.2478,19.3943],[-99.2480,19.3943],[-99.2482,19.3941],[-99.2484,19.3940],[-99.2485,19.3938],[-99.2487,19.3937],[-99.2489,19.3935],[-99.2491,19.3935],[-99.2493,19.3934],[-99.2494,19.3935],[-99.2496,19.3936],[-99.2499,19.3936],[-99.2500,19.3937],[-99.2502,19.3937],[-99.2506,19.3937],[-99.2509,19.3937],[-99.2510,19.3936],[-99.2513,19.3935],[-99.2515,19.3935],[-99.2516,19.3935],[-99.2519,19.3935],[-99.2526,19.3935],[-99.2529,19.3936],[-99.2530,19.3936],[-99.2530,19.3936],[-99.2530,19.3937],[-99.2530,19.3937],[-99.2532,19.3940],[-99.2535,19.3942],[-99.2539,19.3947],[-99.2543,19.3950],[-99.2544,19.3951],[-99.2546,19.3952],[-99.2548,19.3952],[-99.2548,19.3952],[-99.2549,19.3952],[-99.2549,19.3951],[-99.2549,19.3950],[-99.2549,19.3948],[-99.2548,19.3947],[-99.2548,19.3947],[-99.2544,19.3943],[-99.2544,19.3943],[-99.2544,19.3942],[-99.2544,19.3941],[-99.2544,19.3941],[-99.2544,19.3940],[-99.2546,19.3939],[-99.2548,19.3937],[-99.2551,19.3936],[-99.2553,19.3935],[-99.2555,19.3935],[-99.2557,19.3935],[-99.2558,19.3935],[-99.2560,19.3934],[-99.2561,19.3933],[-99.2565,19.3929],[-99.2567,19.3929],[-99.2568,19.3928],[-99.2578,19.3928],[-99.2584,19.3927],[-99.2585,19.3927],[-99.2587,19.3925],[-99.2588,19.3924],[-99.2589,19.3924],[-99.2592,19.3926],[-99.2592,19.3926],[-99.2593,19.3926],[-99.2593,19.3926],[-99.2593,19.3927],[-99.2594,19.3932],[-99.2596,19.3937],[-99.2596,19.3938],[-99.2596,19.3940],[-99.2597,19.3941],[-99.2597,19.3942],[-99.2596,19.3943],[-99.2596,19.3943],[-99.2596,19.3944],[-99.2595,19.3945],[-99.2593,19.3946],[-99.2592,19.3947],[-99.2590,19.3948],[-99.2584,19.3951],[-99.2582,19.3952],[-99.2577,19.3956],[-99.2564,19.3965],[-99.2562,19.3967],[-99.2557,19.3973],[-99.2554,19.3982],[-99.2553,19.3987],[-99.2552,19.3991],[-99.2552,19.3995],[-99.2554,19.4001],[-99.2554,19.4004],[-99.2554,19.4007],[-99.2553,19.4010],[-99.2553,19.4011],[-99.2552,19.4013],[-99.2552,19.4015],[-99.2554,19.4019],[-99.2554,19.4019],[-99.2554,19.4020],[-99.2554,19.4022],[-99.2554,19.4023],[-99.2554,19.4024],[-99.2554,19.4025],[-99.2554,19.4026],[-99.2556,19.4031],[-99.2557,19.4033],[-99.2558,19.4036],[-99.2560,19.4036],[-99.2560,19.4034],[-99.2560,19.4031],[-99.2560,19.4025],[-99.2561,19.4022],[-99.2561,19.4022],[-99.2562,19.4020],[-99.2564,19.4015],[-99.2565,19.4011],[-99.2567,19.4007],[-99.2568,19.4006],[-99.2569,19.4005],[-99.2569,19.4005],[-99.2570,19.4004],[-99.2574,19.4011],[-99.2574,19.4012],[-99.2576,19.4015],[-99.2577,19.4016],[-99.2577,19.4016],[-99.2577,19.4016],[-99.2578,19.4018],[-99.2581,19.4024],[-99.2582,19.4024],[-99.2582,19.4025],[-99.2583,19.4027],[-99.2582,19.4031],[-99.2580,19.4040],[-99.2578,19.4043],[-99.2577,19.4045],[-99.2577,19.4047],[-99.2577,19.4047],[-99.2577,19.4048],[-99.2579,19.4048],[-99.2581,19.4048],[-99.2587,19.4041],[-99.2588,19.4037],[-99.2589,19.4033],[-99.2590,19.4025],[-99.2592,19.4018],[-99.2591,19.4015],[-99.2593,19.4012],[-99.2595,19.4009],[-99.2599,19.4005],[-99.2605,19.4003],[-99.2609,19.4000],[-99.2611,19.3996],[-99.2612,19.3993],[-99.2613,19.3990],[-99.2614,19.3989],[-99.2615,19.3985],[-99.2615,19.3983],[-99.2614,19.3979],[-99.2613,19.3974],[-99.2613,19.3973],[-99.2614,19.3970],[-99.2616,19.3970],[-99.2616,19.3967],[-99.2617,19.3965],[-99.2617,19.3960],[-99.2645,19.3942],[-99.2645,19.3941],[-99.2645,19.3941],[-99.2645,19.3940],[-99.2646,19.3939],[-99.2646,19.3939],[-99.2647,19.3938],[-99.2648,19.3938],[-99.2649,19.3937],[-99.2650,19.3937],[-99.2651,19.3937],[-99.2651,19.3932],[-99.2660,19.3932],[-99.2660,19.3927],[-99.2671,19.3921],[-99.2674,19.3923],[-99.2676,19.3924],[-99.2680,19.3924],[-99.2682,19.3924],[-99.2683,19.3921],[-99.2686,19.3919],[-99.2690,19.3917],[-99.2693,19.3916],[-99.2695,19.3914],[-99.2696,19.3910],[-99.2696,19.3908],[-99.2695,19.3906],[-99.2696,19.3904],[-99.2698,19.3903],[-99.2702,19.3901],[-99.2702,19.3901],[-99.2703,19.3901],[-99.2709,19.3900],[-99.2710,19.3899],[-99.2718,19.3897],[-99.2724,19.3897],[-99.2728,19.3894],[-99.2729,19.3890],[-99.2730,19.3885],[-99.2730,19.3884],[-99.2732,19.3876],[-99.2736,19.3872],[-99.2737,19.3870],[-99.2739,19.3868],[-99.2757,19.3855],[-99.2760,19.3852],[-99.2761,19.3852],[-99.2760,19.3856],[-99.2785,19.3837],[-99.2787,19.3835],[-99.2791,19.3832],[-99.2795,19.3828],[-99.2797,19.3826],[-99.2800,19.3823],[-99.2800,19.3823],[-99.2800,19.3823],[-99.2802,19.3822],[-99.2802,19.3822],[-99.2802,19.3822],[-99.2804,19.3821],[-99.2805,19.3820],[-99.2818,19.3815],[-99.2818,19.3815],[-99.2827,19.3814],[-99.2828,19.3814],[-99.2831,19.3809],[-99.2832,19.3806],[-99.2832,19.3806],[-99.2833,19.3804],[-99.2838,19.3800],[-99.2838,19.3797],[-99.2842,19.3798],[-99.2845,19.3798],[-99.2846,19.3797],[-99.2847,19.3793],[-99.2848,19.3791],[-99.2850,19.3791],[-99.2851,19.3789],[-99.2851,19.3780],[-99.2857,19.3776],[-99.2857,19.3772],[-99.2857,19.3764],[-99.2861,19.3764],[-99.2862,19.3764],[-99.2864,19.3764],[-99.2869,19.3765],[-99.2877,19.3767],[-99.2878,19.3764],[-99.2878,19.3763],[-99.2881,19.3758],[-99.2881,19.3757],[-99.2883,19.3755],[-99.2886,19.3751],[-99.2888,19.3751],[-99.2889,19.3751],[-99.2890,19.3751],[-99.2893,19.3752],[-99.2896,19.3752],[-99.2897,19.3750],[-99.2898,19.3750],[-99.2900,19.3750],[-99.2901,19.3750],[-99.2906,19.3750],[-99.2908,19.3743],[-99.2911,19.3740],[-99.2911,19.3738],[-99.2912,19.3735],[-99.2916,19.3735],[-99.2918,19.3734],[-99.2921,19.3733],[-99.2922,19.3731],[-99.2923,19.3730],[-99.2926,19.3727],[-99.2929,19.3723],[-99.2932,19.3720],[-99.2932,19.3719],[-99.2934,19.3712],[-99.2936,19.3707],[-99.2938,19.3704],[-99.2939,19.3701],[-99.2939,19.3701],[-99.2941,19.3701],[-99.2941,19.3700],[-99.2941,19.3700],[-99.2941,19.3700],[-99.2941,19.3700],[-99.2944,19.3699],[-99.2948,19.3699],[-99.2949,19.3697],[-99.2951,19.3696],[-99.2953,19.3694],[-99.2956,19.3691],[-99.2958,19.3691],[-99.2958,19.3691],[-99.2958,19.3691],[-99.2962,19.3692],[-99.2963,19.3692],[-99.2963,19.3692],[-99.2966,19.3692],[-99.2969,19.3693],[-99.2975,19.3694],[-99.2979,19.3693],[-99.2982,19.3692],[-99.2982,19.3692],[-99.2983,19.3691],[-99.2984,19.3689],[-99.2984,19.3689],[-99.2986,19.3685],[-99.2987,19.3683],[-99.2990,19.3675],[-99.2997,19.3682],[-99.3004,19.3689],[-99.3004,19.3689],[-99.3004,19.3689],[-99.3004,19.3689],[-99.3004,19.3689],[-99.3004,19.3689],[-99.3004,19.3689],[-99.3006,19.3690],[-99.3006,19.3691],[-99.3012,19.3697],[-99.3010,19.3701],[-99.3009,19.3706],[-99.3009,19.3712],[-99.3010,19.3718],[-99.3010,19.3719],[-99.3012,19.3722],[-99.3013,19.3730],[-99.3014,19.3738],[-99.3016,19.3749],[-99.3019,19.3758],[-99.3019,19.3759],[-99.3016,19.3765],[-99.3016,19.3765],[-99.3015,19.3766],[-99.3013,19.3771],[-99.3014,19.3771],[-99.3015,19.3771],[-99.3015,19.3772],[-99.3016,19.3772],[-99.3016,19.3772],[-99.3017,19.3772],[-99.3018,19.3773],[-99.3019,19.3773],[-99.3021,19.3774],[-99.3035,19.3778],[-99.3035,19.3778],[-99.3043,19.3773],[-99.3043,19.3773],[-99.3043,19.3773],[-99.3050,19.3768],[-99.3051,19.3765],[-99.3052,19.3763],[-99.3061,19.3736],[-99.3078,19.3716],[-99.3086,19.3716],[-99.3093,19.3716],[-99.3098,19.3712],[-99.3107,19.3704],[-99.3131,19.3704],[-99.3138,19.3693],[-99.3141,19.3684],[-99.3145,19.3672],[-99.3154,19.3659],[-99.3169,19.3663],[-99.3176,19.3657],[-99.3180,19.3648],[-99.3181,19.3643],[-99.3181,19.3642],[-99.3189,19.3639],[-99.3193,19.3637],[-99.3195,19.3636],[-99.3207,19.3604],[-99.3185,19.3585],[-99.3181,19.3582],[-99.3185,19.3580],[-99.3188,19.3578],[-99.3192,19.3576],[-99.3201,19.3577],[-99.3201,19.3577],[-99.3204,19.3580],[-99.3208,19.3582],[-99.3216,19.3585],[-99.3220,19.3586],[-99.3222,19.3587],[-99.3228,19.3585],[-99.3233,19.3583],[-99.3238,19.3580],[-99.3241,19.3573],[-99.3247,19.3564],[-99.3250,19.3560],[-99.3251,19.3557],[-99.3253,19.3555],[-99.3255,19.3553],[-99.3257,19.3550],[-99.3258,19.3546],[-99.3264,19.3537],[-99.3267,19.3538],[-99.3274,19.3541],[-99.3277,19.3540],[-99.3277,19.3536],[-99.3280,19.3534],[-99.3285,19.3531],[-99.3287,19.3527],[-99.3288,19.3521],[-99.3286,19.3514],[-99.3287,19.3510],[-99.3288,19.3506],[-99.3289,19.3504],[-99.3286,19.3500],[-99.3284,19.3497],[-99.3283,19.3495],[-99.3284,19.3491],[-99.3285,19.3489],[-99.3286,19.3485],[-99.3286,19.3483],[-99.3287,19.3479],[-99.3285,19.3476],[-99.3284,19.3468],[-99.3288,19.3460],[-99.3289,19.3456],[-99.3283,19.3452],[-99.3285,19.3447],[-99.3287,19.3443],[-99.3288,19.3439],[-99.3289,19.3436],[-99.3290,19.3434],[-99.3292,19.3429],[-99.3295,19.3423],[-99.3297,19.3416],[-99.3302,19.3411],[-99.3303,19.3410],[-99.3307,19.3401],[-99.3312,19.3398],[-99.3312,19.3394],[-99.3312,19.3388],[-99.3315,19.3384],[-99.3316,19.3381],[-99.3317,19.3378],[-99.3316,19.3366],[-99.3318,19.3355],[-99.3319,19.3350],[-99.3323,19.3335],[-99.3328,19.3324],[-99.3334,19.3314],[-99.3338,19.3306],[-99.3566,19.3067],[-99.3564,19.3033],[-99.3563,19.3020],[-99.3500,19.2968],[-99.3535,19.2974],[-99.3529,19.2960],[-99.3517,19.2952],[-99.3517,19.2952],[-99.3513,19.2950],[-99.3513,19.2950],[-99.3513,19.2950],[-99.3515,19.2942],[-99.3520,19.2941],[-99.3524,19.2940],[-99.3530,19.2936],[-99.3533,19.2935],[-99.3535,19.2934],[-99.3537,19.2934],[-99.3545,19.2933],[-99.3536,19.2919],[-99.3649,19.2778],[-99.3619,19.2757],[-99.3561,19.2750],[-99.3482,19.2740],[-99.3475,19.2730],[-99.3465,19.2722],[-99.3463,19.2720],[-99.3462,19.2713],[-99.3458,19.2708],[-99.3455,19.2704],[-99.3451,19.2700],[-99.3447,19.2695],[-99.3441,19.2691],[-99.3437,19.2690],[-99.3435,19.2689],[-99.3431,19.2685],[-99.3428,19.2685],[-99.3423,19.2683],[-99.3419,19.2682],[-99.3416,19.2681],[-99.3409,19.2678],[-99.3392,19.2677],[-99.3376,19.2640],[-99.3399,19.2597],[-99.3413,19.2521],[-99.3421,19.2475],[-99.3423,19.2411],[-99.3358,19.2393],[-99.3308,19.2379],[-99.3305,19.2375],[-99.3267,19.2326]]]},"properties":{"cvegeo":"09004","match":"Municipality","name":"Cuajimalpa de Morelos","state":"Ciudad de México","municipality":"Cuajimalpa de Morelos","city":null,"neighborhood":null,"category":"Alcaldía","type":null,"postalcode":null,"population":"217686","dwellings":"65831","occupied_dwellings":null,"pricem2":null,"propertyprice":null,"ids_prom":"0.197","nse":"A/B","nse_label":"A/B (20%)","nse_score":"4.607","nse_ab":"12457","nse_cplus":"11258","nse_c":"8944","nse_cminus":"8171","nse_dplus":"6983","nse_d":"9477","nse_e":"2258","nse_total":"59548","nse_ab_pct":"20.92","nse_cplus_pct":"18.91","nse_c_pct":"15.02","nse_cminus_pct":"13.72","nse_dplus_pct":"11.73","nse_d_pct":"15.91","nse_e_pct":"3.79"}},{"type":"Feature","geometry":{"type":"Polygon","coordinates":[[[-99.0623,19.4448],[-99.0622,19.4448],[-99.0613,19.4451],[-99.0604,19.4455],[-99.0595,19.4458],[-99.0586,19.4461],[-99.0580,19.4464],[-99.0580,19.4464],[-99.0573,19.4466],[-99.0570,19.4467],[-99.0562,19.4470],[-99.0560,19.4471],[-99.0558,19.4472],[-99.0555,19.4473],[-99.0554,19.4473],[-99.0547,19.4476],[-99.0539,19.4479],[-99.0533,19.4481],[-99.0526,19.4484],[-99.0523,19.4487],[-99.0520,19.4490],[-99.0520,19.4491],[-99.0515,19.4495],[-99.0511,19.4499],[-99.0511,19.4500],[-99.0509,19.4502],[-99.0509,19.4502],[-99.0509,19.4503],[-99.0511,19.4506],[-99.0511,19.4506],[-99.0511,19.4507],[-99.0517,19.4521],[-99.0518,19.4523],[-99.0518,19.4523],[-99.0520,19.4526],[-99.0520,19.4527],[-99.0521,19.4530],[-99.0522,19.4531],[-99.0523,19.4534],[-99.0523,19.4534],[-99.0523,19.4534],[-99.0523,19.4535],[-99.0525,19.4539],[-99.0525,19.4539],[-99.0525,19.4539],[-99.0525,19.4539],[-99.0525,19.4539],[-99.0525,19.4540],[-99.0525,19.4540],[-99.0527,19.4543],[-99.0527,19.4543],[-99.0527,19.4543],[-99.0527,19.4543],[-99.0528,19.4546],[-99.0528,19.4547],[-99.0529,19.4547],[-99.0529,19.4547],[-99.0530,19.4551],[-99.0530,19.4551],[-99.0530,19.4551],[-99.0530,19.4551],[-99.0530,19.4551],[-99.0532,19.4555],[-99.0532,19.4555],[-99.0532,19.4555],[-99.0532,19.4555],[-99.0532,19.4555],[-99.0532,19.4555],[-99.0532,19.4555],[-99.0534,19.4558],[-99.0534,19.4559],[-99.0534,19.4559],[-99.0535,19.4562],[-99.0536,19.4563],[-99.0536,19.4564],[-99.0537,19.4567],[-99.0538,19.4568],[-99.0539,19.4572],[-99.0539,19.4572],[-99.0541,19.4576],[-99.0541,19.4576],[-99.0543,19.4580],[-99.0543,19.4580],[-99.0544,19.4583],[-99.0545,19.4584],[-99.0547,19.4588],[-99.0547,19.4588],[-99.0548,19.4591],[-99.0549,19.4593],[-99.0550,19.4597],[-99.0553,19.4602],[-99.0559,19.4618],[-99.0560,19.4618],[-99.0561,19.4621],[-99.0563,19.4627],[-99.0565,19.4633],[-99.0566,19.4633],[-99.0572,19.4647],[-99.0576,19.4654],[-99.0577,19.4658],[-99.0579,19.4662],[-99.0587,19.4679],[-99.0591,19.4688],[-99.0591,19.4689],[-99.0591,19.4689],[-99.0591,19.4689],[-99.0591,19.4689],[-99.0591,19.4689],[-99.0591,19.4689],[-99.0591,19.4689],[-99.0591,19.4689],[-99.0592,19.4691],[-99.0595,19.4696],[-99.0604,19.4718],[-99.0608,19.4728],[-99.0609,19.4729],[-99.0614,19.4742],[-99.0614,19.4743],[-99.0618,19.4752],[-99.0625,19.4766],[-99.0625,19.4766],[-99.0626,19.4770],[-99.0630,19.4778],[-99.0634,19.4786],[-99.0630,19.4798],[-99.0636,19.4800],[-99.0633,19.4813],[-99.0633,19.4813],[-99.0637,19.4814],[-99.0637,19.4814],[-99.0637,19.4814],[-99.0637,19.4814],[-99.0640,19.4814],[-99.0642,19.4815],[-99.0645,19.4815],[-99.0646,19.4816],[-99.0647,19.4817],[-99.0649,19.4818],[-99.0651,19.4825],[-99.0652,19.4825],[-99.0654,19.4831],[-99.0654,19.4831],[-99.0654,19.4832],[-99.0655,19.4833],[-99.0657,19.4838],[-99.0658,19.4840],[-99.0659,19.4844],[-99.0661,19.4847],[-99.0661,19.4847],[-99.0662,19.4850],[-99.0663,19.4852],[-99.0663,19.4853],[-99.0665,19.4856],[-99.0666,19.4859],[-99.0667,19.4862],[-99.0667,19.4863],[-99.0670,19.4869],[-99.0670,19.4870],[-99.0671,19.4872],[-99.0673,19.4876],[-99.0673,19.4877],[-99.0675,19.4881],[-99.0675,19.4881],[-99.0676,19.4883],[-99.0676,19.4884],[-99.0679,19.4889],[-99.0679,19.4890],[-99.0680,19.4891],[-99.0680,19.4892],[-99.0674,19.4904],[-99.0672,19.4909],[-99.0671,19.4912],[-99.0669,19.4916],[-99.0668,19.4920],[-99.0667,19.4922],[-99.0667,19.4923],[-99.0666,19.4924],[-99.0663,19.4932],[-99.0661,19.4937],[-99.0661,19.4937],[-99.0661,19.4937],[-99.0661,19.4937],[-99.0661,19.4937],[-99.0661,19.4937],[-99.0659,19.4941],[-99.0655,19.4950],[-99.0654,19.4952],[-99.0653,19.4956],[-99.0653,19.4956],[-99.0652,19.4957],[-99.0651,19.4959],[-99.0650,19.4963],[-99.0648,19.4966],[-99.0647,19.4969],[-99.0647,19.4970],[-99.0643,19.4977],[-99.0643,19.4978],[-99.0642,19.4980],[-99.0639,19.4988],[-99.0646,19.4991],[-99.0652,19.4993],[-99.0653,19.4993],[-99.0660,19.4996],[-99.0669,19.4999],[-99.0673,19.5001],[-99.0681,19.5004],[-99.0684,19.5005],[-99.0688,19.5007],[-99.0692,19.5008],[-99.0697,19.5010],[-99.0701,19.5012],[-99.0707,19.5014],[-99.0714,19.5017],[-99.0723,19.5020],[-99.0728,19.5022],[-99.0730,19.5023],[-99.0732,19.5024],[-99.0733,19.5024],[-99.0735,19.5025],[-99.0740,19.5027],[-99.0741,19.5027],[-99.0743,19.5028],[-99.0748,19.5029],[-99.0749,19.5030],[-99.0752,19.5031],[-99.0757,19.5033],[-99.0760,19.5034],[-99.0760,19.5034],[-99.0764,19.5036],[-99.0772,19.5039],[-99.0775,19.5040],[-99.0777,19.5041],[-99.0779,19.5042],[-99.0789,19.5046],[-99.0792,19.5048],[-99.0796,19.5049],[-99.0800,19.5051],[-99.0801,19.5051],[-99.0806,19.5054],[-99.0810,19.5055],[-99.0814,19.5057],[-99.0818,19.5059],[-99.0819,19.5059],[-99.0823,19.5061],[-99.0828,19.5063],[-99.0828,19.5063],[-99.0833,19.5065],[-99.0837,19.5067],[-99.0841,19.5069],[-99.0846,19.5071],[-99.0849,19.5073],[-99.0851,19.5073],[-99.0854,19.5075],[-99.0857,19.5076],[-99.0865,19.5079],[-99.0869,19.5081],[-99.0873,19.5082],[-99.0874,19.5083],[-99.0876,19.5084],[-99.0878,19.5085],[-99.0883,19.5087],[-99.0886,19.5088],[-99.0889,19.5089],[-99.0893,19.5091],[-99.0895,19.5092],[-99.0900,19.5093],[-99.0901,19.5094],[-99.0902,19.5094],[-99.0903,19.5094],[-99.0904,19.5095],[-99.0904,19.5095],[-99.0904,19.5095],[-99.0904,19.5095],[-99.0904,19.5095],[-99.0904,19.5095],[-99.0905,19.5095],[-99.0905,19.5095],[-99.0906,19.5096],[-99.0906,19.5096],[-99.0907,19.5096],[-99.0907,19.5096],[-99.0908,19.5097],[-99.0909,19.5097],[-99.0919,19.5102],[-99.0929,19.5106],[-99.0932,19.5107],[-99.0945,19.5113],[-99.0949,19.5115],[-99.0950,19.5116],[-99.0956,19.5118],[-99.0958,19.5119],[-99.0972,19.5125],[-99.0974,19.5126],[-99.0979,19.5125],[-99.0983,19.5124],[-99.0984,19.5124],[-99.0986,19.5123],[-99.0989,19.5123],[-99.0992,19.5122],[-99.0994,19.5121],[-99.0995,19.5121],[-99.0998,19.5120],[-99.1005,19.5119],[-99.1006,19.5118],[-99.1010,19.5118],[-99.1011,19.5117],[-99.1014,19.5117],[-99.1022,19.5115],[-99.1022,19.5115],[-99.1023,19.5115],[-99.1023,19.5115],[-99.1024,19.5115],[-99.1027,19.5114],[-99.1028,19.5114],[-99.1034,19.5113],[-99.1039,19.5111],[-99.1042,19.5109],[-99.1044,19.5108],[-99.1048,19.5107],[-99.1055,19.5103],[-99.1059,19.5099],[-99.1060,19.5100],[-99.1061,19.5102],[-99.1062,19.5102],[-99.1064,19.5103],[-99.1065,19.5103],[-99.1065,19.5103],[-99.1066,19.5104],[-99.1067,19.5104],[-99.1069,19.5103],[-99.1070,19.5102],[-99.1070,19.5102],[-99.1071,19.5101],[-99.1073,19.5097],[-99.1074,19.5099],[-99.1074,19.5100],[-99.1074,19.5103],[-99.1075,19.5104],[-99.1075,19.5107],[-99.1076,19.5110],[-99.1077,19.5109],[-99.1077,19.5109],[-99.1078,19.5105],[-99.1086,19.5105],[-99.1087,19.5106],[-99.1087,19.5107],[-99.1088,19.5108],[-99.1089,19.5109],[-99.1090,19.5111],[-99.1091,19.5107],[-99.1092,19.5106],[-99.1094,19.5103],[-99.1099,19.5105],[-99.1100,19.5106],[-99.1102,19.5110],[-99.1103,19.5111],[-99.1106,19.5112],[-99.1106,19.5112],[-99.1106,19.5112],[-99.1144,19.5111],[-99.1159,19.5131],[-99.1169,19.5132],[-99.1172,19.5135],[-99.1209,19.5162],[-99.1210,19.5163],[-99.1210,19.5163],[-99.1210,19.5163],[-99.1239,19.5191],[-99.1240,19.5192],[-99.1242,19.5194],[-99.1242,19.5195],[-99.1243,19.5196],[-99.1244,19.5196],[-99.1248,19.5200],[-99.1251,19.5203],[-99.1251,19.5203],[-99.1253,19.5205],[-99.1254,19.5206],[-99.1257,19.5210],[-99.1259,19.5212],[-99.1259,19.5213],[-99.1262,19.5217],[-99.1262,19.5217],[-99.1262,19.5217],[-99.1264,19.5222],[-99.1264,19.5223],[-99.1267,19.5228],[-99.1267,19.5228],[-99.1271,19.5235],[-99.1271,19.5235],[-99.1272,19.5238],[-99.1273,19.5239],[-99.1274,19.5240],[-99.1274,19.5241],[-99.1275,19.5242],[-99.1276,19.5242],[-99.1277,19.5243],[-99.1278,19.5244],[-99.1280,19.5245],[-99.1281,19.5253],[-99.1282,19.5259],[-99.1281,19.5266],[-99.1274,19.5317],[-99.1274,19.5351],[-99.1306,19.5361],[-99.1303,19.5365],[-99.1299,19.5370],[-99.1281,19.5394],[-99.1274,19.5401],[-99.1263,19.5413],[-99.1260,19.5416],[-99.1257,19.5420],[-99.1257,19.5420],[-99.1254,19.5424],[-99.1253,19.5425],[-99.1247,19.5434],[-99.1246,19.5434],[-99.1242,19.5440],[-99.1242,19.5440],[-99.1235,19.5447],[-99.1234,19.5448],[-99.1232,19.5450],[-99.1227,19.5454],[-99.1226,19.5456],[-99.1226,19.5458],[-99.1222,19.5464],[-99.1222,19.5465],[-99.1220,19.5469],[-99.1219,19.5471],[-99.1217,19.5474],[-99.1216,19.5477],[-99.1215,19.5481],[-99.1213,19.5485],[-99.1212,19.5487],[-99.1210,19.5491],[-99.1204,19.5498],[-99.1204,19.5499],[-99.1185,19.5522],[-99.1156,19.5540],[-99.1157,19.5558],[-99.1157,19.5567],[-99.1149,19.5576],[-99.1112,19.5615],[-99.1081,19.5649],[-99.1118,19.5687],[-99.1124,19.5712],[-99.1129,19.5733],[-99.1130,19.5737],[-99.1147,19.5798],[-99.1169,19.5814],[-99.1186,19.5845],[-99.1179,19.5906],[-99.1185,19.5911],[-99.1187,19.5913],[-99.1190,19.5915],[-99.1195,19.5920],[-99.1195,19.5920],[-99.1196,19.5920],[-99.1208,19.5922],[-99.1221,19.5925],[-99.1237,19.5928],[-99.1270,19.5885],[-99.1284,19.5880],[-99.1307,19.5871],[-99.1338,19.5862],[-99.1338,19.5849],[-99.1348,19.5839],[-99.1379,19.5811],[-99.1391,19.5785],[-99.1396,19.5754],[-99.1404,19.5748],[-99.1435,19.5723],[-99.1437,19.5722],[-99.1448,19.5708],[-99.1458,19.5687],[-99.1459,19.5675],[-99.1459,19.5675],[-99.1460,19.5659],[-99.1468,19.5646],[-99.1490,19.5624],[-99.1492,19.5620],[-99.1509,19.5605],[-99.1516,19.5614],[-99.1528,19.5620],[-99.1533,19.5616],[-99.1542,19.5614],[-99.1561,19.5602],[-99.1581,19.5574],[-99.1580,19.5565],[-99.1578,19.5560],[-99.1576,19.5550],[-99.1581,19.5537],[-99.1593,19.5519],[-99.1609,19.5493],[-99.1601,19.5491],[-99.1600,19.5491],[-99.1598,19.5492],[-99.1597,19.5492],[-99.1595,19.5492],[-99.1593,19.5492],[-99.1592,19.5492],[-99.1592,19.5492],[-99.1593,19.5491],[-99.1594,19.5490],[-99.1593,19.5490],[-99.1585,19.5488],[-99.1585,19.5487],[-99.1586,19.5483],[-99.1582,19.5481],[-99.1581,19.5481],[-99.1576,19.5478],[-99.1570,19.5476],[-99.1566,19.5474],[-99.1559,19.5471],[-99.1554,19.5469],[-99.1554,19.5469],[-99.1553,19.5469],[-99.1547,19.5465],[-99.1544,19.5464],[-99.1542,19.5463],[-99.1530,19.5458],[-99.1529,19.5457],[-99.1529,19.5457],[-99.1515,19.5451],[-99.1511,19.5449],[-99.1511,19.5448],[-99.1512,19.5446],[-99.1514,19.5443],[-99.1516,19.5439],[-99.1520,19.5434],[-99.1520,19.5434],[-99.1521,19.5432],[-99.1521,19.5432],[-99.1521,19.5432],[-99.1521,19.5432],[-99.1521,19.5432],[-99.1521,19.5432],[-99.1521,19.5432],[-99.1523,19.5429],[-99.1524,19.5427],[-99.1526,19.5423],[-99.1529,19.5419],[-99.1532,19.5414],[-99.1533,19.5414],[-99.1533,19.5412],[-99.1536,19.5409],[-99.1539,19.5403],[-99.1540,19.5403],[-99.1541,19.5401],[-99.1546,19.5394],[-99.1553,19.5386],[-99.1560,19.5377],[-99.1567,19.5369],[-99.1571,19.5365],[-99.1573,19.5362],[-99.1579,19.5354],[-99.1579,19.5354],[-99.1580,19.5353],[-99.1585,19.5339],[-99.1584,19.5339],[-99.1578,19.5335],[-99.1571,19.5331],[-99.1570,19.5331],[-99.1558,19.5324],[-99.1559,19.5324],[-99.1561,19.5321],[-99.1565,19.5316],[-99.1567,19.5314],[-99.1567,19.5314],[-99.1569,19.5311],[-99.1572,19.5307],[-99.1574,19.5305],[-99.1574,19.5304],[-99.1574,19.5304],[-99.1575,19.5303],[-99.1583,19.5292],[-99.1584,19.5291],[-99.1584,19.5291],[-99.1585,19.5290],[-99.1586,19.5289],[-99.1583,19.5288],[-99.1571,19.5283],[-99.1568,19.5281],[-99.1573,19.5279],[-99.1588,19.5273],[-99.1590,19.5271],[-99.1592,19.5269],[-99.1596,19.5270],[-99.1599,19.5271],[-99.1603,19.5272],[-99.1607,19.5273],[-99.1610,19.5274],[-99.1612,19.5275],[-99.1617,19.5276],[-99.1617,19.5276],[-99.1618,19.5276],[-99.1620,19.5277],[-99.1621,19.5277],[-99.1622,19.5277],[-99.1626,19.5279],[-99.1628,19.5279],[-99.1630,19.5280],[-99.1642,19.5283],[-99.1646,19.5284],[-99.1652,19.5286],[-99.1658,19.5287],[-99.1663,19.5289],[-99.1667,19.5290],[-99.1674,19.5292],[-99.1677,19.5293],[-99.1677,19.5293],[-99.1680,19.5294],[-99.1681,19.5294],[-99.1686,19.5296],[-99.1687,19.5296],[-99.1691,19.5298],[-99.1699,19.5300],[-99.1700,19.5300],[-99.1704,19.5302],[-99.1704,19.5302],[-99.1715,19.5306],[-99.1716,19.5306],[-99.1719,19.5307],[-99.1720,19.5307],[-99.1723,19.5309],[-99.1724,19.5309],[-99.1726,19.5310],[-99.1741,19.5316],[-99.1745,19.5317],[-99.1750,19.5319],[-99.1754,19.5320],[-99.1760,19.5320],[-99.1761,19.5318],[-99.1763,19.5310],[-99.1763,19.5307],[-99.1763,19.5306],[-99.1770,19.5293],[-99.1766,19.5291],[-99.1766,19.5291],[-99.1763,19.5289],[-99.1762,19.5289],[-99.1762,19.5289],[-99.1758,19.5295],[-99.1755,19.5298],[-99.1754,19.5301],[-99.1753,19.5300],[-99.1744,19.5294],[-99.1738,19.5290],[-99.1735,19.5287],[-99.1734,19.5287],[-99.1730,19.5284],[-99.1728,19.5283],[-99.1726,19.5281],[-99.1726,19.5281],[-99.1725,19.5280],[-99.1721,19.5277],[-99.1718,19.5275],[-99.1718,19.5275],[-99.1714,19.5272],[-99.1719,19.5267],[-99.1721,19.5265],[-99.1724,19.5263],[-99.1731,19.5256],[-99.1731,19.5255],[-99.1735,19.5252],[-99.1738,19.5249],[-99.1740,19.5247],[-99.1742,19.5245],[-99.1745,19.5243],[-99.1746,19.5241],[-99.1744,19.5237],[-99.1743,19.5236],[-99.1742,19.5235],[-99.1737,19.5233],[-99.1732,19.5232],[-99.1730,19.5231],[-99.1728,19.5230],[-99.1726,19.5230],[-99.1723,19.5229],[-99.1718,19.5227],[-99.1718,19.5227],[-99.1714,19.5226],[-99.1709,19.5224],[-99.1708,19.5224],[-99.1705,19.5223],[-99.1704,19.5222],[-99.1700,19.5221],[-99.1695,19.5218],[-99.1691,19.5215],[-99.1686,19.5213],[-99.1682,19.5210],[-99.1678,19.5208],[-99.1678,19.5208],[-99.1678,19.5208],[-99.1678,19.5208],[-99.1673,19.5205],[-99.1673,19.5205],[-99.1673,19.5205],[-99.1668,19.5202],[-99.1664,19.5200],[-99.1660,19.5197],[-99.1647,19.5190],[-99.1647,19.5190],[-99.1647,19.5190],[-99.1647,19.5190],[-99.1647,19.5190],[-99.1647,19.5190],[-99.1641,19.5186],[-99.1636,19.5183],[-99.1630,19.5180],[-99.1629,19.5177],[-99.1625,19.5167],[-99.1623,19.5162],[-99.1622,19.5160],[-99.1618,19.5148],[-99.1613,19.5135],[-99.1611,19.5130],[-99.1610,19.5127],[-99.1610,19.5127],[-99.1608,19.5124],[-99.1608,19.5124],[-99.1608,19.5124],[-99.1608,19.5124],[-99.1608,19.5124],[-99.1607,19.5119],[-99.1602,19.5107],[-99.1596,19.5092],[-99.1596,19.5091],[-99.1595,19.5089],[-99.1595,19.5089],[-99.1595,19.5089],[-99.1595,19.5088],[-99.1590,19.5077],[-99.1590,19.5077],[-99.1590,19.5077],[-99.1590,19.5077],[-99.1590,19.5077],[-99.1590,19.5077],[-99.1589,19.5072],[-99.1588,19.5072],[-99.1584,19.5061],[-99.1584,19.5059],[-99.1579,19.5047],[-99.1578,19.5043],[-99.1577,19.5042],[-99.1572,19.5028],[-99.1569,19.5027],[-99.1568,19.5022],[-99.1566,19.5017],[-99.1564,19.5012],[-99.1561,19.5003],[-99.1558,19.4996],[-99.1557,19.4994],[-99.1546,19.4964],[-99.1544,19.4957],[-99.1542,19.4952],[-99.1540,19.4946],[-99.1534,19.4930],[-99.1531,19.4923],[-99.1530,19.4920],[-99.1530,19.4919],[-99.1522,19.4898],[-99.1519,19.4892],[-99.1518,19.4889],[-99.1515,19.4880],[-99.1512,19.4872],[-99.1509,19.4864],[-99.1505,19.4853],[-99.1501,19.4842],[-99.1498,19.4835],[-99.1497,19.4832],[-99.1494,19.4825],[-99.1494,19.4825],[-99.1494,19.4823],[-99.1488,19.4809],[-99.1487,19.4805],[-99.1485,19.4801],[-99.1483,19.4794],[-99.1482,19.4792],[-99.1481,19.4790],[-99.1479,19.4785],[-99.1478,19.4781],[-99.1476,19.4777],[-99.1475,19.4774],[-99.1473,19.4769],[-99.1472,19.4768],[-99.1470,19.4763],[-99.1469,19.4758],[-99.1467,19.4753],[-99.1465,19.4747],[-99.1464,19.4744],[-99.1461,19.4738],[-99.1461,19.4737],[-99.1459,19.4731],[-99.1457,19.4725],[-99.1455,19.4720],[-99.1452,19.4714],[-99.1450,19.4710],[-99.1450,19.4708],[-99.1449,19.4705],[-99.1448,19.4704],[-99.1447,19.4700],[-99.1445,19.4695],[-99.1444,19.4692],[-99.1441,19.4686],[-99.1441,19.4685],[-99.1440,19.4683],[-99.1438,19.4676],[-99.1437,19.4673],[-99.1432,19.4660],[-99.1431,19.4658],[-99.1431,19.4657],[-99.1431,19.4654],[-99.1431,19.4651],[-99.1425,19.4656],[-99.1424,19.4656],[-99.1421,19.4658],[-99.1419,19.4658],[-99.1417,19.4658],[-99.1417,19.4658],[-99.1415,19.4657],[-99.1414,19.4657],[-99.1413,19.4656],[-99.1412,19.4655],[-99.1411,19.4654],[-99.1410,19.4654],[-99.1408,19.4654],[-99.1398,19.4652],[-99.1392,19.4652],[-99.1386,19.4652],[-99.1375,19.4651],[-99.1361,19.4651],[-99.1349,19.4650],[-99.1342,19.4650],[-99.1338,19.4650],[-99.1337,19.4649],[-99.1333,19.4649],[-99.1331,19.4648],[-99.1329,19.4646],[-99.1324,19.4644],[-99.1314,19.4638],[-99.1309,19.4635],[-99.1304,19.4632],[-99.1295,19.4627],[-99.1292,19.4625],[-99.1288,19.4623],[-99.1285,19.4621],[-99.1281,19.4618],[-99.1276,19.4615],[-99.1274,19.4615],[-99.1264,19.4612],[-99.1255,19.4608],[-99.1246,19.4605],[-99.1242,19.4604],[-99.1237,19.4603],[-99.1233,19.4601],[-99.1229,19.4600],[-99.1224,19.4598],[-99.1222,19.4598],[-99.1222,19.4598],[-99.1221,19.4597],[-99.1220,19.4597],[-99.1218,19.4596],[-99.1216,19.4595],[-99.1211,19.4594],[-99.1203,19.4591],[-99.1203,19.4591],[-99.1198,19.4590],[-99.1194,19.4588],[-99.1190,19.4587],[-99.1190,19.4587],[-99.1185,19.4585],[-99.1185,19.4585],[-99.1180,19.4584],[-99.1177,19.4582],[-99.1175,19.4582],[-99.1175,19.4582],[-99.1173,19.4581],[-99.1173,19.4581],[-99.1171,19.4580],[-99.1171,19.4579],[-99.1170,19.4579],[-99.1169,19.4578],[-99.1167,19.4577],[-99.1163,19.4573],[-99.1162,19.4573],[-99.1160,19.4571],[-99.1158,19.4570],[-99.1155,19.4567],[-99.1150,19.4563],[-99.1147,19.4561],[-99.1144,19.4559],[-99.1140,19.4555],[-99.1139,19.4554],[-99.1135,19.4551],[-99.1134,19.4550],[-99.1130,19.4547],[-99.1127,19.4545],[-99.1126,19.4544],[-99.1123,19.4541],[-99.1122,19.4540],[-99.1120,19.4539],[-99.1119,19.4538],[-99.1118,19.4538],[-99.1116,19.4537],[-99.1114,19.4536],[-99.1114,19.4536],[-99.1112,19.4535],[-99.1109,19.4534],[-99.1107,19.4534],[-99.1105,19.4533],[-99.1104,19.4533],[-99.1103,19.4532],[-99.1101,19.4532],[-99.1099,19.4531],[-99.1098,19.4530],[-99.1097,19.4530],[-99.1095,19.4529],[-99.1089,19.4527],[-99.1089,19.4529],[-99.1087,19.4528],[-99.1085,19.4528],[-99.1086,19.4527],[-99.1086,19.4527],[-99.1086,19.4526],[-99.1086,19.4526],[-99.1081,19.4524],[-99.1079,19.4523],[-99.1077,19.4522],[-99.1073,19.4521],[-99.1071,19.4520],[-99.1069,19.4519],[-99.1067,19.4519],[-99.1067,19.4519],[-99.1064,19.4518],[-99.1060,19.4516],[-99.1056,19.4515],[-99.1054,19.4514],[-99.1047,19.4512],[-99.1043,19.4510],[-99.1041,19.4509],[-99.1039,19.4509],[-99.1035,19.4507],[-99.1031,19.4506],[-99.1030,19.4505],[-99.1025,19.4504],[-99.1022,19.4502],[-99.1020,19.4502],[-99.1020,19.4502],[-99.1020,19.4502],[-99.1019,19.4501],[-99.1014,19.4500],[-99.1014,19.4500],[-99.1014,19.4499],[-99.1013,19.4499],[-99.1011,19.4499],[-99.1008,19.4498],[-99.1006,19.4498],[-99.1005,19.4498],[-99.1003,19.4498],[-99.0998,19.4499],[-99.0997,19.4499],[-99.0994,19.4501],[-99.0990,19.4502],[-99.0988,19.4503],[-99.0984,19.4504],[-99.0980,19.4506],[-99.0979,19.4506],[-99.0975,19.4508],[-99.0970,19.4510],[-99.0965,19.4511],[-99.0959,19.4513],[-99.0959,19.4514],[-99.0954,19.4516],[-99.0953,19.4516],[-99.0949,19.4517],[-99.0947,19.4518],[-99.0945,19.4518],[-99.0942,19.4518],[-99.0939,19.4518],[-99.0938,19.4518],[-99.0937,19.4517],[-99.0935,19.4517],[-99.0932,19.4516],[-99.0930,19.4515],[-99.0929,19.4514],[-99.0927,19.4512],[-99.0925,19.4511],[-99.0921,19.4508],[-99.0919,19.4506],[-99.0918,19.4504],[-99.0916,19.4502],[-99.0915,19.4501],[-99.0913,19.4500],[-99.0912,19.4499],[-99.0908,19.4495],[-99.0906,19.4494],[-99.0904,19.4492],[-99.0901,19.4488],[-99.0898,19.4486],[-99.0897,19.4485],[-99.0894,19.4482],[-99.0890,19.4479],[-99.0889,19.4477],[-99.0886,19.4475],[-99.0885,19.4474],[-99.0882,19.4471],[-99.0879,19.4469],[-99.0877,19.4466],[-99.0875,19.4464],[-99.0873,19.4461],[-99.0872,19.4458],[-99.0869,19.4460],[-99.0853,19.4471],[-99.0853,19.4471],[-99.0842,19.4478],[-99.0839,19.4481],[-99.0830,19.4487],[-99.0827,19.4489],[-99.0819,19.4495],[-99.0815,19.4498],[-99.0812,19.4500],[-99.0809,19.4502],[-99.0806,19.4501],[-99.0803,19.4501],[-99.0793,19.4498],[-99.0791,19.4498],[-99.0787,19.4497],[-99.0781,19.4497],[-99.0770,19.4494],[-99.0757,19.4489],[-99.0755,19.4488],[-99.0753,19.4488],[-99.0745,19.4485],[-99.0710,19.4473],[-99.0704,19.4471],[-99.0698,19.4469],[-99.0692,19.4467],[-99.0686,19.4465],[-99.0685,19.4465],[-99.0684,19.4464],[-99.0682,19.4464],[-99.0681,19.4464],[-99.0678,19.4465],[-99.0674,19.4466],[-99.0672,19.4465],[-99.0652,19.4458],[-99.0647,19.4456],[-99.0640,19.4454],[-99.0634,19.4452],[-99.0628,19.4450],[-99.0626,19.4449],[-99.0623,19.4448]]]},"properties":{"cvegeo":"09005","match":"Municipality","name":"Gustavo A. Madero","state":"Ciudad de México","municipality":"Gustavo A. Madero","city":null,"neighborhood":null,"category":"Alcaldía","type":null,"postalcode":null,"population":"1173351","dwellings":"370297","occupied_dwellings":null,"pricem2":null,"propertyprice":null,"ids_prom":"0.244","nse":"D","nse_label":"D (20%)","nse_score":"4.089","nse_ab":"33350","nse_cplus":"53101","nse_c":"57137","nse_cminus":"58926","nse_dplus":"53393","nse_d":"68064","nse_e":"14595","nse_total":"338566","nse_ab_pct":"9.85","nse_cplus_pct":"15.68","nse_c_pct":"16.88","nse_cminus_pct":"17.40","nse_dplus_pct":"15.77","nse_d_pct":"20.10","nse_e_pct":"4.31"}},{"type":"Feature","geometry":{"type":"Polygon","coordinates":[[[-99.1225,19.3757],[-99.1225,19.3759],[-99.1226,19.3774],[-99.1226,19.3776],[-99.1226,19.3777],[-99.1226,19.3779],[-99.1226,19.3779],[-99.1226,19.3781],[-99.1226,19.3789],[-99.1226,19.3800],[-99.1226,19.3800],[-99.1226,19.3801],[-99.1226,19.3803],[-99.1226,19.3803],[-99.1226,19.3813],[-99.1226,19.3815],[-99.1225,19.3824],[-99.1225,19.3824],[-99.1211,19.3823],[-99.1209,19.3823],[-99.1206,19.3823],[-99.1204,19.3823],[-99.1201,19.3823],[-99.1198,19.3823],[-99.1194,19.3823],[-99.1191,19.3822],[-99.1188,19.3822],[-99.1184,19.3822],[-99.1182,19.3822],[-99.1181,19.3822],[-99.1179,19.3822],[-99.1178,19.3822],[-99.1178,19.3822],[-99.1177,19.3822],[-99.1177,19.3822],[-99.1176,19.3822],[-99.1174,19.3821],[-99.1172,19.3821],[-99.1170,19.3821],[-99.1169,19.3821],[-99.1168,19.3821],[-99.1167,19.3821],[-99.1165,19.3821],[-99.1163,19.3821],[-99.1161,19.3821],[-99.1160,19.3820],[-99.1158,19.3820],[-99.1157,19.3820],[-99.1156,19.3820],[-99.1154,19.3820],[-99.1153,19.3820],[-99.1151,19.3819],[-99.1150,19.3819],[-99.1148,19.3819],[-99.1147,19.3819],[-99.1145,19.3818],[-99.1144,19.3818],[-99.1141,19.3818],[-99.1139,19.3818],[-99.1138,19.3817],[-99.1136,19.3817],[-99.1134,19.3817],[-99.1131,19.3817],[-99.1131,19.3817],[-99.1128,19.3817],[-99.1127,19.3817],[-99.1126,19.3816],[-99.1124,19.3816],[-99.1122,19.3816],[-99.1120,19.3816],[-99.1120,19.3815],[-99.1117,19.3815],[-99.1116,19.3815],[-99.1113,19.3814],[-99.1111,19.3814],[-99.1109,19.3814],[-99.1107,19.3813],[-99.1106,19.3813],[-99.1106,19.3813],[-99.1105,19.3813],[-99.1105,19.3813],[-99.1104,19.3813],[-99.1104,19.3813],[-99.1094,19.3812],[-99.1094,19.3812],[-99.1094,19.3812],[-99.1092,19.3811],[-99.1089,19.3811],[-99.1088,19.3811],[-99.1086,19.3811],[-99.1085,19.3811],[-99.1080,19.3810],[-99.1077,19.3810],[-99.1074,19.3809],[-99.1074,19.3809],[-99.1073,19.3809],[-99.1072,19.3809],[-99.1070,19.3809],[-99.1069,19.3809],[-99.1069,19.3809],[-99.1067,19.3809],[-99.1066,19.3809],[-99.1063,19.3809],[-99.1061,19.3808],[-99.1059,19.3808],[-99.1057,19.3808],[-99.1057,19.3808],[-99.1054,19.3808],[-99.1051,19.3807],[-99.1048,19.3807],[-99.1043,19.3806],[-99.1038,19.3806],[-99.1034,19.3805],[-99.1030,19.3804],[-99.1013,19.3802],[-99.1011,19.3802],[-99.1011,19.3802],[-99.1008,19.3802],[-99.0995,19.3801],[-99.0995,19.3801],[-99.0991,19.3800],[-99.0987,19.3800],[-99.0983,19.3800],[-99.0980,19.3799],[-99.0976,19.3799],[-99.0973,19.3798],[-99.0970,19.3798],[-99.0967,19.3798],[-99.0963,19.3798],[-99.0960,19.3797],[-99.0957,19.3796],[-99.0956,19.3796],[-99.0955,19.3798],[-99.0953,19.3802],[-99.0951,19.3805],[-99.0949,19.3808],[-99.0948,19.3809],[-99.0947,19.3811],[-99.0946,19.3813],[-99.0944,19.3816],[-99.0939,19.3823],[-99.0935,19.3829],[-99.0932,19.3833],[-99.0931,19.3835],[-99.0930,19.3837],[-99.0930,19.3838],[-99.0929,19.3839],[-99.0929,19.3839],[-99.0929,19.3839],[-99.0928,19.3841],[-99.0928,19.3841],[-99.0923,19.3849],[-99.0922,19.3850],[-99.0919,19.3855],[-99.0916,19.3861],[-99.0912,19.3867],[-99.0909,19.3871],[-99.0907,19.3874],[-99.0905,19.3877],[-99.0905,19.3878],[-99.0904,19.3879],[-99.0902,19.3882],[-99.0899,19.3887],[-99.0897,19.3890],[-99.0895,19.3893],[-99.0893,19.3896],[-99.0891,19.3899],[-99.0890,19.3901],[-99.0888,19.3904],[-99.0887,19.3904],[-99.0886,19.3903],[-99.0882,19.3903],[-99.0879,19.3902],[-99.0875,19.3902],[-99.0871,19.3901],[-99.0869,19.3901],[-99.0868,19.3901],[-99.0867,19.3901],[-99.0866,19.3901],[-99.0865,19.3902],[-99.0864,19.3901],[-99.0849,19.3897],[-99.0846,19.3895],[-99.0845,19.3899],[-99.0844,19.3906],[-99.0843,19.3910],[-99.0843,19.3911],[-99.0842,19.3915],[-99.0841,19.3919],[-99.0840,19.3925],[-99.0840,19.3926],[-99.0838,19.3925],[-99.0836,19.3925],[-99.0836,19.3924],[-99.0832,19.3922],[-99.0831,19.3922],[-99.0828,19.3920],[-99.0824,19.3918],[-99.0824,19.3918],[-99.0821,19.3917],[-99.0819,19.3916],[-99.0818,19.3915],[-99.0814,19.3913],[-99.0814,19.3913],[-99.0811,19.3911],[-99.0809,19.3910],[-99.0807,19.3909],[-99.0804,19.3908],[-99.0804,19.3908],[-99.0799,19.3905],[-99.0794,19.3902],[-99.0794,19.3902],[-99.0789,19.3900],[-99.0788,19.3899],[-99.0784,19.3897],[-99.0779,19.3895],[-99.0773,19.3891],[-99.0768,19.3889],[-99.0763,19.3887],[-99.0759,19.3885],[-99.0748,19.3879],[-99.0745,19.3877],[-99.0745,19.3877],[-99.0743,19.3876],[-99.0741,19.3875],[-99.0741,19.3875],[-99.0739,19.3874],[-99.0735,19.3872],[-99.0730,19.3870],[-99.0725,19.3867],[-99.0721,19.3865],[-99.0717,19.3863],[-99.0714,19.3861],[-99.0709,19.3859],[-99.0707,19.3858],[-99.0704,19.3856],[-99.0699,19.3854],[-99.0695,19.3851],[-99.0690,19.3849],[-99.0676,19.3842],[-99.0667,19.3837],[-99.0666,19.3836],[-99.0664,19.3835],[-99.0662,19.3835],[-99.0662,19.3835],[-99.0658,19.3835],[-99.0655,19.3834],[-99.0655,19.3834],[-99.0655,19.3834],[-99.0650,19.3833],[-99.0641,19.3831],[-99.0637,19.3831],[-99.0634,19.3830],[-99.0632,19.3830],[-99.0624,19.3829],[-99.0615,19.3827],[-99.0610,19.3826],[-99.0608,19.3826],[-99.0608,19.3830],[-99.0608,19.3830],[-99.0608,19.3831],[-99.0608,19.3831],[-99.0608,19.3833],[-99.0608,19.3835],[-99.0608,19.3835],[-99.0608,19.3835],[-99.0608,19.3837],[-99.0608,19.3837],[-99.0608,19.3837],[-99.0606,19.3843],[-99.0605,19.3853],[-99.0604,19.3857],[-99.0604,19.3861],[-99.0603,19.3862],[-99.0603,19.3867],[-99.0602,19.3870],[-99.0602,19.3873],[-99.0600,19.3880],[-99.0600,19.3883],[-99.0599,19.3887],[-99.0599,19.3887],[-99.0599,19.3887],[-99.0599,19.3891],[-99.0598,19.3893],[-99.0598,19.3893],[-99.0598,19.3896],[-99.0597,19.3900],[-99.0597,19.3903],[-99.0597,19.3903],[-99.0596,19.3907],[-99.0595,19.3912],[-99.0595,19.3914],[-99.0594,19.3917],[-99.0594,19.3919],[-99.0594,19.3923],[-99.0592,19.3930],[-99.0592,19.3933],[-99.0592,19.3934],[-99.0591,19.3938],[-99.0590,19.3943],[-99.0590,19.3945],[-99.0590,19.3946],[-99.0589,19.3951],[-99.0588,19.3957],[-99.0588,19.3961],[-99.0587,19.3971],[-99.0586,19.3978],[-99.0586,19.3980],[-99.0586,19.3982],[-99.0586,19.3982],[-99.0586,19.3983],[-99.0586,19.3983],[-99.0585,19.3985],[-99.0585,19.3985],[-99.0585,19.3986],[-99.0584,19.3998],[-99.0584,19.4000],[-99.0583,19.4003],[-99.0583,19.4007],[-99.0583,19.4007],[-99.0581,19.4007],[-99.0581,19.4007],[-99.0581,19.4008],[-99.0581,19.4010],[-99.0579,19.4027],[-99.0579,19.4034],[-99.0578,19.4039],[-99.0578,19.4043],[-99.0577,19.4047],[-99.0577,19.4049],[-99.0577,19.4054],[-99.0576,19.4058],[-99.0576,19.4063],[-99.0575,19.4066],[-99.0575,19.4067],[-99.0575,19.4070],[-99.0574,19.4079],[-99.0574,19.4082],[-99.0573,19.4086],[-99.0572,19.4093],[-99.0572,19.4097],[-99.0572,19.4098],[-99.0572,19.4101],[-99.0571,19.4107],[-99.0571,19.4109],[-99.0569,19.4123],[-99.0569,19.4124],[-99.0568,19.4130],[-99.0568,19.4132],[-99.0568,19.4135],[-99.0568,19.4138],[-99.0567,19.4141],[-99.0567,19.4146],[-99.0567,19.4148],[-99.0566,19.4150],[-99.0566,19.4157],[-99.0566,19.4159],[-99.0565,19.4167],[-99.0564,19.4171],[-99.0564,19.4175],[-99.0563,19.4182],[-99.0563,19.4182],[-99.0563,19.4182],[-99.0562,19.4193],[-99.0562,19.4193],[-99.0562,19.4193],[-99.0561,19.4198],[-99.0560,19.4205],[-99.0560,19.4205],[-99.0559,19.4216],[-99.0558,19.4220],[-99.0558,19.4221],[-99.0559,19.4222],[-99.0560,19.4222],[-99.0561,19.4221],[-99.0561,19.4221],[-99.0562,19.4220],[-99.0563,19.4218],[-99.0564,19.4217],[-99.0566,19.4216],[-99.0567,19.4214],[-99.0568,19.4214],[-99.0569,19.4213],[-99.0570,19.4212],[-99.0571,19.4212],[-99.0573,19.4211],[-99.0574,19.4211],[-99.0576,19.4210],[-99.0578,19.4209],[-99.0579,19.4209],[-99.0579,19.4209],[-99.0599,19.4208],[-99.0617,19.4208],[-99.0637,19.4208],[-99.0648,19.4208],[-99.0657,19.4208],[-99.0679,19.4208],[-99.0680,19.4208],[-99.0682,19.4208],[-99.0684,19.4207],[-99.0687,19.4206],[-99.0690,19.4205],[-99.0693,19.4204],[-99.0695,19.4203],[-99.0698,19.4201],[-99.0699,19.4199],[-99.0703,19.4193],[-99.0706,19.4188],[-99.0707,19.4187],[-99.0713,19.4177],[-99.0714,19.4176],[-99.0714,19.4176],[-99.0715,19.4175],[-99.0720,19.4167],[-99.0720,19.4167],[-99.0722,19.4163],[-99.0723,19.4162],[-99.0731,19.4148],[-99.0732,19.4147],[-99.0732,19.4147],[-99.0733,19.4146],[-99.0733,19.4146],[-99.0733,19.4145],[-99.0734,19.4144],[-99.0734,19.4144],[-99.0735,19.4143],[-99.0735,19.4143],[-99.0738,19.4139],[-99.0740,19.4135],[-99.0744,19.4129],[-99.0748,19.4124],[-99.0750,19.4120],[-99.0751,19.4118],[-99.0753,19.4115],[-99.0755,19.4113],[-99.0756,19.4110],[-99.0759,19.4106],[-99.0761,19.4103],[-99.0763,19.4100],[-99.0763,19.4099],[-99.0766,19.4095],[-99.0767,19.4095],[-99.0767,19.4094],[-99.0767,19.4094],[-99.0768,19.4093],[-99.0769,19.4092],[-99.0769,19.4091],[-99.0769,19.4091],[-99.0769,19.4091],[-99.0769,19.4091],[-99.0769,19.4091],[-99.0770,19.4090],[-99.0771,19.4088],[-99.0772,19.4087],[-99.0772,19.4087],[-99.0773,19.4085],[-99.0773,19.4085],[-99.0771,19.4084],[-99.0771,19.4084],[-99.0776,19.4077],[-99.0780,19.4071],[-99.0781,19.4071],[-99.0781,19.4071],[-99.0782,19.4071],[-99.0785,19.4070],[-99.0790,19.4070],[-99.0791,19.4070],[-99.0795,19.4069],[-99.0797,19.4069],[-99.0798,19.4069],[-99.0799,19.4069],[-99.0802,19.4069],[-99.0808,19.4070],[-99.0809,19.4070],[-99.0811,19.4070],[-99.0813,19.4070],[-99.0814,19.4070],[-99.0816,19.4071],[-99.0819,19.4071],[-99.0825,19.4072],[-99.0831,19.4073],[-99.0836,19.4073],[-99.0836,19.4073],[-99.0837,19.4074],[-99.0841,19.4074],[-99.0847,19.4075],[-99.0853,19.4076],[-99.0857,19.4076],[-99.0857,19.4076],[-99.0858,19.4077],[-99.0859,19.4077],[-99.0864,19.4077],[-99.0869,19.4078],[-99.0875,19.4079],[-99.0883,19.4080],[-99.0889,19.4081],[-99.0895,19.4082],[-99.0902,19.4083],[-99.0903,19.4083],[-99.0903,19.4083],[-99.0904,19.4083],[-99.0905,19.4083],[-99.0911,19.4084],[-99.0916,19.4085],[-99.0916,19.4085],[-99.0920,19.4086],[-99.0923,19.4086],[-99.0926,19.4086],[-99.0927,19.4086],[-99.0930,19.4087],[-99.0930,19.4087],[-99.0931,19.4087],[-99.0931,19.4087],[-99.0935,19.4088],[-99.0939,19.4088],[-99.0943,19.4089],[-99.0948,19.4089],[-99.0952,19.4090],[-99.0956,19.4090],[-99.0957,19.4091],[-99.0961,19.4091],[-99.0964,19.4091],[-99.0970,19.4092],[-99.0970,19.4092],[-99.0971,19.4092],[-99.0971,19.4092],[-99.0971,19.4092],[-99.0971,19.4092],[-99.0972,19.4092],[-99.0972,19.4092],[-99.0975,19.4092],[-99.0978,19.4092],[-99.0979,19.4091],[-99.0980,19.4091],[-99.0980,19.4091],[-99.0980,19.4091],[-99.0981,19.4089],[-99.0981,19.4089],[-99.0989,19.4089],[-99.0992,19.4088],[-99.0997,19.4087],[-99.1011,19.4084],[-99.1019,19.4083],[-99.1028,19.4081],[-99.1035,19.4079],[-99.1048,19.4077],[-99.1056,19.4075],[-99.1061,19.4074],[-99.1074,19.4071],[-99.1102,19.4065],[-99.1122,19.4061],[-99.1128,19.4060],[-99.1132,19.4059],[-99.1135,19.4059],[-99.1135,19.4059],[-99.1136,19.4058],[-99.1136,19.4058],[-99.1139,19.4058],[-99.1144,19.4057],[-99.1144,19.4056],[-99.1146,19.4056],[-99.1146,19.4056],[-99.1151,19.4056],[-99.1156,19.4055],[-99.1164,19.4055],[-99.1164,19.4055],[-99.1167,19.4055],[-99.1167,19.4055],[-99.1172,19.4055],[-99.1172,19.4055],[-99.1181,19.4055],[-99.1188,19.4055],[-99.1197,19.4054],[-99.1201,19.4053],[-99.1204,19.4052],[-99.1210,19.4052],[-99.1211,19.4051],[-99.1216,19.4051],[-99.1216,19.4051],[-99.1216,19.4050],[-99.1216,19.4050],[-99.1217,19.4050],[-99.1223,19.4049],[-99.1233,19.4048],[-99.1237,19.4047],[-99.1239,19.4046],[-99.1256,19.4044],[-99.1256,19.4043],[-99.1257,19.4043],[-99.1257,19.4043],[-99.1257,19.4043],[-99.1257,19.4043],[-99.1257,19.4043],[-99.1259,19.4043],[-99.1259,19.4043],[-99.1260,19.4043],[-99.1264,19.4042],[-99.1265,19.4042],[-99.1271,19.4041],[-99.1275,19.4039],[-99.1277,19.4039],[-99.1279,19.4038],[-99.1281,19.4037],[-99.1283,19.4037],[-99.1287,19.4036],[-99.1287,19.4036],[-99.1287,19.4036],[-99.1288,19.4035],[-99.1289,19.4035],[-99.1290,19.4035],[-99.1291,19.4035],[-99.1291,19.4035],[-99.1295,19.4033],[-99.1298,19.4033],[-99.1300,19.4032],[-99.1303,19.4032],[-99.1305,19.4031],[-99.1306,19.4031],[-99.1309,19.4031],[-99.1311,19.4031],[-99.1311,19.4031],[-99.1315,19.4031],[-99.1316,19.4031],[-99.1320,19.4031],[-99.1322,19.4032],[-99.1325,19.4032],[-99.1327,19.4032],[-99.1329,19.4032],[-99.1332,19.4032],[-99.1337,19.4033],[-99.1337,19.4033],[-99.1337,19.4033],[-99.1338,19.4033],[-99.1338,19.4033],[-99.1339,19.4033],[-99.1339,19.4033],[-99.1339,19.4033],[-99.1343,19.4033],[-99.1347,19.4033],[-99.1352,19.4033],[-99.1354,19.4034],[-99.1355,19.4033],[-99.1356,19.4033],[-99.1357,19.4033],[-99.1357,19.4032],[-99.1357,19.4032],[-99.1359,19.4031],[-99.1360,19.4029],[-99.1363,19.4028],[-99.1364,19.4028],[-99.1366,19.4028],[-99.1368,19.4016],[-99.1368,19.4013],[-99.1369,19.4009],[-99.1371,19.3999],[-99.1372,19.3992],[-99.1363,19.3991],[-99.1358,19.3991],[-99.1353,19.3991],[-99.1347,19.3991],[-99.1340,19.3990],[-99.1335,19.3990],[-99.1329,19.3990],[-99.1324,19.3990],[-99.1319,19.3990],[-99.1315,19.3990],[-99.1309,19.3990],[-99.1310,19.3976],[-99.1310,19.3967],[-99.1312,19.3965],[-99.1313,19.3963],[-99.1314,19.3957],[-99.1315,19.3956],[-99.1317,19.3947],[-99.1317,19.3945],[-99.1317,19.3945],[-99.1317,19.3945],[-99.1318,19.3939],[-99.1318,19.3938],[-99.1319,19.3937],[-99.1319,19.3935],[-99.1319,19.3935],[-99.1320,19.3928],[-99.1321,19.3927],[-99.1321,19.3926],[-99.1321,19.3925],[-99.1321,19.3925],[-99.1321,19.3925],[-99.1321,19.3925],[-99.1321,19.3925],[-99.1324,19.3913],[-99.1324,19.3913],[-99.1324,19.3912],[-99.1324,19.3911],[-99.1327,19.3902],[-99.1327,19.3902],[-99.1327,19.3900],[-99.1328,19.3898],[-99.1328,19.3897],[-99.1329,19.3892],[-99.1330,19.3886],[-99.1330,19.3885],[-99.1330,19.3884],[-99.1332,19.3875],[-99.1334,19.3867],[-99.1335,19.3865],[-99.1336,19.3860],[-99.1336,19.3858],[-99.1336,19.3858],[-99.1336,19.3857],[-99.1336,19.3857],[-99.1339,19.3847],[-99.1339,19.3846],[-99.1339,19.3845],[-99.1339,19.3845],[-99.1339,19.3845],[-99.1341,19.3834],[-99.1342,19.3833],[-99.1342,19.3833],[-99.1342,19.3832],[-99.1343,19.3825],[-99.1344,19.3822],[-99.1344,19.3821],[-99.1344,19.3820],[-99.1344,19.3819],[-99.1346,19.3813],[-99.1347,19.3806],[-99.1350,19.3794],[-99.1350,19.3794],[-99.1350,19.3793],[-99.1350,19.3793],[-99.1353,19.3780],[-99.1354,19.3774],[-99.1355,19.3772],[-99.1354,19.3773],[-99.1350,19.3774],[-99.1342,19.3775],[-99.1339,19.3774],[-99.1333,19.3774],[-99.1329,19.3773],[-99.1324,19.3773],[-99.1320,19.3773],[-99.1315,19.3772],[-99.1314,19.3772],[-99.1311,19.3772],[-99.1308,19.3771],[-99.1306,19.3771],[-99.1302,19.3771],[-99.1301,19.3771],[-99.1297,19.3770],[-99.1296,19.3770],[-99.1295,19.3770],[-99.1295,19.3770],[-99.1291,19.3769],[-99.1284,19.3768],[-99.1284,19.3768],[-99.1283,19.3768],[-99.1278,19.3767],[-99.1276,19.3766],[-99.1274,19.3766],[-99.1273,19.3766],[-99.1272,19.3766],[-99.1268,19.3765],[-99.1267,19.3765],[-99.1266,19.3765],[-99.1264,19.3764],[-99.1264,19.3764],[-99.1262,19.3764],[-99.1260,19.3763],[-99.1260,19.3763],[-99.1259,19.3763],[-99.1256,19.3763],[-99.1254,19.3763],[-99.1253,19.3762],[-99.1250,19.3762],[-99.1246,19.3761],[-99.1245,19.3761],[-99.1244,19.3761],[-99.1241,19.3760],[-99.1240,19.3760],[-99.1236,19.3759],[-99.1232,19.3758],[-99.1227,19.3757],[-99.1225,19.3757]]]},"properties":{"cvegeo":"09006","match":"Municipality","name":"Iztacalco","state":"Ciudad de México","municipality":"Iztacalco","city":null,"neighborhood":null,"category":"Alcaldía","type":null,"postalcode":null,"population":"404695","dwellings":"130175","occupied_dwellings":null,"pricem2":null,"propertyprice":null,"ids_prom":"0.193","nse":"C","nse_label":"C (18%)","nse_score":"4.331","nse_ab":"13361","nse_cplus":"21405","nse_c":"21792","nse_cminus":"21018","nse_dplus":"17045","nse_d":"18897","nse_e":"3705","nse_total":"117223","nse_ab_pct":"11.40","nse_cplus_pct":"18.26","nse_c_pct":"18.59","nse_cminus_pct":"17.93","nse_dplus_pct":"14.54","nse_d_pct":"16.12","nse_e_pct":"3.16"}},{"type":"Feature","geometry":{"type":"Polygon","coordinates":[[[-99.0690,19.2850],[-99.0688,19.2851],[-99.0686,19.2853],[-99.0686,19.2854],[-99.0685,19.2855],[-99.0683,19.2857],[-99.0681,19.2859],[-99.0681,19.2860],[-99.0679,19.2861],[-99.0678,19.2863],[-99.0676,19.2865],[-99.0674,19.2867],[-99.0672,19.2869],[-99.0671,19.2870],[-99.0670,19.2871],[-99.0667,19.2874],[-99.0664,19.2877],[-99.0662,19.2879],[-99.0660,19.2880],[-99.0660,19.2881],[-99.0658,19.2883],[-99.0657,19.2884],[-99.0655,19.2886],[-99.0654,19.2887],[-99.0650,19.2891],[-99.0649,19.2891],[-99.0647,19.2893],[-99.0644,19.2897],[-99.0643,19.2898],[-99.0642,19.2899],[-99.0637,19.2904],[-99.0635,19.2906],[-99.0634,19.2907],[-99.0634,19.2907],[-99.0631,19.2910],[-99.0628,19.2913],[-99.0625,19.2916],[-99.0621,19.2921],[-99.0617,19.2925],[-99.0617,19.2926],[-99.0616,19.2926],[-99.0616,19.2927],[-99.0616,19.2931],[-99.0616,19.2936],[-99.0616,19.2941],[-99.0617,19.2942],[-99.0620,19.2944],[-99.0621,19.2948],[-99.0623,19.2957],[-99.0624,19.2957],[-99.0624,19.2959],[-99.0625,19.2961],[-99.0625,19.2963],[-99.0626,19.2967],[-99.0626,19.2968],[-99.0626,19.2970],[-99.0626,19.2973],[-99.0628,19.2976],[-99.0630,19.2978],[-99.0634,19.2984],[-99.0636,19.2987],[-99.0639,19.2995],[-99.0644,19.3005],[-99.0644,19.3006],[-99.0646,19.3011],[-99.0648,19.3016],[-99.0645,19.3025],[-99.0645,19.3025],[-99.0643,19.3030],[-99.0642,19.3035],[-99.0640,19.3039],[-99.0638,19.3045],[-99.0637,19.3048],[-99.0634,19.3056],[-99.0634,19.3056],[-99.0634,19.3057],[-99.0627,19.3054],[-99.0609,19.3049],[-99.0605,19.3047],[-99.0599,19.3044],[-99.0584,19.3063],[-99.0569,19.3081],[-99.0562,19.3090],[-99.0561,19.3091],[-99.0558,19.3095],[-99.0555,19.3098],[-99.0553,19.3100],[-99.0552,19.3102],[-99.0551,19.3103],[-99.0549,19.3105],[-99.0547,19.3108],[-99.0544,19.3111],[-99.0542,19.3114],[-99.0542,19.3114],[-99.0540,19.3116],[-99.0540,19.3116],[-99.0538,19.3119],[-99.0523,19.3108],[-99.0521,19.3110],[-99.0521,19.3110],[-99.0509,19.3124],[-99.0509,19.3125],[-99.0507,19.3127],[-99.0504,19.3130],[-99.0503,19.3129],[-99.0503,19.3129],[-99.0496,19.3124],[-99.0494,19.3123],[-99.0489,19.3119],[-99.0489,19.3119],[-99.0484,19.3124],[-99.0481,19.3128],[-99.0477,19.3134],[-99.0475,19.3136],[-99.0471,19.3141],[-99.0467,19.3147],[-99.0466,19.3149],[-99.0463,19.3145],[-99.0461,19.3143],[-99.0459,19.3142],[-99.0458,19.3140],[-99.0457,19.3139],[-99.0457,19.3138],[-99.0456,19.3138],[-99.0454,19.3136],[-99.0453,19.3134],[-99.0449,19.3129],[-99.0448,19.3128],[-99.0448,19.3128],[-99.0447,19.3130],[-99.0446,19.3129],[-99.0436,19.3122],[-99.0435,19.3123],[-99.0433,19.3126],[-99.0430,19.3129],[-99.0428,19.3132],[-99.0428,19.3132],[-99.0426,19.3134],[-99.0426,19.3134],[-99.0425,19.3135],[-99.0424,19.3137],[-99.0422,19.3139],[-99.0422,19.3139],[-99.0420,19.3142],[-99.0420,19.3142],[-99.0418,19.3144],[-99.0417,19.3143],[-99.0407,19.3152],[-99.0404,19.3154],[-99.0401,19.3151],[-99.0401,19.3151],[-99.0399,19.3149],[-99.0398,19.3148],[-99.0396,19.3147],[-99.0395,19.3147],[-99.0394,19.3149],[-99.0394,19.3149],[-99.0393,19.3150],[-99.0393,19.3150],[-99.0392,19.3151],[-99.0392,19.3151],[-99.0392,19.3152],[-99.0391,19.3153],[-99.0390,19.3154],[-99.0390,19.3155],[-99.0389,19.3156],[-99.0388,19.3157],[-99.0387,19.3157],[-99.0349,19.3168],[-99.0260,19.3193],[-99.0260,19.3193],[-99.0187,19.3216],[-99.0094,19.3246],[-99.0076,19.3252],[-99.0014,19.3271],[-99.0014,19.3271],[-98.9980,19.3270],[-98.9929,19.3267],[-98.9894,19.3266],[-98.9865,19.3264],[-98.9809,19.3262],[-98.9799,19.3261],[-98.9796,19.3258],[-98.9801,19.3252],[-98.9803,19.3250],[-98.9806,19.3247],[-98.9803,19.3242],[-98.9802,19.3241],[-98.9797,19.3240],[-98.9793,19.3240],[-98.9792,19.3239],[-98.9789,19.3239],[-98.9788,19.3239],[-98.9786,19.3239],[-98.9786,19.3239],[-98.9785,19.3240],[-98.9785,19.3242],[-98.9785,19.3245],[-98.9785,19.3246],[-98.9783,19.3246],[-98.9783,19.3251],[-98.9782,19.3251],[-98.9782,19.3251],[-98.9782,19.3253],[-98.9779,19.3253],[-98.9780,19.3250],[-98.9775,19.3248],[-98.9774,19.3252],[-98.9774,19.3252],[-98.9774,19.3252],[-98.9774,19.3252],[-98.9769,19.3251],[-98.9766,19.3249],[-98.9765,19.3243],[-98.9762,19.3243],[-98.9763,19.3249],[-98.9762,19.3249],[-98.9762,19.3249],[-98.9760,19.3249],[-98.9753,19.3256],[-98.9747,19.3257],[-98.9712,19.3254],[-98.9708,19.3252],[-98.9704,19.3249],[-98.9699,19.3249],[-98.9693,19.3248],[-98.9690,19.3248],[-98.9690,19.3247],[-98.9690,19.3247],[-98.9686,19.3252],[-98.9683,19.3257],[-98.9683,19.3257],[-98.9683,19.3257],[-98.9664,19.3257],[-98.9663,19.3257],[-98.9662,19.3257],[-98.9661,19.3257],[-98.9659,19.3257],[-98.9659,19.3256],[-98.9658,19.3256],[-98.9657,19.3256],[-98.9647,19.3256],[-98.9646,19.3256],[-98.9646,19.3256],[-98.9641,19.3256],[-98.9640,19.3256],[-98.9640,19.3256],[-98.9634,19.3255],[-98.9634,19.3255],[-98.9634,19.3255],[-98.9629,19.3255],[-98.9629,19.3255],[-98.9628,19.3255],[-98.9624,19.3255],[-98.9623,19.3255],[-98.9623,19.3255],[-98.9622,19.3255],[-98.9618,19.3254],[-98.9618,19.3254],[-98.9618,19.3254],[-98.9613,19.3254],[-98.9613,19.3254],[-98.9613,19.3254],[-98.9613,19.3254],[-98.9612,19.3254],[-98.9610,19.3254],[-98.9610,19.3254],[-98.9610,19.3254],[-98.9609,19.3254],[-98.9609,19.3254],[-98.9609,19.3254],[-98.9604,19.3254],[-98.9604,19.3254],[-98.9608,19.3257],[-98.9609,19.3257],[-98.9611,19.3259],[-98.9612,19.3260],[-98.9612,19.3260],[-98.9613,19.3261],[-98.9615,19.3263],[-98.9625,19.3271],[-98.9630,19.3275],[-98.9638,19.3282],[-98.9640,19.3284],[-98.9653,19.3294],[-98.9653,19.3295],[-98.9654,19.3295],[-98.9654,19.3296],[-98.9657,19.3298],[-98.9661,19.3301],[-98.9665,19.3305],[-98.9668,19.3307],[-98.9669,19.3308],[-98.9672,19.3310],[-98.9673,19.3311],[-98.9677,19.3314],[-98.9677,19.3314],[-98.9680,19.3317],[-98.9680,19.3317],[-98.9681,19.3318],[-98.9683,19.3320],[-98.9684,19.3320],[-98.9698,19.3332],[-98.9699,19.3333],[-98.9702,19.3336],[-98.9706,19.3339],[-98.9712,19.3344],[-98.9716,19.3348],[-98.9719,19.3350],[-98.9726,19.3355],[-98.9728,19.3357],[-98.9728,19.3357],[-98.9729,19.3358],[-98.9733,19.3362],[-98.9739,19.3366],[-98.9739,19.3366],[-98.9739,19.3366],[-98.9739,19.3367],[-98.9740,19.3368],[-98.9740,19.3368],[-98.9741,19.3369],[-98.9741,19.3369],[-98.9742,19.3369],[-98.9743,19.3370],[-98.9743,19.3370],[-98.9743,19.3370],[-98.9743,19.3370],[-98.9743,19.3370],[-98.9743,19.3370],[-98.9743,19.3370],[-98.9743,19.3370],[-98.9743,19.3370],[-98.9743,19.3370],[-98.9743,19.3370],[-98.9746,19.3374],[-98.9750,19.3377],[-98.9752,19.3380],[-98.9755,19.3383],[-98.9758,19.3389],[-98.9758,19.3389],[-98.9761,19.3393],[-98.9765,19.3398],[-98.9772,19.3410],[-98.9773,19.3412],[-98.9775,19.3416],[-98.9778,19.3421],[-98.9778,19.3421],[-98.9781,19.3424],[-98.9781,19.3424],[-98.9781,19.3424],[-98.9781,19.3424],[-98.9785,19.3430],[-98.9788,19.3433],[-98.9790,19.3435],[-98.9790,19.3435],[-98.9792,19.3437],[-98.9795,19.3440],[-98.9796,19.3441],[-98.9799,19.3443],[-98.9806,19.3450],[-98.9807,19.3451],[-98.9813,19.3457],[-98.9815,19.3459],[-98.9822,19.3466],[-98.9824,19.3468],[-98.9826,19.3469],[-98.9839,19.3482],[-98.9845,19.3488],[-98.9847,19.3490],[-98.9848,19.3491],[-98.9852,19.3495],[-98.9855,19.3497],[-98.9859,19.3501],[-98.9860,19.3503],[-98.9872,19.3514],[-98.9876,19.3518],[-98.9876,19.3518],[-98.9881,19.3522],[-98.9888,19.3529],[-98.9892,19.3533],[-98.9896,19.3537],[-98.9901,19.3542],[-98.9906,19.3546],[-98.9907,19.3548],[-98.9909,19.3549],[-98.9910,19.3550],[-98.9914,19.3554],[-98.9915,19.3555],[-98.9916,19.3556],[-98.9925,19.3563],[-98.9925,19.3563],[-98.9938,19.3574],[-98.9943,19.3579],[-98.9946,19.3581],[-98.9946,19.3581],[-98.9945,19.3586],[-98.9944,19.3588],[-98.9942,19.3590],[-98.9941,19.3593],[-98.9936,19.3601],[-98.9935,19.3603],[-98.9935,19.3604],[-98.9934,19.3607],[-98.9931,19.3616],[-98.9931,19.3617],[-98.9930,19.3621],[-98.9930,19.3622],[-98.9929,19.3624],[-98.9929,19.3625],[-98.9929,19.3626],[-98.9929,19.3627],[-98.9928,19.3630],[-98.9928,19.3630],[-98.9927,19.3631],[-98.9927,19.3634],[-98.9926,19.3635],[-98.9926,19.3636],[-98.9926,19.3637],[-98.9926,19.3638],[-98.9925,19.3641],[-98.9925,19.3643],[-98.9924,19.3645],[-98.9923,19.3648],[-98.9923,19.3650],[-98.9923,19.3651],[-98.9922,19.3654],[-98.9921,19.3659],[-98.9920,19.3660],[-98.9920,19.3662],[-98.9920,19.3663],[-98.9919,19.3664],[-98.9919,19.3665],[-98.9919,19.3666],[-98.9919,19.3667],[-98.9918,19.3669],[-98.9918,19.3670],[-98.9918,19.3670],[-98.9918,19.3675],[-98.9919,19.3676],[-98.9919,19.3676],[-98.9922,19.3677],[-98.9923,19.3678],[-98.9923,19.3678],[-98.9923,19.3678],[-98.9926,19.3680],[-98.9926,19.3680],[-98.9926,19.3680],[-98.9926,19.3680],[-98.9926,19.3680],[-98.9926,19.3680],[-98.9929,19.3682],[-98.9930,19.3683],[-98.9932,19.3684],[-98.9934,19.3685],[-98.9936,19.3686],[-98.9939,19.3687],[-98.9940,19.3688],[-98.9941,19.3689],[-98.9942,19.3689],[-98.9943,19.3690],[-98.9943,19.3690],[-98.9943,19.3690],[-98.9943,19.3690],[-98.9943,19.3690],[-98.9943,19.3690],[-98.9946,19.3692],[-98.9947,19.3692],[-98.9949,19.3693],[-98.9951,19.3695],[-98.9953,19.3696],[-98.9954,19.3696],[-98.9956,19.3698],[-98.9956,19.3698],[-98.9956,19.3698],[-98.9956,19.3698],[-98.9958,19.3699],[-98.9960,19.3700],[-98.9962,19.3701],[-98.9964,19.3702],[-98.9965,19.3703],[-98.9968,19.3705],[-98.9968,19.3705],[-98.9968,19.3705],[-98.9968,19.3705],[-98.9968,19.3705],[-98.9968,19.3705],[-98.9968,19.3705],[-98.9972,19.3707],[-98.9972,19.3707],[-98.9975,19.3709],[-98.9975,19.3709],[-98.9976,19.3709],[-98.9976,19.3709],[-98.9976,19.3709],[-98.9978,19.3710],[-98.9979,19.3711],[-98.9981,19.3712],[-98.9982,19.3713],[-98.9983,19.3714],[-98.9986,19.3715],[-98.9990,19.3718],[-98.9994,19.3720],[-98.9995,19.3720],[-98.9998,19.3722],[-99.0001,19.3724],[-99.0002,19.3724],[-99.0002,19.3725],[-99.0006,19.3727],[-99.0010,19.3729],[-99.0014,19.3732],[-99.0018,19.3734],[-99.0022,19.3736],[-99.0026,19.3739],[-99.0029,19.3740],[-99.0029,19.3740],[-99.0033,19.3743],[-99.0038,19.3745],[-99.0042,19.3748],[-99.0042,19.3748],[-99.0046,19.3750],[-99.0048,19.3751],[-99.0050,19.3753],[-99.0054,19.3755],[-99.0057,19.3757],[-99.0058,19.3757],[-99.0062,19.3759],[-99.0065,19.3762],[-99.0069,19.3764],[-99.0073,19.3766],[-99.0075,19.3767],[-99.0077,19.3768],[-99.0077,19.3769],[-99.0077,19.3769],[-99.0080,19.3770],[-99.0080,19.3771],[-99.0084,19.3773],[-99.0084,19.3773],[-99.0086,19.3774],[-99.0086,19.3774],[-99.0087,19.3774],[-99.0088,19.3775],[-99.0090,19.3776],[-99.0090,19.3776],[-99.0091,19.3777],[-99.0092,19.3778],[-99.0092,19.3778],[-99.0092,19.3778],[-99.0093,19.3778],[-99.0093,19.3778],[-99.0093,19.3778],[-99.0094,19.3779],[-99.0095,19.3779],[-99.0096,19.3780],[-99.0096,19.3780],[-99.0099,19.3781],[-99.0102,19.3783],[-99.0105,19.3785],[-99.0110,19.3787],[-99.0110,19.3788],[-99.0115,19.3790],[-99.0118,19.3792],[-99.0119,19.3792],[-99.0124,19.3795],[-99.0125,19.3796],[-99.0128,19.3797],[-99.0133,19.3800],[-99.0133,19.3800],[-99.0137,19.3802],[-99.0141,19.3804],[-99.0142,19.3804],[-99.0146,19.3807],[-99.0147,19.3807],[-99.0151,19.3809],[-99.0151,19.3809],[-99.0156,19.3812],[-99.0158,19.3813],[-99.0160,19.3814],[-99.0164,19.3816],[-99.0165,19.3817],[-99.0169,19.3819],[-99.0170,19.3819],[-99.0172,19.3820],[-99.0172,19.3820],[-99.0172,19.3820],[-99.0175,19.3822],[-99.0179,19.3824],[-99.0179,19.3824],[-99.0180,19.3824],[-99.0183,19.3826],[-99.0187,19.3828],[-99.0188,19.3828],[-99.0191,19.3830],[-99.0196,19.3832],[-99.0196,19.3833],[-99.0199,19.3834],[-99.0201,19.3835],[-99.0203,19.3836],[-99.0203,19.3836],[-99.0208,19.3838],[-99.0211,19.3840],[-99.0212,19.3840],[-99.0216,19.3842],[-99.0219,19.3844],[-99.0220,19.3844],[-99.0224,19.3845],[-99.0224,19.3845],[-99.0227,19.3847],[-99.0228,19.3847],[-99.0232,19.3849],[-99.0235,19.3851],[-99.0236,19.3851],[-99.0240,19.3853],[-99.0244,19.3855],[-99.0248,19.3856],[-99.0249,19.3857],[-99.0250,19.3857],[-99.0252,19.3858],[-99.0255,19.3860],[-99.0259,19.3861],[-99.0262,19.3863],[-99.0263,19.3863],[-99.0267,19.3865],[-99.0270,19.3867],[-99.0275,19.3869],[-99.0277,19.3869],[-99.0279,19.3871],[-99.0283,19.3872],[-99.0287,19.3874],[-99.0287,19.3874],[-99.0291,19.3876],[-99.0291,19.3876],[-99.0291,19.3876],[-99.0291,19.3876],[-99.0291,19.3876],[-99.0291,19.3876],[-99.0291,19.3876],[-99.0291,19.3876],[-99.0291,19.3876],[-99.0295,19.3878],[-99.0299,19.3879],[-99.0300,19.3880],[-99.0303,19.3881],[-99.0307,19.3883],[-99.0308,19.3883],[-99.0310,19.3885],[-99.0314,19.3886],[-99.0315,19.3887],[-99.0319,19.3888],[-99.0323,19.3890],[-99.0327,19.3892],[-99.0329,19.3893],[-99.0331,19.3894],[-99.0335,19.3896],[-99.0336,19.3896],[-99.0339,19.3898],[-99.0346,19.3901],[-99.0346,19.3901],[-99.0349,19.3902],[-99.0353,19.3904],[-99.0357,19.3906],[-99.0357,19.3906],[-99.0362,19.3908],[-99.0365,19.3910],[-99.0369,19.3912],[-99.0371,19.3913],[-99.0373,19.3913],[-99.0377,19.3915],[-99.0381,19.3917],[-99.0382,19.3917],[-99.0385,19.3919],[-99.0385,19.3919],[-99.0385,19.3919],[-99.0385,19.3919],[-99.0385,19.3919],[-99.0389,19.3921],[-99.0393,19.3923],[-99.0397,19.3924],[-99.0400,19.3926],[-99.0402,19.3926],[-99.0404,19.3928],[-99.0408,19.3930],[-99.0409,19.3930],[-99.0412,19.3931],[-99.0416,19.3933],[-99.0418,19.3934],[-99.0418,19.3934],[-99.0423,19.3936],[-99.0423,19.3936],[-99.0423,19.3936],[-99.0423,19.3936],[-99.0423,19.3936],[-99.0427,19.3938],[-99.0431,19.3940],[-99.0433,19.3941],[-99.0435,19.3942],[-99.0439,19.3944],[-99.0443,19.3946],[-99.0445,19.3946],[-99.0446,19.3947],[-99.0447,19.3947],[-99.0453,19.3950],[-99.0457,19.3952],[-99.0458,19.3952],[-99.0463,19.3955],[-99.0469,19.3957],[-99.0470,19.3958],[-99.0474,19.3959],[-99.0478,19.3961],[-99.0479,19.3962],[-99.0479,19.3962],[-99.0480,19.3962],[-99.0482,19.3963],[-99.0485,19.3964],[-99.0488,19.3966],[-99.0492,19.3967],[-99.0492,19.3968],[-99.0496,19.3970],[-99.0501,19.3972],[-99.0505,19.3974],[-99.0507,19.3974],[-99.0509,19.3975],[-99.0513,19.3977],[-99.0514,19.3978],[-99.0519,19.3980],[-99.0525,19.3982],[-99.0526,19.3983],[-99.0529,19.3984],[-99.0533,19.3986],[-99.0538,19.3989],[-99.0539,19.3989],[-99.0542,19.3990],[-99.0549,19.3994],[-99.0549,19.3994],[-99.0549,19.3994],[-99.0549,19.3994],[-99.0550,19.3994],[-99.0556,19.3996],[-99.0561,19.3999],[-99.0563,19.3999],[-99.0576,19.4005],[-99.0579,19.4006],[-99.0581,19.4007],[-99.0581,19.4007],[-99.0581,19.4007],[-99.0583,19.4007],[-99.0583,19.4007],[-99.0583,19.4003],[-99.0584,19.4000],[-99.0584,19.3998],[-99.0585,19.3986],[-99.0585,19.3985],[-99.0585,19.3985],[-99.0586,19.3983],[-99.0586,19.3983],[-99.0586,19.3982],[-99.0586,19.3982],[-99.0586,19.3980],[-99.0586,19.3978],[-99.0587,19.3971],[-99.0588,19.3961],[-99.0588,19.3957],[-99.0589,19.3951],[-99.0590,19.3946],[-99.0590,19.3945],[-99.0590,19.3943],[-99.0591,19.3938],[-99.0592,19.3934],[-99.0592,19.3933],[-99.0592,19.3930],[-99.0594,19.3923],[-99.0594,19.3919],[-99.0594,19.3917],[-99.0595,19.3914],[-99.0595,19.3912],[-99.0596,19.3907],[-99.0597,19.3903],[-99.0597,19.3903],[-99.0597,19.3900],[-99.0598,19.3896],[-99.0598,19.3893],[-99.0598,19.3893],[-99.0599,19.3891],[-99.0599,19.3887],[-99.0599,19.3887],[-99.0599,19.3887],[-99.0600,19.3883],[-99.0600,19.3880],[-99.0602,19.3873],[-99.0602,19.3870],[-99.0603,19.3867],[-99.0603,19.3862],[-99.0604,19.3861],[-99.0604,19.3857],[-99.0605,19.3853],[-99.0606,19.3843],[-99.0608,19.3837],[-99.0608,19.3837],[-99.0608,19.3837],[-99.0608,19.3835],[-99.0608,19.3835],[-99.0608,19.3835],[-99.0608,19.3833],[-99.0608,19.3831],[-99.0608,19.3831],[-99.0608,19.3830],[-99.0608,19.3830],[-99.0608,19.3826],[-99.0610,19.3826],[-99.0615,19.3827],[-99.0624,19.3829],[-99.0632,19.3830],[-99.0634,19.3830],[-99.0637,19.3831],[-99.0641,19.3831],[-99.0650,19.3833],[-99.0655,19.3834],[-99.0655,19.3834],[-99.0655,19.3834],[-99.0658,19.3835],[-99.0662,19.3835],[-99.0662,19.3835],[-99.0664,19.3835],[-99.0666,19.3836],[-99.0667,19.3837],[-99.0676,19.3842],[-99.0690,19.3849],[-99.0695,19.3851],[-99.0699,19.3854],[-99.0704,19.3856],[-99.0707,19.3858],[-99.0709,19.3859],[-99.0714,19.3861],[-99.0717,19.3863],[-99.0721,19.3865],[-99.0725,19.3867],[-99.0730,19.3870],[-99.0735,19.3872],[-99.0739,19.3874],[-99.0741,19.3875],[-99.0741,19.3875],[-99.0743,19.3876],[-99.0745,19.3877],[-99.0745,19.3877],[-99.0748,19.3879],[-99.0759,19.3885],[-99.0763,19.3887],[-99.0768,19.3889],[-99.0773,19.3891],[-99.0779,19.3895],[-99.0784,19.3897],[-99.0788,19.3899],[-99.0789,19.3900],[-99.0794,19.3902],[-99.0794,19.3902],[-99.0799,19.3905],[-99.0804,19.3908],[-99.0804,19.3908],[-99.0807,19.3909],[-99.0809,19.3910],[-99.0811,19.3911],[-99.0814,19.3913],[-99.0814,19.3913],[-99.0818,19.3915],[-99.0819,19.3916],[-99.0821,19.3917],[-99.0824,19.3918],[-99.0824,19.3918],[-99.0828,19.3920],[-99.0831,19.3922],[-99.0832,19.3922],[-99.0836,19.3924],[-99.0836,19.3925],[-99.0838,19.3925],[-99.0840,19.3926],[-99.0840,19.3925],[-99.0841,19.3919],[-99.0842,19.3915],[-99.0843,19.3911],[-99.0843,19.3910],[-99.0844,19.3906],[-99.0845,19.3899],[-99.0846,19.3895],[-99.0849,19.3897],[-99.0864,19.3901],[-99.0865,19.3902],[-99.0866,19.3901],[-99.0867,19.3901],[-99.0868,19.3901],[-99.0869,19.3901],[-99.0871,19.3901],[-99.0875,19.3902],[-99.0879,19.3902],[-99.0882,19.3903],[-99.0886,19.3903],[-99.0887,19.3904],[-99.0888,19.3904],[-99.0890,19.3901],[-99.0891,19.3899],[-99.0893,19.3896],[-99.0895,19.3893],[-99.0897,19.3890],[-99.0899,19.3887],[-99.0902,19.3882],[-99.0904,19.3879],[-99.0905,19.3878],[-99.0905,19.3877],[-99.0907,19.3874],[-99.0909,19.3871],[-99.0912,19.3867],[-99.0916,19.3861],[-99.0919,19.3855],[-99.0922,19.3850],[-99.0923,19.3849],[-99.0928,19.3841],[-99.0928,19.3841],[-99.0929,19.3839],[-99.0929,19.3839],[-99.0929,19.3839],[-99.0930,19.3838],[-99.0930,19.3837],[-99.0931,19.3835],[-99.0932,19.3833],[-99.0935,19.3829],[-99.0939,19.3823],[-99.0944,19.3816],[-99.0946,19.3813],[-99.0947,19.3811],[-99.0948,19.3809],[-99.0949,19.3808],[-99.0951,19.3805],[-99.0953,19.3802],[-99.0955,19.3798],[-99.0956,19.3796],[-99.0957,19.3796],[-99.0960,19.3797],[-99.0963,19.3798],[-99.0967,19.3798],[-99.0970,19.3798],[-99.0973,19.3798],[-99.0976,19.3799],[-99.0980,19.3799],[-99.0983,19.3800],[-99.0987,19.3800],[-99.0991,19.3800],[-99.0995,19.3801],[-99.0995,19.3801],[-99.1008,19.3802],[-99.1011,19.3802],[-99.1011,19.3802],[-99.1013,19.3802],[-99.1030,19.3804],[-99.1034,19.3805],[-99.1038,19.3806],[-99.1043,19.3806],[-99.1048,19.3807],[-99.1051,19.3807],[-99.1054,19.3808],[-99.1057,19.3808],[-99.1057,19.3808],[-99.1059,19.3808],[-99.1061,19.3808],[-99.1063,19.3809],[-99.1066,19.3809],[-99.1067,19.3809],[-99.1069,19.3809],[-99.1069,19.3809],[-99.1070,19.3809],[-99.1072,19.3809],[-99.1073,19.3809],[-99.1074,19.3809],[-99.1074,19.3809],[-99.1077,19.3810],[-99.1080,19.3810],[-99.1085,19.3811],[-99.1086,19.3811],[-99.1088,19.3811],[-99.1089,19.3811],[-99.1092,19.3811],[-99.1094,19.3812],[-99.1094,19.3812],[-99.1094,19.3812],[-99.1104,19.3813],[-99.1104,19.3813],[-99.1105,19.3813],[-99.1105,19.3813],[-99.1106,19.3813],[-99.1106,19.3813],[-99.1107,19.3813],[-99.1109,19.3814],[-99.1111,19.3814],[-99.1113,19.3814],[-99.1116,19.3815],[-99.1117,19.3815],[-99.1120,19.3815],[-99.1120,19.3816],[-99.1122,19.3816],[-99.1124,19.3816],[-99.1126,19.3816],[-99.1127,19.3817],[-99.1128,19.3817],[-99.1131,19.3817],[-99.1131,19.3817],[-99.1134,19.3817],[-99.1136,19.3817],[-99.1138,19.3817],[-99.1139,19.3818],[-99.1141,19.3818],[-99.1144,19.3818],[-99.1145,19.3818],[-99.1147,19.3819],[-99.1148,19.3819],[-99.1150,19.3819],[-99.1151,19.3819],[-99.1153,19.3820],[-99.1154,19.3820],[-99.1156,19.3820],[-99.1157,19.3820],[-99.1158,19.3820],[-99.1160,19.3820],[-99.1161,19.3821],[-99.1163,19.3821],[-99.1165,19.3821],[-99.1167,19.3821],[-99.1168,19.3821],[-99.1169,19.3821],[-99.1170,19.3821],[-99.1172,19.3821],[-99.1174,19.3821],[-99.1176,19.3822],[-99.1177,19.3822],[-99.1177,19.3822],[-99.1178,19.3822],[-99.1178,19.3822],[-99.1179,19.3822],[-99.1181,19.3822],[-99.1182,19.3822],[-99.1184,19.3822],[-99.1188,19.3822],[-99.1191,19.3822],[-99.1194,19.3823],[-99.1198,19.3823],[-99.1201,19.3823],[-99.1204,19.3823],[-99.1206,19.3823],[-99.1209,19.3823],[-99.1211,19.3823],[-99.1225,19.3824],[-99.1225,19.3824],[-99.1226,19.3815],[-99.1226,19.3813],[-99.1226,19.3803],[-99.1226,19.3803],[-99.1226,19.3801],[-99.1226,19.3800],[-99.1226,19.3800],[-99.1226,19.3789],[-99.1226,19.3781],[-99.1226,19.3779],[-99.1226,19.3779],[-99.1226,19.3777],[-99.1226,19.3776],[-99.1226,19.3774],[-99.1225,19.3759],[-99.1225,19.3757],[-99.1227,19.3757],[-99.1232,19.3758],[-99.1236,19.3759],[-99.1240,19.3760],[-99.1241,19.3760],[-99.1244,19.3761],[-99.1245,19.3761],[-99.1246,19.3761],[-99.1250,19.3762],[-99.1253,19.3762],[-99.1254,19.3763],[-99.1256,19.3763],[-99.1259,19.3763],[-99.1260,19.3763],[-99.1260,19.3763],[-99.1262,19.3764],[-99.1264,19.3764],[-99.1264,19.3764],[-99.1266,19.3765],[-99.1267,19.3765],[-99.1268,19.3765],[-99.1272,19.3766],[-99.1273,19.3766],[-99.1274,19.3766],[-99.1276,19.3766],[-99.1278,19.3767],[-99.1283,19.3768],[-99.1284,19.3768],[-99.1284,19.3768],[-99.1291,19.3769],[-99.1295,19.3770],[-99.1295,19.3770],[-99.1296,19.3770],[-99.1297,19.3770],[-99.1301,19.3771],[-99.1302,19.3771],[-99.1306,19.3771],[-99.1308,19.3771],[-99.1311,19.3772],[-99.1314,19.3772],[-99.1315,19.3772],[-99.1320,19.3773],[-99.1324,19.3773],[-99.1329,19.3773],[-99.1333,19.3774],[-99.1339,19.3774],[-99.1342,19.3775],[-99.1350,19.3774],[-99.1354,19.3773],[-99.1355,19.3772],[-99.1357,19.3762],[-99.1358,19.3759],[-99.1359,19.3752],[-99.1360,19.3749],[-99.1362,19.3738],[-99.1365,19.3729],[-99.1367,19.3716],[-99.1369,19.3708],[-99.1372,19.3696],[-99.1374,19.3686],[-99.1376,19.3680],[-99.1377,19.3672],[-99.1378,19.3667],[-99.1380,19.3661],[-99.1381,19.3655],[-99.1382,19.3649],[-99.1384,19.3643],[-99.1385,19.3636],[-99.1386,19.3631],[-99.1388,19.3625],[-99.1389,19.3618],[-99.1390,19.3611],[-99.1392,19.3605],[-99.1394,19.3595],[-99.1397,19.3584],[-99.1399,19.3574],[-99.1399,19.3571],[-99.1398,19.3569],[-99.1392,19.3569],[-99.1377,19.3568],[-99.1373,19.3567],[-99.1369,19.3567],[-99.1366,19.3567],[-99.1363,19.3567],[-99.1359,19.3566],[-99.1355,19.3566],[-99.1350,19.3566],[-99.1347,19.3566],[-99.1346,19.3566],[-99.1344,19.3565],[-99.1343,19.3565],[-99.1340,19.3565],[-99.1337,19.3566],[-99.1335,19.3566],[-99.1331,19.3567],[-99.1329,19.3568],[-99.1327,19.3569],[-99.1325,19.3570],[-99.1324,19.3571],[-99.1323,19.3572],[-99.1321,19.3573],[-99.1319,19.3575],[-99.1318,19.3577],[-99.1314,19.3583],[-99.1314,19.3584],[-99.1312,19.3587],[-99.1309,19.3586],[-99.1303,19.3586],[-99.1301,19.3585],[-99.1299,19.3585],[-99.1295,19.3585],[-99.1294,19.3585],[-99.1291,19.3584],[-99.1289,19.3584],[-99.1287,19.3584],[-99.1284,19.3584],[-99.1283,19.3583],[-99.1278,19.3583],[-99.1277,19.3583],[-99.1272,19.3582],[-99.1271,19.3582],[-99.1267,19.3582],[-99.1266,19.3582],[-99.1263,19.3581],[-99.1261,19.3581],[-99.1259,19.3581],[-99.1256,19.3581],[-99.1251,19.3580],[-99.1246,19.3579],[-99.1238,19.3579],[-99.1236,19.3578],[-99.1227,19.3577],[-99.1226,19.3577],[-99.1225,19.3577],[-99.1224,19.3577],[-99.1224,19.3577],[-99.1220,19.3577],[-99.1220,19.3577],[-99.1220,19.3577],[-99.1220,19.3577],[-99.1220,19.3577],[-99.1220,19.3577],[-99.1220,19.3576],[-99.1220,19.3576],[-99.1219,19.3570],[-99.1216,19.3546],[-99.1215,19.3539],[-99.1213,19.3533],[-99.1209,19.3523],[-99.1208,19.3518],[-99.1205,19.3512],[-99.1205,19.3511],[-99.1204,19.3508],[-99.1204,19.3508],[-99.1202,19.3506],[-99.1201,19.3504],[-99.1198,19.3500],[-99.1196,19.3496],[-99.1195,19.3496],[-99.1195,19.3495],[-99.1189,19.3486],[-99.1182,19.3476],[-99.1181,19.3475],[-99.1181,19.3474],[-99.1178,19.3468],[-99.1174,19.3462],[-99.1173,19.3459],[-99.1171,19.3456],[-99.1171,19.3456],[-99.1164,19.3444],[-99.1162,19.3441],[-99.1161,19.3440],[-99.1159,19.3437],[-99.1157,19.3435],[-99.1157,19.3434],[-99.1156,19.3433],[-99.1154,19.3429],[-99.1153,19.3427],[-99.1152,19.3425],[-99.1152,19.3423],[-99.1151,19.3422],[-99.1150,19.3419],[-99.1145,19.3410],[-99.1145,19.3408],[-99.1144,19.3407],[-99.1144,19.3406],[-99.1144,19.3404],[-99.1143,19.3401],[-99.1143,19.3398],[-99.1142,19.3392],[-99.1142,19.3390],[-99.1142,19.3390],[-99.1141,19.3386],[-99.1141,19.3382],[-99.1140,19.3381],[-99.1140,19.3380],[-99.1140,19.3376],[-99.1139,19.3373],[-99.1138,19.3369],[-99.1136,19.3366],[-99.1132,19.3360],[-99.1130,19.3356],[-99.1130,19.3354],[-99.1129,19.3354],[-99.1124,19.3346],[-99.1122,19.3342],[-99.1119,19.3340],[-99.1116,19.3337],[-99.1113,19.3334],[-99.1107,19.3331],[-99.1106,19.3331],[-99.1105,19.3330],[-99.1104,19.3330],[-99.1103,19.3329],[-99.1102,19.3327],[-99.1101,19.3326],[-99.1100,19.3323],[-99.1100,19.3323],[-99.1098,19.3318],[-99.1098,19.3317],[-99.1097,19.3315],[-99.1096,19.3313],[-99.1093,19.3309],[-99.1091,19.3306],[-99.1089,19.3303],[-99.1086,19.3298],[-99.1084,19.3294],[-99.1083,19.3294],[-99.1080,19.3289],[-99.1079,19.3287],[-99.1076,19.3283],[-99.1071,19.3277],[-99.1068,19.3275],[-99.1065,19.3272],[-99.1064,19.3271],[-99.1061,19.3267],[-99.1061,19.3267],[-99.1060,19.3267],[-99.1058,19.3264],[-99.1058,19.3263],[-99.1057,19.3263],[-99.1057,19.3263],[-99.1055,19.3261],[-99.1054,19.3260],[-99.1052,19.3258],[-99.1052,19.3258],[-99.1052,19.3258],[-99.1051,19.3257],[-99.1049,19.3255],[-99.1049,19.3255],[-99.1043,19.3249],[-99.1042,19.3248],[-99.1040,19.3247],[-99.1038,19.3246],[-99.1038,19.3246],[-99.1035,19.3244],[-99.1033,19.3244],[-99.1028,19.3241],[-99.1024,19.3238],[-99.1021,19.3236],[-99.1020,19.3236],[-99.1017,19.3234],[-99.1014,19.3232],[-99.1012,19.3231],[-99.1010,19.3230],[-99.1008,19.3228],[-99.1007,19.3227],[-99.1004,19.3224],[-99.1000,19.3219],[-99.0996,19.3215],[-99.0995,19.3214],[-99.0995,19.3214],[-99.0994,19.3212],[-99.0993,19.3211],[-99.0992,19.3210],[-99.0992,19.3209],[-99.0991,19.3207],[-99.0991,19.3204],[-99.0991,19.3204],[-99.0991,19.3204],[-99.0991,19.3204],[-99.0988,19.3204],[-99.0987,19.3196],[-99.0985,19.3190],[-99.0986,19.3190],[-99.0987,19.3188],[-99.0987,19.3187],[-99.0986,19.3186],[-99.0984,19.3183],[-99.0982,19.3180],[-99.0977,19.3172],[-99.0974,19.3168],[-99.0968,19.3160],[-99.0959,19.3148],[-99.0950,19.3137],[-99.0943,19.3128],[-99.0941,19.3129],[-99.0939,19.3127],[-99.0936,19.3122],[-99.0934,19.3120],[-99.0932,19.3118],[-99.0932,19.3117],[-99.0931,19.3115],[-99.0928,19.3113],[-99.0927,19.3111],[-99.0927,19.3111],[-99.0927,19.3111],[-99.0926,19.3110],[-99.0924,19.3108],[-99.0923,19.3107],[-99.0923,19.3106],[-99.0922,19.3106],[-99.0920,19.3102],[-99.0919,19.3102],[-99.0918,19.3101],[-99.0917,19.3100],[-99.0914,19.3096],[-99.0914,19.3096],[-99.0912,19.3093],[-99.0908,19.3088],[-99.0908,19.3088],[-99.0908,19.3088],[-99.0906,19.3085],[-99.0905,19.3084],[-99.0904,19.3082],[-99.0904,19.3082],[-99.0903,19.3081],[-99.0900,19.3079],[-99.0899,19.3077],[-99.0898,19.3076],[-99.0897,19.3075],[-99.0896,19.3074],[-99.0896,19.3073],[-99.0895,19.3071],[-99.0894,19.3070],[-99.0893,19.3069],[-99.0892,19.3069],[-99.0890,19.3066],[-99.0890,19.3066],[-99.0890,19.3065],[-99.0888,19.3064],[-99.0887,19.3062],[-99.0886,19.3062],[-99.0885,19.3061],[-99.0884,19.3060],[-99.0884,19.3059],[-99.0884,19.3059],[-99.0883,19.3058],[-99.0881,19.3056],[-99.0879,19.3053],[-99.0879,19.3053],[-99.0877,19.3047],[-99.0877,19.3047],[-99.0875,19.3045],[-99.0872,19.3042],[-99.0872,19.3041],[-99.0867,19.3038],[-99.0863,19.3036],[-99.0862,19.3035],[-99.0859,19.3032],[-99.0856,19.3029],[-99.0854,19.3026],[-99.0851,19.3023],[-99.0849,19.3020],[-99.0846,19.3017],[-99.0845,19.3015],[-99.0844,19.3014],[-99.0841,19.3010],[-99.0838,19.3007],[-99.0836,19.3004],[-99.0834,19.3001],[-99.0832,19.2997],[-99.0823,19.2986],[-99.0804,19.2962],[-99.0800,19.2958],[-99.0797,19.2955],[-99.0792,19.2949],[-99.0790,19.2946],[-99.0787,19.2942],[-99.0780,19.2935],[-99.0777,19.2932],[-99.0773,19.2930],[-99.0772,19.2928],[-99.0759,19.2910],[-99.0752,19.2901],[-99.0749,19.2897],[-99.0745,19.2894],[-99.0741,19.2891],[-99.0724,19.2879],[-99.0722,19.2878],[-99.0715,19.2872],[-99.0714,19.2871],[-99.0699,19.2857],[-99.0692,19.2851],[-99.0690,19.2850]]]},"properties":{"cvegeo":"09007","match":"Municipality","name":"Iztapalapa","state":"Ciudad de México","municipality":"Iztapalapa","city":null,"neighborhood":null,"category":"Alcaldía","type":null,"postalcode":null,"population":"1835486","dwellings":"537596","occupied_dwellings":null,"pricem2":null,"propertyprice":null,"ids_prom":"0.282","nse":"D","nse_label":"D (22%)","nse_score":"3.869","nse_ab":"37219","nse_cplus":"67113","nse_c":"82113","nse_cminus":"89619","nse_dplus":"83962","nse_d":"114901","nse_e":"26692","nse_total":"501619","nse_ab_pct":"7.42","nse_cplus_pct":"13.38","nse_c_pct":"16.37","nse_cminus_pct":"17.87","nse_dplus_pct":"16.74","nse_d_pct":"22.91","nse_e_pct":"5.32"}},{"type":"Feature","geometry":{"type":"Polygon","coordinates":[[[-99.2831,19.2131],[-99.2824,19.2131],[-99.2821,19.2132],[-99.2819,19.2134],[-99.2816,19.2135],[-99.2813,19.2136],[-99.2811,19.2137],[-99.2810,19.2137],[-99.2810,19.2137],[-99.2809,19.2137],[-99.2808,19.2136],[-99.2806,19.2137],[-99.2803,19.2136],[-99.2802,19.2137],[-99.2799,19.2138],[-99.2796,19.2139],[-99.2794,19.2140],[-99.2788,19.2141],[-99.2786,19.2142],[-99.2782,19.2143],[-99.2781,19.2144],[-99.2780,19.2145],[-99.2780,19.2145],[-99.2779,19.2145],[-99.2777,19.2145],[-99.2777,19.2146],[-99.2776,19.2146],[-99.2776,19.2147],[-99.2775,19.2147],[-99.2775,19.2147],[-99.2775,19.2147],[-99.2773,19.2147],[-99.2772,19.2148],[-99.2768,19.2153],[-99.2767,19.2154],[-99.2767,19.2155],[-99.2766,19.2156],[-99.2766,19.2156],[-99.2765,19.2157],[-99.2764,19.2157],[-99.2764,19.2158],[-99.2763,19.2160],[-99.2763,19.2164],[-99.2762,19.2164],[-99.2760,19.2165],[-99.2759,19.2166],[-99.2757,19.2168],[-99.2753,19.2171],[-99.2746,19.2175],[-99.2745,19.2179],[-99.2744,19.2181],[-99.2742,19.2182],[-99.2742,19.2183],[-99.2741,19.2185],[-99.2741,19.2186],[-99.2741,19.2189],[-99.2740,19.2195],[-99.2740,19.2197],[-99.2740,19.2201],[-99.2741,19.2204],[-99.2742,19.2207],[-99.2742,19.2210],[-99.2740,19.2212],[-99.2738,19.2214],[-99.2736,19.2216],[-99.2730,19.2218],[-99.2726,19.2221],[-99.2723,19.2227],[-99.2720,19.2229],[-99.2717,19.2231],[-99.2715,19.2234],[-99.2713,19.2234],[-99.2711,19.2235],[-99.2709,19.2237],[-99.2708,19.2240],[-99.2707,19.2242],[-99.2705,19.2243],[-99.2698,19.2244],[-99.2695,19.2245],[-99.2691,19.2247],[-99.2686,19.2251],[-99.2682,19.2256],[-99.2677,19.2259],[-99.2669,19.2265],[-99.2665,19.2268],[-99.2662,19.2269],[-99.2660,19.2270],[-99.2658,19.2270],[-99.2656,19.2271],[-99.2653,19.2271],[-99.2651,19.2272],[-99.2651,19.2274],[-99.2640,19.2282],[-99.2638,19.2285],[-99.2633,19.2286],[-99.2627,19.2290],[-99.2624,19.2291],[-99.2620,19.2292],[-99.2616,19.2293],[-99.2613,19.2293],[-99.2609,19.2294],[-99.2603,19.2297],[-99.2600,19.2299],[-99.2589,19.2305],[-99.2586,19.2308],[-99.2584,19.2310],[-99.2581,19.2313],[-99.2579,19.2316],[-99.2576,19.2318],[-99.2575,19.2321],[-99.2573,19.2325],[-99.2570,19.2325],[-99.2564,19.2325],[-99.2561,19.2325],[-99.2560,19.2328],[-99.2556,19.2332],[-99.2551,19.2337],[-99.2547,19.2339],[-99.2544,19.2341],[-99.2540,19.2344],[-99.2534,19.2348],[-99.2531,19.2351],[-99.2529,19.2355],[-99.2528,19.2357],[-99.2527,19.2361],[-99.2527,19.2366],[-99.2528,19.2372],[-99.2529,19.2376],[-99.2527,19.2378],[-99.2524,19.2382],[-99.2522,19.2384],[-99.2520,19.2386],[-99.2519,19.2390],[-99.2518,19.2395],[-99.2515,19.2401],[-99.2510,19.2405],[-99.2510,19.2409],[-99.2512,19.2413],[-99.2514,19.2415],[-99.2516,19.2417],[-99.2518,19.2420],[-99.2518,19.2424],[-99.2515,19.2429],[-99.2513,19.2432],[-99.2512,19.2434],[-99.2510,19.2438],[-99.2509,19.2440],[-99.2506,19.2443],[-99.2504,19.2445],[-99.2502,19.2446],[-99.2501,19.2447],[-99.2501,19.2448],[-99.2502,19.2449],[-99.2505,19.2452],[-99.2504,19.2454],[-99.2504,19.2457],[-99.2502,19.2457],[-99.2499,19.2457],[-99.2498,19.2457],[-99.2496,19.2459],[-99.2496,19.2461],[-99.2496,19.2462],[-99.2496,19.2463],[-99.2494,19.2464],[-99.2492,19.2465],[-99.2491,19.2466],[-99.2489,19.2467],[-99.2486,19.2468],[-99.2483,19.2468],[-99.2482,19.2468],[-99.2480,19.2467],[-99.2479,19.2469],[-99.2478,19.2470],[-99.2478,19.2471],[-99.2477,19.2473],[-99.2476,19.2475],[-99.2476,19.2476],[-99.2477,19.2479],[-99.2476,19.2481],[-99.2476,19.2483],[-99.2475,19.2485],[-99.2475,19.2487],[-99.2474,19.2489],[-99.2470,19.2491],[-99.2468,19.2492],[-99.2467,19.2493],[-99.2466,19.2494],[-99.2465,19.2495],[-99.2463,19.2495],[-99.2461,19.2496],[-99.2459,19.2497],[-99.2458,19.2498],[-99.2453,19.2502],[-99.2453,19.2503],[-99.2452,19.2504],[-99.2452,19.2505],[-99.2452,19.2506],[-99.2452,19.2508],[-99.2453,19.2510],[-99.2452,19.2513],[-99.2450,19.2518],[-99.2448,19.2523],[-99.2448,19.2524],[-99.2447,19.2525],[-99.2446,19.2526],[-99.2446,19.2527],[-99.2446,19.2527],[-99.2446,19.2530],[-99.2446,19.2531],[-99.2446,19.2532],[-99.2447,19.2534],[-99.2447,19.2537],[-99.2448,19.2540],[-99.2448,19.2544],[-99.2449,19.2546],[-99.2449,19.2547],[-99.2451,19.2549],[-99.2452,19.2550],[-99.2452,19.2551],[-99.2452,19.2552],[-99.2452,19.2553],[-99.2452,19.2554],[-99.2452,19.2556],[-99.2451,19.2558],[-99.2451,19.2559],[-99.2450,19.2560],[-99.2449,19.2561],[-99.2449,19.2562],[-99.2448,19.2563],[-99.2448,19.2564],[-99.2449,19.2565],[-99.2450,19.2565],[-99.2451,19.2567],[-99.2452,19.2568],[-99.2453,19.2569],[-99.2454,19.2572],[-99.2454,19.2573],[-99.2453,19.2575],[-99.2450,19.2578],[-99.2445,19.2582],[-99.2444,19.2583],[-99.2439,19.2589],[-99.2439,19.2589],[-99.2439,19.2591],[-99.2439,19.2592],[-99.2440,19.2594],[-99.2441,19.2595],[-99.2443,19.2594],[-99.2444,19.2594],[-99.2446,19.2592],[-99.2448,19.2591],[-99.2449,19.2590],[-99.2451,19.2589],[-99.2453,19.2589],[-99.2454,19.2589],[-99.2456,19.2589],[-99.2457,19.2589],[-99.2459,19.2590],[-99.2460,19.2590],[-99.2463,19.2593],[-99.2468,19.2597],[-99.2472,19.2602],[-99.2472,19.2603],[-99.2472,19.2603],[-99.2468,19.2605],[-99.2465,19.2607],[-99.2463,19.2607],[-99.2462,19.2609],[-99.2459,19.2612],[-99.2457,19.2616],[-99.2457,19.2617],[-99.2456,19.2622],[-99.2456,19.2625],[-99.2455,19.2629],[-99.2455,19.2631],[-99.2456,19.2634],[-99.2459,19.2636],[-99.2464,19.2640],[-99.2470,19.2645],[-99.2471,19.2647],[-99.2471,19.2651],[-99.2470,19.2655],[-99.2470,19.2656],[-99.2470,19.2656],[-99.2467,19.2657],[-99.2464,19.2658],[-99.2461,19.2662],[-99.2460,19.2663],[-99.2460,19.2664],[-99.2460,19.2664],[-99.2459,19.2665],[-99.2460,19.2668],[-99.2461,19.2670],[-99.2461,19.2672],[-99.2461,19.2674],[-99.2460,19.2675],[-99.2460,19.2676],[-99.2459,19.2677],[-99.2459,19.2677],[-99.2458,19.2678],[-99.2454,19.2681],[-99.2454,19.2681],[-99.2454,19.2681],[-99.2454,19.2681],[-99.2454,19.2681],[-99.2454,19.2681],[-99.2453,19.2681],[-99.2453,19.2681],[-99.2453,19.2682],[-99.2452,19.2683],[-99.2450,19.2684],[-99.2450,19.2685],[-99.2449,19.2687],[-99.2448,19.2687],[-99.2448,19.2687],[-99.2445,19.2688],[-99.2442,19.2691],[-99.2439,19.2692],[-99.2439,19.2693],[-99.2437,19.2694],[-99.2436,19.2695],[-99.2435,19.2697],[-99.2435,19.2698],[-99.2435,19.2699],[-99.2435,19.2700],[-99.2435,19.2701],[-99.2436,19.2703],[-99.2436,19.2703],[-99.2436,19.2704],[-99.2436,19.2707],[-99.2436,19.2709],[-99.2437,19.2710],[-99.2437,19.2712],[-99.2437,19.2715],[-99.2438,19.2716],[-99.2438,19.2718],[-99.2440,19.2721],[-99.2441,19.2723],[-99.2443,19.2725],[-99.2445,19.2727],[-99.2445,19.2729],[-99.2446,19.2729],[-99.2444,19.2733],[-99.2443,19.2737],[-99.2442,19.2739],[-99.2440,19.2741],[-99.2439,19.2743],[-99.2439,19.2744],[-99.2437,19.2747],[-99.2436,19.2749],[-99.2435,19.2752],[-99.2435,19.2753],[-99.2435,19.2754],[-99.2435,19.2755],[-99.2435,19.2756],[-99.2438,19.2759],[-99.2440,19.2759],[-99.2441,19.2760],[-99.2442,19.2761],[-99.2445,19.2762],[-99.2446,19.2763],[-99.2448,19.2763],[-99.2449,19.2762],[-99.2452,19.2765],[-99.2453,19.2766],[-99.2454,19.2768],[-99.2454,19.2770],[-99.2454,19.2771],[-99.2453,19.2776],[-99.2451,19.2780],[-99.2450,19.2784],[-99.2449,19.2789],[-99.2448,19.2791],[-99.2448,19.2791],[-99.2448,19.2792],[-99.2448,19.2793],[-99.2448,19.2794],[-99.2448,19.2795],[-99.2449,19.2799],[-99.2449,19.2801],[-99.2449,19.2801],[-99.2446,19.2802],[-99.2444,19.2802],[-99.2443,19.2803],[-99.2442,19.2803],[-99.2441,19.2804],[-99.2440,19.2805],[-99.2439,19.2806],[-99.2438,19.2807],[-99.2437,19.2808],[-99.2436,19.2809],[-99.2435,19.2810],[-99.2434,19.2811],[-99.2433,19.2812],[-99.2433,19.2814],[-99.2433,19.2814],[-99.2434,19.2816],[-99.2435,19.2817],[-99.2436,19.2818],[-99.2436,19.2820],[-99.2436,19.2821],[-99.2435,19.2822],[-99.2434,19.2823],[-99.2433,19.2823],[-99.2433,19.2823],[-99.2433,19.2823],[-99.2432,19.2824],[-99.2431,19.2824],[-99.2429,19.2825],[-99.2428,19.2825],[-99.2421,19.2828],[-99.2420,19.2829],[-99.2420,19.2830],[-99.2420,19.2831],[-99.2420,19.2833],[-99.2421,19.2833],[-99.2423,19.2834],[-99.2426,19.2836],[-99.2429,19.2838],[-99.2429,19.2839],[-99.2430,19.2841],[-99.2429,19.2842],[-99.2429,19.2843],[-99.2427,19.2843],[-99.2427,19.2843],[-99.2424,19.2848],[-99.2423,19.2849],[-99.2420,19.2853],[-99.2419,19.2855],[-99.2419,19.2855],[-99.2418,19.2857],[-99.2417,19.2859],[-99.2417,19.2861],[-99.2416,19.2863],[-99.2415,19.2864],[-99.2413,19.2867],[-99.2412,19.2867],[-99.2411,19.2867],[-99.2410,19.2868],[-99.2409,19.2868],[-99.2408,19.2870],[-99.2408,19.2872],[-99.2408,19.2873],[-99.2410,19.2874],[-99.2410,19.2876],[-99.2410,19.2879],[-99.2410,19.2880],[-99.2411,19.2881],[-99.2413,19.2883],[-99.2415,19.2885],[-99.2416,19.2886],[-99.2418,19.2888],[-99.2419,19.2889],[-99.2421,19.2890],[-99.2423,19.2892],[-99.2424,19.2892],[-99.2425,19.2893],[-99.2427,19.2893],[-99.2428,19.2894],[-99.2428,19.2896],[-99.2428,19.2902],[-99.2430,19.2914],[-99.2429,19.2917],[-99.2428,19.2919],[-99.2427,19.2923],[-99.2426,19.2925],[-99.2423,19.2929],[-99.2423,19.2929],[-99.2415,19.2929],[-99.2419,19.2931],[-99.2418,19.2933],[-99.2416,19.2935],[-99.2415,19.2937],[-99.2415,19.2938],[-99.2415,19.2939],[-99.2414,19.2940],[-99.2412,19.2940],[-99.2411,19.2941],[-99.2409,19.2941],[-99.2408,19.2942],[-99.2408,19.2942],[-99.2407,19.2942],[-99.2406,19.2942],[-99.2406,19.2941],[-99.2405,19.2941],[-99.2404,19.2941],[-99.2403,19.2941],[-99.2402,19.2941],[-99.2402,19.2941],[-99.2401,19.2941],[-99.2400,19.2942],[-99.2398,19.2943],[-99.2397,19.2944],[-99.2394,19.2945],[-99.2387,19.2947],[-99.2386,19.2947],[-99.2386,19.2947],[-99.2380,19.2945],[-99.2380,19.2945],[-99.2380,19.2945],[-99.2380,19.2945],[-99.2379,19.2944],[-99.2378,19.2944],[-99.2376,19.2943],[-99.2375,19.2943],[-99.2372,19.2943],[-99.2371,19.2943],[-99.2369,19.2943],[-99.2367,19.2944],[-99.2365,19.2944],[-99.2364,19.2944],[-99.2361,19.2944],[-99.2360,19.2945],[-99.2359,19.2945],[-99.2359,19.2946],[-99.2359,19.2947],[-99.2360,19.2948],[-99.2361,19.2949],[-99.2362,19.2950],[-99.2361,19.2951],[-99.2360,19.2951],[-99.2358,19.2951],[-99.2357,19.2951],[-99.2356,19.2950],[-99.2355,19.2950],[-99.2354,19.2951],[-99.2353,19.2952],[-99.2351,19.2953],[-99.2349,19.2954],[-99.2348,19.2956],[-99.2347,19.2956],[-99.2346,19.2957],[-99.2345,19.2957],[-99.2345,19.2957],[-99.2344,19.2957],[-99.2342,19.2960],[-99.2341,19.2961],[-99.2340,19.2962],[-99.2338,19.2963],[-99.2336,19.2964],[-99.2335,19.2965],[-99.2333,19.2966],[-99.2332,19.2967],[-99.2326,19.2975],[-99.2325,19.2977],[-99.2325,19.2979],[-99.2325,19.2980],[-99.2326,19.2981],[-99.2327,19.2984],[-99.2327,19.2985],[-99.2327,19.2987],[-99.2327,19.2987],[-99.2327,19.2988],[-99.2327,19.2989],[-99.2327,19.2991],[-99.2328,19.2992],[-99.2328,19.2993],[-99.2328,19.2995],[-99.2328,19.2996],[-99.2328,19.2997],[-99.2327,19.2998],[-99.2327,19.2999],[-99.2328,19.3000],[-99.2331,19.3001],[-99.2332,19.3001],[-99.2334,19.3001],[-99.2334,19.3002],[-99.2334,19.3008],[-99.2333,19.3008],[-99.2329,19.3009],[-99.2328,19.3010],[-99.2324,19.3013],[-99.2322,19.3015],[-99.2330,19.3018],[-99.2326,19.3025],[-99.2325,19.3030],[-99.2323,19.3030],[-99.2322,19.3038],[-99.2320,19.3039],[-99.2320,19.3039],[-99.2320,19.3043],[-99.2319,19.3048],[-99.2319,19.3050],[-99.2317,19.3052],[-99.2312,19.3054],[-99.2309,19.3056],[-99.2306,19.3057],[-99.2304,19.3058],[-99.2302,19.3059],[-99.2299,19.3060],[-99.2298,19.3062],[-99.2295,19.3064],[-99.2294,19.3065],[-99.2289,19.3065],[-99.2287,19.3065],[-99.2281,19.3068],[-99.2280,19.3068],[-99.2279,19.3069],[-99.2277,19.3070],[-99.2277,19.3070],[-99.2277,19.3071],[-99.2276,19.3072],[-99.2276,19.3074],[-99.2277,19.3076],[-99.2277,19.3078],[-99.2277,19.3079],[-99.2276,19.3081],[-99.2274,19.3082],[-99.2272,19.3084],[-99.2269,19.3086],[-99.2252,19.3100],[-99.2250,19.3103],[-99.2249,19.3106],[-99.2246,19.3107],[-99.2241,19.3109],[-99.2239,19.3109],[-99.2230,19.3110],[-99.2217,19.3110],[-99.2213,19.3111],[-99.2210,19.3111],[-99.2207,19.3111],[-99.2207,19.3111],[-99.2206,19.3112],[-99.2205,19.3113],[-99.2199,19.3123],[-99.2201,19.3127],[-99.2203,19.3131],[-99.2204,19.3134],[-99.2205,19.3137],[-99.2207,19.3143],[-99.2207,19.3147],[-99.2208,19.3148],[-99.2208,19.3151],[-99.2208,19.3153],[-99.2210,19.3160],[-99.2210,19.3160],[-99.2210,19.3160],[-99.2210,19.3164],[-99.2211,19.3166],[-99.2212,19.3171],[-99.2212,19.3173],[-99.2212,19.3174],[-99.2213,19.3177],[-99.2213,19.3178],[-99.2214,19.3181],[-99.2214,19.3183],[-99.2215,19.3185],[-99.2215,19.3187],[-99.2215,19.3190],[-99.2215,19.3193],[-99.2214,19.3196],[-99.2213,19.3199],[-99.2212,19.3201],[-99.2211,19.3203],[-99.2210,19.3204],[-99.2209,19.3206],[-99.2207,19.3209],[-99.2206,19.3210],[-99.2206,19.3210],[-99.2205,19.3210],[-99.2205,19.3210],[-99.2205,19.3211],[-99.2204,19.3211],[-99.2204,19.3212],[-99.2201,19.3214],[-99.2193,19.3219],[-99.2191,19.3221],[-99.2186,19.3224],[-99.2176,19.3231],[-99.2159,19.3242],[-99.2143,19.3253],[-99.2136,19.3259],[-99.2128,19.3268],[-99.2127,19.3269],[-99.2125,19.3272],[-99.2121,19.3278],[-99.2118,19.3284],[-99.2107,19.3307],[-99.2105,19.3310],[-99.2105,19.3311],[-99.2104,19.3312],[-99.2103,19.3315],[-99.2102,19.3316],[-99.2100,19.3320],[-99.2096,19.3329],[-99.2094,19.3333],[-99.2091,19.3336],[-99.2089,19.3339],[-99.2086,19.3343],[-99.2084,19.3346],[-99.2082,19.3349],[-99.2080,19.3351],[-99.2075,19.3355],[-99.2069,19.3360],[-99.2068,19.3361],[-99.2067,19.3362],[-99.2068,19.3363],[-99.2071,19.3365],[-99.2078,19.3363],[-99.2081,19.3362],[-99.2083,19.3361],[-99.2087,19.3360],[-99.2086,19.3361],[-99.2082,19.3367],[-99.2078,19.3373],[-99.2078,19.3374],[-99.2075,19.3378],[-99.2079,19.3379],[-99.2082,19.3379],[-99.2084,19.3379],[-99.2088,19.3376],[-99.2089,19.3376],[-99.2095,19.3373],[-99.2097,19.3371],[-99.2100,19.3369],[-99.2105,19.3367],[-99.2112,19.3363],[-99.2115,19.3362],[-99.2117,19.3363],[-99.2119,19.3363],[-99.2120,19.3363],[-99.2123,19.3362],[-99.2133,19.3365],[-99.2136,19.3366],[-99.2137,19.3366],[-99.2138,19.3365],[-99.2142,19.3365],[-99.2143,19.3365],[-99.2144,19.3365],[-99.2147,19.3364],[-99.2148,19.3364],[-99.2149,19.3364],[-99.2151,19.3363],[-99.2153,19.3361],[-99.2154,19.3357],[-99.2156,19.3355],[-99.2157,19.3354],[-99.2159,19.3353],[-99.2160,19.3353],[-99.2166,19.3352],[-99.2168,19.3351],[-99.2170,19.3348],[-99.2171,19.3347],[-99.2175,19.3347],[-99.2178,19.3346],[-99.2186,19.3344],[-99.2191,19.3340],[-99.2200,19.3339],[-99.2213,19.3338],[-99.2219,19.3337],[-99.2224,19.3335],[-99.2232,19.3332],[-99.2233,19.3331],[-99.2242,19.3327],[-99.2241,19.3325],[-99.2242,19.3324],[-99.2261,19.3316],[-99.2263,19.3316],[-99.2267,19.3316],[-99.2272,19.3316],[-99.2282,19.3311],[-99.2289,19.3308],[-99.2291,19.3306],[-99.2293,19.3305],[-99.2297,19.3304],[-99.2301,19.3303],[-99.2306,19.3301],[-99.2312,19.3298],[-99.2315,19.3293],[-99.2318,19.3291],[-99.2319,19.3290],[-99.2321,19.3285],[-99.2335,19.3272],[-99.2341,19.3268],[-99.2343,19.3267],[-99.2360,19.3259],[-99.2361,19.3258],[-99.2364,19.3255],[-99.2365,19.3252],[-99.2369,19.3249],[-99.2373,19.3247],[-99.2374,19.3247],[-99.2381,19.3246],[-99.2381,19.3246],[-99.2382,19.3245],[-99.2387,19.3245],[-99.2388,19.3245],[-99.2388,19.3245],[-99.2390,19.3246],[-99.2393,19.3247],[-99.2393,19.3247],[-99.2396,19.3246],[-99.2398,19.3245],[-99.2401,19.3244],[-99.2401,19.3244],[-99.2402,19.3244],[-99.2403,19.3244],[-99.2403,19.3244],[-99.2404,19.3245],[-99.2405,19.3245],[-99.2406,19.3247],[-99.2409,19.3250],[-99.2409,19.3250],[-99.2409,19.3250],[-99.2411,19.3252],[-99.2411,19.3253],[-99.2422,19.3271],[-99.2425,19.3276],[-99.2427,19.3280],[-99.2428,19.3280],[-99.2431,19.3282],[-99.2435,19.3285],[-99.2436,19.3285],[-99.2437,19.3285],[-99.2438,19.3285],[-99.2442,19.3286],[-99.2446,19.3285],[-99.2450,19.3284],[-99.2453,19.3282],[-99.2454,19.3281],[-99.2455,19.3281],[-99.2459,19.3281],[-99.2459,19.3281],[-99.2464,19.3281],[-99.2472,19.3279],[-99.2480,19.3279],[-99.2484,19.3278],[-99.2486,19.3277],[-99.2487,19.3276],[-99.2494,19.3272],[-99.2497,19.3271],[-99.2500,19.3270],[-99.2504,19.3270],[-99.2507,19.3270],[-99.2511,19.3270],[-99.2514,19.3271],[-99.2523,19.3271],[-99.2526,19.3271],[-99.2531,19.3270],[-99.2534,19.3269],[-99.2536,19.3269],[-99.2539,19.3269],[-99.2540,19.3270],[-99.2542,19.3269],[-99.2547,19.3268],[-99.2549,19.3267],[-99.2552,19.3266],[-99.2553,19.3264],[-99.2556,19.3260],[-99.2558,19.3257],[-99.2559,19.3257],[-99.2561,19.3255],[-99.2561,19.3254],[-99.2563,19.3252],[-99.2563,19.3250],[-99.2564,19.3248],[-99.2564,19.3245],[-99.2565,19.3243],[-99.2569,19.3237],[-99.2571,19.3235],[-99.2573,19.3231],[-99.2573,19.3231],[-99.2575,19.3229],[-99.2576,19.3228],[-99.2578,19.3226],[-99.2579,19.3225],[-99.2581,19.3224],[-99.2584,19.3223],[-99.2586,19.3221],[-99.2587,19.3221],[-99.2590,19.3218],[-99.2592,19.3216],[-99.2596,19.3213],[-99.2598,19.3212],[-99.2599,19.3210],[-99.2604,19.3206],[-99.2605,19.3204],[-99.2606,19.3201],[-99.2608,19.3199],[-99.2610,19.3196],[-99.2614,19.3187],[-99.2616,19.3183],[-99.2617,19.3178],[-99.2618,19.3177],[-99.2622,19.3173],[-99.2624,19.3172],[-99.2628,19.3168],[-99.2628,19.3168],[-99.2632,19.3163],[-99.2636,19.3160],[-99.2638,19.3158],[-99.2641,19.3156],[-99.2644,19.3154],[-99.2645,19.3153],[-99.2647,19.3150],[-99.2650,19.3148],[-99.2651,19.3146],[-99.2653,19.3143],[-99.2654,19.3142],[-99.2655,19.3141],[-99.2656,19.3139],[-99.2657,19.3137],[-99.2657,19.3137],[-99.2659,19.3134],[-99.2661,19.3135],[-99.2665,19.3135],[-99.2668,19.3135],[-99.2672,19.3137],[-99.2674,19.3138],[-99.2675,19.3138],[-99.2677,19.3140],[-99.2677,19.3141],[-99.2676,19.3142],[-99.2676,19.3142],[-99.2678,19.3142],[-99.2679,19.3141],[-99.2679,19.3141],[-99.2681,19.3141],[-99.2684,19.3140],[-99.2690,19.3137],[-99.2694,19.3136],[-99.2695,19.3136],[-99.2696,19.3135],[-99.2696,19.3135],[-99.2696,19.3134],[-99.2697,19.3132],[-99.2697,19.3131],[-99.2697,19.3131],[-99.2697,19.3131],[-99.2698,19.3129],[-99.2700,19.3127],[-99.2701,19.3124],[-99.2703,19.3122],[-99.2705,19.3120],[-99.2705,19.3119],[-99.2705,19.3115],[-99.2703,19.3118],[-99.2701,19.3115],[-99.2702,19.3113],[-99.2702,19.3112],[-99.2704,19.3108],[-99.2705,19.3105],[-99.2706,19.3103],[-99.2706,19.3102],[-99.2707,19.3100],[-99.2709,19.3096],[-99.2711,19.3093],[-99.2711,19.3091],[-99.2711,19.3090],[-99.2708,19.3089],[-99.2710,19.3086],[-99.2711,19.3086],[-99.2713,19.3083],[-99.2713,19.3083],[-99.2712,19.3073],[-99.2712,19.3072],[-99.2711,19.3070],[-99.2711,19.3070],[-99.2709,19.3068],[-99.2709,19.3068],[-99.2708,19.3068],[-99.2708,19.3068],[-99.2708,19.3067],[-99.2706,19.3066],[-99.2704,19.3065],[-99.2703,19.3063],[-99.2702,19.3060],[-99.2701,19.3059],[-99.2700,19.3058],[-99.2700,19.3057],[-99.2699,19.3057],[-99.2699,19.3057],[-99.2698,19.3057],[-99.2694,19.3056],[-99.2693,19.3056],[-99.2693,19.3056],[-99.2692,19.3055],[-99.2687,19.3053],[-99.2686,19.3052],[-99.2684,19.3051],[-99.2690,19.3047],[-99.2693,19.3046],[-99.2694,19.3046],[-99.2694,19.3046],[-99.2698,19.3044],[-99.2699,19.3044],[-99.2704,19.3041],[-99.2706,19.3040],[-99.2708,19.3037],[-99.2710,19.3035],[-99.2713,19.3032],[-99.2714,19.3031],[-99.2714,19.3031],[-99.2715,19.3030],[-99.2721,19.3026],[-99.2722,19.3025],[-99.2721,19.3024],[-99.2720,19.3024],[-99.2717,19.3023],[-99.2715,19.3023],[-99.2713,19.3021],[-99.2712,19.3020],[-99.2709,19.3019],[-99.2709,19.3018],[-99.2706,19.3016],[-99.2705,19.3016],[-99.2704,19.3014],[-99.2698,19.3012],[-99.2697,19.3012],[-99.2701,19.3005],[-99.2703,19.3001],[-99.2706,19.2997],[-99.2715,19.2992],[-99.2717,19.2983],[-99.2715,19.2980],[-99.2715,19.2977],[-99.2717,19.2968],[-99.2719,19.2961],[-99.2721,19.2955],[-99.2723,19.2953],[-99.2724,19.2950],[-99.2725,19.2947],[-99.2725,19.2942],[-99.2732,19.2931],[-99.2747,19.2913],[-99.2762,19.2891],[-99.2750,19.2875],[-99.2736,19.2856],[-99.2734,19.2854],[-99.2733,19.2852],[-99.2766,19.2834],[-99.2779,19.2826],[-99.2779,19.2825],[-99.2779,19.2823],[-99.2779,19.2819],[-99.2779,19.2817],[-99.2780,19.2816],[-99.2781,19.2815],[-99.2782,19.2814],[-99.2783,19.2814],[-99.2785,19.2815],[-99.2787,19.2816],[-99.2790,19.2817],[-99.2792,19.2817],[-99.2795,19.2814],[-99.2796,19.2812],[-99.2801,19.2809],[-99.2802,19.2808],[-99.2805,19.2808],[-99.2808,19.2808],[-99.2811,19.2806],[-99.2813,19.2802],[-99.2815,19.2795],[-99.2821,19.2792],[-99.2823,19.2790],[-99.2830,19.2778],[-99.2835,19.2773],[-99.2840,19.2770],[-99.2839,19.2767],[-99.2837,19.2762],[-99.2833,19.2760],[-99.2832,19.2757],[-99.2832,19.2755],[-99.2833,19.2751],[-99.2837,19.2748],[-99.2840,19.2746],[-99.2843,19.2743],[-99.2845,19.2739],[-99.2847,19.2736],[-99.2849,19.2733],[-99.2852,19.2731],[-99.2854,19.2722],[-99.2854,19.2718],[-99.2856,19.2714],[-99.2862,19.2707],[-99.2868,19.2704],[-99.2875,19.2702],[-99.2879,19.2702],[-99.2883,19.2702],[-99.2890,19.2703],[-99.2893,19.2704],[-99.2896,19.2703],[-99.2900,19.2701],[-99.2901,19.2699],[-99.2905,19.2696],[-99.2909,19.2692],[-99.2913,19.2690],[-99.2916,19.2688],[-99.2922,19.2685],[-99.2926,19.2683],[-99.2926,19.2681],[-99.2927,19.2676],[-99.2935,19.2669],[-99.2938,19.2664],[-99.2940,19.2660],[-99.2941,19.2656],[-99.2940,19.2653],[-99.2942,19.2649],[-99.2942,19.2646],[-99.2945,19.2643],[-99.2948,19.2640],[-99.2951,19.2638],[-99.2958,19.2635],[-99.2962,19.2633],[-99.2968,19.2631],[-99.2970,19.2627],[-99.2973,19.2623],[-99.2978,19.2619],[-99.2980,19.2615],[-99.2984,19.2613],[-99.2989,19.2612],[-99.2998,19.2609],[-99.3002,19.2609],[-99.3006,19.2611],[-99.3009,19.2610],[-99.3010,19.2609],[-99.3015,19.2605],[-99.3017,19.2600],[-99.3019,19.2595],[-99.3022,19.2594],[-99.3024,19.2589],[-99.3030,19.2587],[-99.3035,19.2587],[-99.3039,19.2584],[-99.3053,19.2579],[-99.3062,19.2577],[-99.3069,19.2578],[-99.3075,19.2579],[-99.3082,19.2580],[-99.3088,19.2581],[-99.3092,19.2578],[-99.3097,19.2576],[-99.3102,19.2573],[-99.3108,19.2572],[-99.3112,19.2571],[-99.3123,19.2571],[-99.3125,19.2569],[-99.3128,19.2567],[-99.3135,19.2566],[-99.3138,19.2567],[-99.3140,19.2568],[-99.3141,19.2568],[-99.3142,19.2568],[-99.3144,19.2568],[-99.3146,19.2567],[-99.3148,19.2565],[-99.3150,19.2565],[-99.3153,19.2564],[-99.3154,19.2564],[-99.3155,19.2561],[-99.3155,19.2561],[-99.3155,19.2560],[-99.3154,19.2559],[-99.3153,19.2558],[-99.3152,19.2556],[-99.3151,19.2555],[-99.3150,19.2554],[-99.3149,19.2553],[-99.3148,19.2552],[-99.3148,19.2550],[-99.3149,19.2548],[-99.3150,19.2546],[-99.3152,19.2544],[-99.3153,19.2540],[-99.3155,19.2533],[-99.3156,19.2532],[-99.3157,19.2530],[-99.3159,19.2529],[-99.3159,19.2528],[-99.3159,19.2526],[-99.3159,19.2524],[-99.3159,19.2523],[-99.3160,19.2522],[-99.3161,19.2521],[-99.3161,19.2520],[-99.3161,19.2519],[-99.3160,19.2518],[-99.3159,19.2516],[-99.3159,19.2515],[-99.3160,19.2513],[-99.3159,19.2511],[-99.3159,19.2510],[-99.3159,19.2509],[-99.3160,19.2509],[-99.3160,19.2508],[-99.3160,19.2508],[-99.3161,19.2508],[-99.3161,19.2508],[-99.3161,19.2508],[-99.3161,19.2508],[-99.3162,19.2509],[-99.3163,19.2510],[-99.3164,19.2510],[-99.3164,19.2510],[-99.3165,19.2510],[-99.3166,19.2508],[-99.3166,19.2507],[-99.3167,19.2508],[-99.3168,19.2508],[-99.3168,19.2507],[-99.3171,19.2503],[-99.3170,19.2496],[-99.3170,19.2491],[-99.3171,19.2486],[-99.3173,19.2481],[-99.3175,19.2476],[-99.3178,19.2474],[-99.3178,19.2473],[-99.3178,19.2471],[-99.3178,19.2470],[-99.3177,19.2464],[-99.3176,19.2462],[-99.3176,19.2461],[-99.3176,19.2460],[-99.3177,19.2459],[-99.3177,19.2459],[-99.3178,19.2457],[-99.3175,19.2453],[-99.3175,19.2450],[-99.3176,19.2446],[-99.3176,19.2445],[-99.3177,19.2444],[-99.3183,19.2437],[-99.3184,19.2435],[-99.3186,19.2433],[-99.3187,19.2432],[-99.3188,19.2432],[-99.3189,19.2432],[-99.3191,19.2434],[-99.3193,19.2434],[-99.3194,19.2434],[-99.3195,19.2434],[-99.3198,19.2433],[-99.3201,19.2431],[-99.3202,19.2430],[-99.3204,19.2429],[-99.3205,19.2426],[-99.3208,19.2423],[-99.3213,19.2418],[-99.3221,19.2409],[-99.3227,19.2403],[-99.3229,19.2398],[-99.3232,19.2392],[-99.3232,19.2391],[-99.3233,19.2386],[-99.3233,19.2385],[-99.3233,19.2384],[-99.3232,19.2383],[-99.3232,19.2383],[-99.3231,19.2382],[-99.3229,19.2381],[-99.3229,19.2380],[-99.3229,19.2379],[-99.3229,19.2378],[-99.3228,19.2377],[-99.3228,19.2376],[-99.3227,19.2375],[-99.3229,19.2367],[-99.3229,19.2364],[-99.3230,19.2359],[-99.3227,19.2357],[-99.3228,19.2353],[-99.3227,19.2347],[-99.3226,19.2341],[-99.3226,19.2339],[-99.3226,19.2338],[-99.3225,19.2337],[-99.3223,19.2326],[-99.3213,19.2327],[-99.3153,19.2292],[-99.3156,19.2274],[-99.3151,19.2269],[-99.3147,19.2267],[-99.3145,19.2266],[-99.3140,19.2265],[-99.3136,19.2262],[-99.3133,19.2260],[-99.3130,19.2258],[-99.3127,19.2260],[-99.3123,19.2260],[-99.3120,19.2259],[-99.3117,19.2259],[-99.3114,19.2257],[-99.3113,19.2256],[-99.3112,19.2255],[-99.3110,19.2254],[-99.3108,19.2252],[-99.3105,19.2252],[-99.3100,19.2248],[-99.3096,19.2247],[-99.3094,19.2246],[-99.3092,19.2243],[-99.3089,19.2239],[-99.3086,19.2236],[-99.3084,19.2235],[-99.3081,19.2234],[-99.3078,19.2232],[-99.3071,19.2228],[-99.3065,19.2224],[-99.3060,19.2224],[-99.3057,19.2222],[-99.3054,19.2220],[-99.3047,19.2213],[-99.3040,19.2206],[-99.3037,19.2203],[-99.3034,19.2201],[-99.3032,19.2198],[-99.3031,19.2196],[-99.3027,19.2193],[-99.3025,19.2190],[-99.3020,19.2186],[-99.3015,19.2183],[-99.3014,19.2182],[-99.3010,19.2182],[-99.3005,19.2180],[-99.3003,19.2177],[-99.2998,19.2177],[-99.2992,19.2177],[-99.2986,19.2179],[-99.2981,19.2181],[-99.2978,19.2181],[-99.2974,19.2179],[-99.2970,19.2178],[-99.2967,19.2178],[-99.2964,19.2175],[-99.2961,19.2171],[-99.2958,19.2168],[-99.2955,19.2163],[-99.2953,19.2160],[-99.2951,19.2155],[-99.2949,19.2153],[-99.2948,19.2152],[-99.2947,19.2152],[-99.2944,19.2151],[-99.2943,19.2150],[-99.2942,19.2149],[-99.2941,19.2148],[-99.2939,19.2146],[-99.2938,19.2146],[-99.2938,19.2145],[-99.2937,19.2144],[-99.2936,19.2143],[-99.2936,19.2143],[-99.2934,19.2141],[-99.2932,19.2139],[-99.2928,19.2138],[-99.2924,19.2138],[-99.2918,19.2143],[-99.2914,19.2146],[-99.2911,19.2145],[-99.2906,19.2143],[-99.2903,19.2141],[-99.2899,19.2139],[-99.2894,19.2137],[-99.2892,19.2138],[-99.2891,19.2138],[-99.2889,19.2138],[-99.2887,19.2137],[-99.2886,19.2136],[-99.2882,19.2133],[-99.2880,19.2132],[-99.2878,19.2131],[-99.2875,19.2131],[-99.2871,19.2132],[-99.2868,19.2132],[-99.2865,19.2133],[-99.2863,19.2133],[-99.2860,19.2133],[-99.2856,19.2133],[-99.2854,19.2133],[-99.2853,19.2133],[-99.2852,19.2134],[-99.2851,19.2135],[-99.2850,19.2135],[-99.2848,19.2136],[-99.2847,19.2136],[-99.2846,19.2137],[-99.2846,19.2137],[-99.2844,19.2136],[-99.2841,19.2137],[-99.2839,19.2136],[-99.2837,19.2135],[-99.2835,19.2134],[-99.2834,19.2132],[-99.2833,19.2132],[-99.2831,19.2131]]]},"properties":{"cvegeo":"09008","match":"Municipality","name":"La Magdalena Contreras","state":"Ciudad de México","municipality":"La Magdalena Contreras","city":null,"neighborhood":null,"category":"Alcaldía","type":null,"postalcode":null,"population":"247622","dwellings":"71545","occupied_dwellings":null,"pricem2":null,"propertyprice":null,"ids_prom":"0.241","nse":"D","nse_label":"D (19%)","nse_score":"4.208","nse_ab":"9480","nse_cplus":"10329","nse_c":"10533","nse_cminus":"10961","nse_dplus":"9928","nse_d":"13044","nse_e":"3196","nse_total":"67471","nse_ab_pct":"14.05","nse_cplus_pct":"15.31","nse_c_pct":"15.61","nse_cminus_pct":"16.25","nse_dplus_pct":"14.71","nse_d_pct":"19.33","nse_e_pct":"4.74"}},{"type":"Feature","geometry":{"type":"Polygon","coordinates":[[[-99.0598,19.0482],[-99.0432,19.0758],[-99.0290,19.0854],[-98.9836,19.0788],[-98.9790,19.0745],[-98.9737,19.0796],[-98.9714,19.0812],[-98.9683,19.0831],[-98.9657,19.0859],[-98.9633,19.0921],[-98.9612,19.0956],[-98.9591,19.1043],[-98.9590,19.1090],[-98.9587,19.1101],[-98.9586,19.1104],[-98.9584,19.1113],[-98.9587,19.1126],[-98.9587,19.1127],[-98.9587,19.1136],[-98.9586,19.1145],[-98.9585,19.1149],[-98.9581,19.1176],[-98.9580,19.1179],[-98.9577,19.1196],[-98.9575,19.1224],[-98.9578,19.1232],[-98.9585,19.1253],[-98.9587,19.1258],[-98.9595,19.1283],[-98.9604,19.1310],[-98.9605,19.1313],[-98.9609,19.1323],[-98.9611,19.1330],[-98.9615,19.1338],[-98.9616,19.1341],[-98.9617,19.1343],[-98.9618,19.1345],[-98.9619,19.1348],[-98.9623,19.1355],[-98.9624,19.1357],[-98.9625,19.1358],[-98.9626,19.1361],[-98.9629,19.1365],[-98.9632,19.1370],[-98.9635,19.1375],[-98.9638,19.1379],[-98.9639,19.1382],[-98.9646,19.1398],[-98.9646,19.1398],[-98.9651,19.1404],[-98.9651,19.1404],[-98.9655,19.1414],[-98.9657,19.1418],[-98.9660,19.1426],[-98.9665,19.1439],[-98.9630,19.1456],[-98.9626,19.1459],[-98.9599,19.1471],[-98.9595,19.1473],[-98.9546,19.1495],[-98.9583,19.1538],[-98.9585,19.1540],[-98.9595,19.1552],[-98.9599,19.1557],[-98.9600,19.1558],[-98.9606,19.1565],[-98.9611,19.1571],[-98.9620,19.1582],[-98.9627,19.1590],[-98.9631,19.1595],[-98.9637,19.1602],[-98.9646,19.1612],[-98.9653,19.1620],[-98.9674,19.1644],[-98.9656,19.1649],[-98.9524,19.1686],[-98.9549,19.1741],[-98.9562,19.1768],[-98.9565,19.1766],[-98.9598,19.1792],[-98.9664,19.1870],[-98.9677,19.1897],[-98.9670,19.1979],[-98.9670,19.1999],[-98.9676,19.2027],[-98.9677,19.2030],[-98.9677,19.2031],[-98.9697,19.2043],[-98.9693,19.2046],[-98.9686,19.2052],[-98.9680,19.2057],[-98.9675,19.2061],[-98.9674,19.2062],[-98.9672,19.2063],[-98.9672,19.2066],[-98.9672,19.2070],[-98.9674,19.2073],[-98.9671,19.2076],[-98.9670,19.2079],[-98.9670,19.2079],[-98.9669,19.2087],[-98.9668,19.2090],[-98.9668,19.2090],[-98.9677,19.2098],[-98.9684,19.2105],[-98.9685,19.2106],[-98.9686,19.2106],[-98.9689,19.2107],[-98.9692,19.2109],[-98.9695,19.2110],[-98.9698,19.2112],[-98.9699,19.2113],[-98.9700,19.2113],[-98.9710,19.2117],[-98.9713,19.2119],[-98.9715,19.2120],[-98.9715,19.2120],[-98.9717,19.2121],[-98.9720,19.2123],[-98.9722,19.2125],[-98.9724,19.2127],[-98.9728,19.2132],[-98.9731,19.2135],[-98.9731,19.2135],[-98.9732,19.2136],[-98.9732,19.2136],[-98.9732,19.2136],[-98.9732,19.2137],[-98.9733,19.2138],[-98.9736,19.2141],[-98.9737,19.2141],[-98.9741,19.2143],[-98.9742,19.2144],[-98.9743,19.2144],[-98.9745,19.2145],[-98.9750,19.2146],[-98.9750,19.2146],[-98.9750,19.2146],[-98.9778,19.2151],[-98.9778,19.2151],[-98.9779,19.2151],[-98.9779,19.2151],[-98.9781,19.2151],[-98.9782,19.2151],[-98.9782,19.2151],[-98.9782,19.2151],[-98.9782,19.2151],[-98.9782,19.2151],[-98.9783,19.2152],[-98.9789,19.2157],[-98.9789,19.2157],[-98.9789,19.2157],[-98.9789,19.2157],[-98.9797,19.2164],[-98.9797,19.2164],[-98.9797,19.2164],[-98.9817,19.2180],[-98.9817,19.2181],[-98.9817,19.2181],[-98.9819,19.2183],[-98.9820,19.2183],[-98.9820,19.2183],[-98.9822,19.2185],[-98.9822,19.2185],[-98.9822,19.2185],[-98.9824,19.2186],[-98.9825,19.2187],[-98.9825,19.2187],[-98.9825,19.2187],[-98.9827,19.2189],[-98.9827,19.2189],[-98.9828,19.2189],[-98.9830,19.2191],[-98.9830,19.2191],[-98.9830,19.2191],[-98.9832,19.2193],[-98.9832,19.2193],[-98.9832,19.2194],[-98.9835,19.2195],[-98.9835,19.2196],[-98.9835,19.2196],[-98.9838,19.2198],[-98.9838,19.2199],[-98.9839,19.2199],[-98.9839,19.2199],[-98.9840,19.2200],[-98.9840,19.2200],[-98.9841,19.2200],[-98.9843,19.2202],[-98.9843,19.2202],[-98.9843,19.2202],[-98.9843,19.2202],[-98.9843,19.2203],[-98.9857,19.2214],[-98.9882,19.2237],[-98.9906,19.2258],[-98.9911,19.2256],[-98.9912,19.2248],[-98.9918,19.2248],[-98.9919,19.2248],[-98.9926,19.2249],[-98.9933,19.2249],[-98.9933,19.2249],[-98.9933,19.2253],[-98.9933,19.2254],[-98.9933,19.2254],[-98.9933,19.2254],[-98.9933,19.2255],[-98.9934,19.2259],[-98.9934,19.2259],[-98.9935,19.2262],[-98.9935,19.2262],[-98.9935,19.2263],[-98.9935,19.2263],[-98.9935,19.2263],[-98.9935,19.2264],[-98.9935,19.2264],[-98.9935,19.2265],[-98.9935,19.2265],[-98.9935,19.2265],[-98.9935,19.2268],[-98.9936,19.2269],[-98.9936,19.2269],[-98.9936,19.2269],[-98.9936,19.2269],[-98.9936,19.2271],[-98.9936,19.2271],[-98.9936,19.2271],[-98.9937,19.2273],[-98.9937,19.2273],[-98.9937,19.2275],[-98.9937,19.2275],[-98.9942,19.2274],[-98.9944,19.2274],[-98.9953,19.2275],[-98.9953,19.2275],[-98.9953,19.2275],[-98.9954,19.2265],[-98.9954,19.2264],[-98.9954,19.2262],[-98.9958,19.2250],[-98.9958,19.2250],[-98.9958,19.2250],[-98.9961,19.2251],[-98.9964,19.2252],[-98.9964,19.2252],[-98.9964,19.2253],[-98.9962,19.2259],[-98.9962,19.2259],[-98.9963,19.2260],[-98.9964,19.2262],[-98.9967,19.2263],[-98.9971,19.2264],[-98.9974,19.2265],[-98.9975,19.2265],[-98.9975,19.2265],[-98.9974,19.2272],[-98.9972,19.2273],[-98.9972,19.2275],[-98.9972,19.2275],[-98.9973,19.2275],[-98.9973,19.2275],[-98.9981,19.2275],[-98.9988,19.2277],[-98.9989,19.2277],[-98.9990,19.2274],[-98.9996,19.2276],[-98.9997,19.2273],[-98.9997,19.2273],[-98.9998,19.2268],[-99.0008,19.2270],[-99.0008,19.2270],[-99.0022,19.2274],[-99.0027,19.2275],[-99.0030,19.2276],[-99.0031,19.2271],[-99.0031,19.2271],[-99.0001,19.2264],[-99.0001,19.2263],[-99.0001,19.2263],[-99.0001,19.2263],[-99.0015,19.2262],[-99.0030,19.2261],[-99.0030,19.2261],[-99.0039,19.2260],[-99.0040,19.2260],[-99.0040,19.2260],[-99.0049,19.2259],[-99.0055,19.2258],[-99.0057,19.2258],[-99.0071,19.2257],[-99.0072,19.2257],[-99.0089,19.2255],[-99.0097,19.2255],[-99.0116,19.2253],[-99.0125,19.2252],[-99.0175,19.2248],[-99.0178,19.2247],[-99.0180,19.2247],[-99.0186,19.2247],[-99.0196,19.2246],[-99.0217,19.2244],[-99.0230,19.2243],[-99.0253,19.2241],[-99.0263,19.2240],[-99.0302,19.2236],[-99.0329,19.2231],[-99.0341,19.2228],[-99.0352,19.2226],[-99.0358,19.2225],[-99.0363,19.2224],[-99.0364,19.2223],[-99.0367,19.2223],[-99.0369,19.2222],[-99.0376,19.2221],[-99.0380,19.2220],[-99.0401,19.2216],[-99.0411,19.2214],[-99.0418,19.2212],[-99.0422,19.2211],[-99.0425,19.2211],[-99.0428,19.2210],[-99.0430,19.2210],[-99.0454,19.2205],[-99.0466,19.2202],[-99.0467,19.2202],[-99.0468,19.2202],[-99.0477,19.2200],[-99.0478,19.2200],[-99.0479,19.2200],[-99.0483,19.2199],[-99.0491,19.2197],[-99.0495,19.2196],[-99.0524,19.2190],[-99.0524,19.2190],[-99.0531,19.2189],[-99.0538,19.2187],[-99.0560,19.2183],[-99.0564,19.2182],[-99.0567,19.2181],[-99.0582,19.2178],[-99.0592,19.2176],[-99.0602,19.2174],[-99.0605,19.2173],[-99.0632,19.2168],[-99.0643,19.2166],[-99.0658,19.2162],[-99.0663,19.2161],[-99.0673,19.2159],[-99.0678,19.2158],[-99.0691,19.2156],[-99.0711,19.2152],[-99.0723,19.2149],[-99.0736,19.2146],[-99.0758,19.2142],[-99.0768,19.2140],[-99.0777,19.2138],[-99.0778,19.2138],[-99.0781,19.2137],[-99.0785,19.2136],[-99.0787,19.2136],[-99.0788,19.2135],[-99.0794,19.2134],[-99.0801,19.2133],[-99.0804,19.2132],[-99.0809,19.2131],[-99.0814,19.2130],[-99.0820,19.2129],[-99.0821,19.2129],[-99.0825,19.2128],[-99.0831,19.2127],[-99.0835,19.2126],[-99.0836,19.2125],[-99.0838,19.2125],[-99.0842,19.2124],[-99.0844,19.2124],[-99.0857,19.2121],[-99.0863,19.2120],[-99.0865,19.2120],[-99.0882,19.2116],[-99.0884,19.2116],[-99.0885,19.2115],[-99.0890,19.2114],[-99.0893,19.2114],[-99.0893,19.2114],[-99.0894,19.2114],[-99.0907,19.2111],[-99.0909,19.2110],[-99.0909,19.2110],[-99.0909,19.2110],[-99.0909,19.2110],[-99.0910,19.2110],[-99.0917,19.2109],[-99.0921,19.2109],[-99.0924,19.2109],[-99.0929,19.2109],[-99.0932,19.2109],[-99.0934,19.2110],[-99.0935,19.2110],[-99.0937,19.2111],[-99.0938,19.2111],[-99.0940,19.2113],[-99.0941,19.2114],[-99.0942,19.2115],[-99.0943,19.2115],[-99.0944,19.2116],[-99.0945,19.2116],[-99.0946,19.2115],[-99.0947,19.2115],[-99.0947,19.2114],[-99.0948,19.2114],[-99.0949,19.2113],[-99.0949,19.2112],[-99.0950,19.2112],[-99.0950,19.2111],[-99.0951,19.2101],[-99.0951,19.2097],[-99.0951,19.2096],[-99.0952,19.2094],[-99.0953,19.2093],[-99.0954,19.2090],[-99.0956,19.2088],[-99.0956,19.2087],[-99.0957,19.2086],[-99.0958,19.2086],[-99.0959,19.2086],[-99.0960,19.2086],[-99.0961,19.2086],[-99.0963,19.2086],[-99.0964,19.2086],[-99.0966,19.2087],[-99.0967,19.2087],[-99.0968,19.2087],[-99.0969,19.2087],[-99.0970,19.2086],[-99.0971,19.2086],[-99.0979,19.2083],[-99.0980,19.2083],[-99.0981,19.2083],[-99.0983,19.2082],[-99.0984,19.2082],[-99.0984,19.2082],[-99.0985,19.2082],[-99.0988,19.2082],[-99.0989,19.2082],[-99.0989,19.2082],[-99.0990,19.2082],[-99.0991,19.2082],[-99.0992,19.2082],[-99.0992,19.2081],[-99.0993,19.2081],[-99.0993,19.2081],[-99.0994,19.2080],[-99.0998,19.2075],[-99.0999,19.2074],[-99.1000,19.2073],[-99.1000,19.2071],[-99.1000,19.2070],[-99.1000,19.2065],[-99.1001,19.2064],[-99.1001,19.2063],[-99.1001,19.2062],[-99.1002,19.2062],[-99.1003,19.2061],[-99.1004,19.2061],[-99.1006,19.2060],[-99.1006,19.2060],[-99.1007,19.2060],[-99.1008,19.2059],[-99.1009,19.2058],[-99.1010,19.2057],[-99.1010,19.2057],[-99.1011,19.2055],[-99.1016,19.2050],[-99.1017,19.2049],[-99.1017,19.2048],[-99.1018,19.2048],[-99.1018,19.2047],[-99.1018,19.2046],[-99.1019,19.2044],[-99.1019,19.2042],[-99.1019,19.2038],[-99.1019,19.2034],[-99.1020,19.2026],[-99.1020,19.2023],[-99.1021,19.2018],[-99.1021,19.2016],[-99.1021,19.2011],[-99.1022,19.2008],[-99.1022,19.2007],[-99.1023,19.2006],[-99.1024,19.2005],[-99.1026,19.2003],[-99.1031,19.2000],[-99.1033,19.1999],[-99.1041,19.1994],[-99.1041,19.1994],[-99.1042,19.1994],[-99.1047,19.1990],[-99.1048,19.1990],[-99.1048,19.1989],[-99.1049,19.1988],[-99.1048,19.1987],[-99.1048,19.1986],[-99.1047,19.1985],[-99.1046,19.1984],[-99.1046,19.1984],[-99.1046,19.1984],[-99.1046,19.1983],[-99.1047,19.1983],[-99.1047,19.1982],[-99.1048,19.1982],[-99.1052,19.1983],[-99.1053,19.1981],[-99.1053,19.1981],[-99.1053,19.1981],[-99.1053,19.1981],[-99.1053,19.1981],[-99.1053,19.1980],[-99.1055,19.1977],[-99.1055,19.1977],[-99.1055,19.1977],[-99.1055,19.1977],[-99.1055,19.1977],[-99.1057,19.1973],[-99.1057,19.1973],[-99.1057,19.1973],[-99.1058,19.1973],[-99.1058,19.1972],[-99.1058,19.1972],[-99.1058,19.1972],[-99.1058,19.1972],[-99.1060,19.1969],[-99.1060,19.1969],[-99.1060,19.1969],[-99.1063,19.1963],[-99.1063,19.1963],[-99.1063,19.1963],[-99.1065,19.1959],[-99.1065,19.1959],[-99.1065,19.1959],[-99.1067,19.1956],[-99.1067,19.1955],[-99.1067,19.1955],[-99.1069,19.1952],[-99.1069,19.1951],[-99.1081,19.1930],[-99.1084,19.1924],[-99.1086,19.1921],[-99.1088,19.1917],[-99.1090,19.1913],[-99.1091,19.1912],[-99.1103,19.1890],[-99.1115,19.1868],[-99.1117,19.1865],[-99.1123,19.1853],[-99.1127,19.1847],[-99.1134,19.1833],[-99.1187,19.1737],[-99.1191,19.1729],[-99.1302,19.1525],[-99.1312,19.1508],[-99.1324,19.1486],[-99.1372,19.1508],[-99.1378,19.1510],[-99.1385,19.1513],[-99.1389,19.1514],[-99.1394,19.1516],[-99.1398,19.1518],[-99.1400,19.1520],[-99.1404,19.1522],[-99.1407,19.1525],[-99.1408,19.1529],[-99.1411,19.1535],[-99.1415,19.1541],[-99.1418,19.1545],[-99.1420,19.1547],[-99.1423,19.1551],[-99.1425,19.1556],[-99.1427,19.1561],[-99.1429,19.1565],[-99.1431,19.1568],[-99.1432,19.1571],[-99.1434,19.1575],[-99.1437,19.1578],[-99.1440,19.1581],[-99.1442,19.1584],[-99.1445,19.1587],[-99.1448,19.1589],[-99.1449,19.1589],[-99.1455,19.1592],[-99.1461,19.1596],[-99.1465,19.1598],[-99.1468,19.1599],[-99.1472,19.1600],[-99.1476,19.1601],[-99.1482,19.1602],[-99.1487,19.1603],[-99.1496,19.1603],[-99.1497,19.1598],[-99.1518,19.1514],[-99.1520,19.1508],[-99.1525,19.1421],[-99.1540,19.1381],[-99.1550,19.1353],[-99.1633,19.1175],[-99.1547,19.1088],[-99.1468,19.1006],[-99.1365,19.0894],[-99.1354,19.0893],[-99.1069,19.0728],[-99.0598,19.0482]]]},"properties":{"cvegeo":"09009","match":"Municipality","name":"Milpa Alta","state":"Ciudad de México","municipality":"Milpa Alta","city":null,"neighborhood":null,"category":"Alcaldía","type":null,"postalcode":null,"population":"152685","dwellings":"44823","occupied_dwellings":null,"pricem2":null,"propertyprice":null,"ids_prom":"0.399","nse":"D","nse_label":"D (30%)","nse_score":"3.463","nse_ab":"2131","nse_cplus":"3464","nse_c":"4564","nse_cminus":"5136","nse_dplus":"5534","nse_d":"10569","nse_e":"3277","nse_total":"34675","nse_ab_pct":"6.15","nse_cplus_pct":"9.99","nse_c_pct":"13.16","nse_cminus_pct":"14.81","nse_dplus_pct":"15.96","nse_d_pct":"30.48","nse_e_pct":"9.45"}},{"type":"Feature","geometry":{"type":"Polygon","coordinates":[[[-99.3243,19.2326],[-99.3223,19.2326],[-99.3225,19.2337],[-99.3226,19.2338],[-99.3226,19.2339],[-99.3226,19.2341],[-99.3227,19.2347],[-99.3228,19.2353],[-99.3227,19.2357],[-99.3230,19.2359],[-99.3229,19.2364],[-99.3229,19.2367],[-99.3227,19.2375],[-99.3228,19.2376],[-99.3228,19.2377],[-99.3229,19.2378],[-99.3229,19.2379],[-99.3229,19.2380],[-99.3229,19.2381],[-99.3231,19.2382],[-99.3232,19.2383],[-99.3232,19.2383],[-99.3233,19.2384],[-99.3233,19.2385],[-99.3233,19.2386],[-99.3232,19.2391],[-99.3232,19.2392],[-99.3229,19.2398],[-99.3227,19.2403],[-99.3221,19.2409],[-99.3213,19.2418],[-99.3208,19.2423],[-99.3205,19.2426],[-99.3204,19.2429],[-99.3202,19.2430],[-99.3201,19.2431],[-99.3198,19.2433],[-99.3195,19.2434],[-99.3194,19.2434],[-99.3193,19.2434],[-99.3191,19.2434],[-99.3189,19.2432],[-99.3188,19.2432],[-99.3187,19.2432],[-99.3186,19.2433],[-99.3184,19.2435],[-99.3183,19.2437],[-99.3177,19.2444],[-99.3176,19.2445],[-99.3176,19.2446],[-99.3175,19.2450],[-99.3175,19.2453],[-99.3178,19.2457],[-99.3177,19.2459],[-99.3177,19.2459],[-99.3176,19.2460],[-99.3176,19.2461],[-99.3176,19.2462],[-99.3177,19.2464],[-99.3178,19.2470],[-99.3178,19.2471],[-99.3178,19.2473],[-99.3178,19.2474],[-99.3175,19.2476],[-99.3173,19.2481],[-99.3171,19.2486],[-99.3170,19.2491],[-99.3170,19.2496],[-99.3171,19.2503],[-99.3168,19.2507],[-99.3168,19.2508],[-99.3167,19.2508],[-99.3166,19.2507],[-99.3166,19.2508],[-99.3165,19.2510],[-99.3164,19.2510],[-99.3164,19.2510],[-99.3163,19.2510],[-99.3162,19.2509],[-99.3161,19.2508],[-99.3161,19.2508],[-99.3161,19.2508],[-99.3161,19.2508],[-99.3160,19.2508],[-99.3160,19.2508],[-99.3160,19.2509],[-99.3159,19.2509],[-99.3159,19.2510],[-99.3159,19.2511],[-99.3160,19.2513],[-99.3159,19.2515],[-99.3159,19.2516],[-99.3160,19.2518],[-99.3161,19.2519],[-99.3161,19.2520],[-99.3161,19.2521],[-99.3160,19.2522],[-99.3159,19.2523],[-99.3159,19.2524],[-99.3159,19.2526],[-99.3159,19.2528],[-99.3159,19.2529],[-99.3157,19.2530],[-99.3156,19.2532],[-99.3155,19.2533],[-99.3153,19.2540],[-99.3152,19.2544],[-99.3150,19.2546],[-99.3149,19.2548],[-99.3148,19.2550],[-99.3148,19.2552],[-99.3149,19.2553],[-99.3150,19.2554],[-99.3151,19.2555],[-99.3152,19.2556],[-99.3153,19.2558],[-99.3154,19.2559],[-99.3155,19.2560],[-99.3155,19.2561],[-99.3155,19.2561],[-99.3154,19.2564],[-99.3153,19.2564],[-99.3150,19.2565],[-99.3148,19.2565],[-99.3146,19.2567],[-99.3144,19.2568],[-99.3142,19.2568],[-99.3141,19.2568],[-99.3140,19.2568],[-99.3138,19.2567],[-99.3135,19.2566],[-99.3128,19.2567],[-99.3125,19.2569],[-99.3123,19.2571],[-99.3112,19.2571],[-99.3108,19.2572],[-99.3102,19.2573],[-99.3097,19.2576],[-99.3092,19.2578],[-99.3088,19.2581],[-99.3082,19.2580],[-99.3075,19.2579],[-99.3069,19.2578],[-99.3062,19.2577],[-99.3053,19.2579],[-99.3039,19.2584],[-99.3035,19.2587],[-99.3030,19.2587],[-99.3024,19.2589],[-99.3022,19.2594],[-99.3019,19.2595],[-99.3017,19.2600],[-99.3015,19.2605],[-99.3010,19.2609],[-99.3009,19.2610],[-99.3006,19.2611],[-99.3002,19.2609],[-99.2998,19.2609],[-99.2989,19.2612],[-99.2984,19.2613],[-99.2980,19.2615],[-99.2978,19.2619],[-99.2973,19.2623],[-99.2970,19.2627],[-99.2968,19.2631],[-99.2962,19.2633],[-99.2958,19.2635],[-99.2951,19.2638],[-99.2948,19.2640],[-99.2945,19.2643],[-99.2942,19.2646],[-99.2942,19.2649],[-99.2940,19.2653],[-99.2941,19.2656],[-99.2940,19.2660],[-99.2938,19.2664],[-99.2935,19.2669],[-99.2927,19.2676],[-99.2926,19.2681],[-99.2926,19.2683],[-99.2922,19.2685],[-99.2916,19.2688],[-99.2913,19.2690],[-99.2909,19.2692],[-99.2905,19.2696],[-99.2901,19.2699],[-99.2900,19.2701],[-99.2896,19.2703],[-99.2893,19.2704],[-99.2890,19.2703],[-99.2883,19.2702],[-99.2879,19.2702],[-99.2875,19.2702],[-99.2868,19.2704],[-99.2862,19.2707],[-99.2856,19.2714],[-99.2854,19.2718],[-99.2854,19.2722],[-99.2852,19.2731],[-99.2849,19.2733],[-99.2847,19.2736],[-99.2845,19.2739],[-99.2843,19.2743],[-99.2840,19.2746],[-99.2837,19.2748],[-99.2833,19.2751],[-99.2832,19.2755],[-99.2832,19.2757],[-99.2833,19.2760],[-99.2837,19.2762],[-99.2839,19.2767],[-99.2840,19.2770],[-99.2835,19.2773],[-99.2830,19.2778],[-99.2823,19.2790],[-99.2821,19.2792],[-99.2815,19.2795],[-99.2813,19.2802],[-99.2811,19.2806],[-99.2808,19.2808],[-99.2805,19.2808],[-99.2802,19.2808],[-99.2801,19.2809],[-99.2796,19.2812],[-99.2795,19.2814],[-99.2792,19.2817],[-99.2790,19.2817],[-99.2787,19.2816],[-99.2785,19.2815],[-99.2783,19.2814],[-99.2782,19.2814],[-99.2781,19.2815],[-99.2780,19.2816],[-99.2779,19.2817],[-99.2779,19.2819],[-99.2779,19.2823],[-99.2779,19.2825],[-99.2779,19.2826],[-99.2766,19.2834],[-99.2733,19.2852],[-99.2734,19.2854],[-99.2736,19.2856],[-99.2750,19.2875],[-99.2762,19.2891],[-99.2747,19.2913],[-99.2732,19.2931],[-99.2725,19.2942],[-99.2725,19.2947],[-99.2724,19.2950],[-99.2723,19.2953],[-99.2721,19.2955],[-99.2719,19.2961],[-99.2717,19.2968],[-99.2715,19.2977],[-99.2715,19.2980],[-99.2717,19.2983],[-99.2715,19.2992],[-99.2706,19.2997],[-99.2703,19.3001],[-99.2701,19.3005],[-99.2697,19.3012],[-99.2698,19.3012],[-99.2704,19.3014],[-99.2705,19.3016],[-99.2706,19.3016],[-99.2709,19.3018],[-99.2709,19.3019],[-99.2712,19.3020],[-99.2713,19.3021],[-99.2715,19.3023],[-99.2717,19.3023],[-99.2720,19.3024],[-99.2721,19.3024],[-99.2722,19.3025],[-99.2721,19.3026],[-99.2715,19.3030],[-99.2714,19.3031],[-99.2714,19.3031],[-99.2713,19.3032],[-99.2710,19.3035],[-99.2708,19.3037],[-99.2706,19.3040],[-99.2704,19.3041],[-99.2699,19.3044],[-99.2698,19.3044],[-99.2694,19.3046],[-99.2694,19.3046],[-99.2693,19.3046],[-99.2690,19.3047],[-99.2684,19.3051],[-99.2686,19.3052],[-99.2687,19.3053],[-99.2692,19.3055],[-99.2693,19.3056],[-99.2693,19.3056],[-99.2694,19.3056],[-99.2698,19.3057],[-99.2699,19.3057],[-99.2699,19.3057],[-99.2700,19.3057],[-99.2700,19.3058],[-99.2701,19.3059],[-99.2702,19.3060],[-99.2703,19.3063],[-99.2704,19.3065],[-99.2706,19.3066],[-99.2708,19.3067],[-99.2708,19.3068],[-99.2708,19.3068],[-99.2709,19.3068],[-99.2709,19.3068],[-99.2711,19.3070],[-99.2711,19.3070],[-99.2712,19.3072],[-99.2712,19.3073],[-99.2713,19.3083],[-99.2713,19.3083],[-99.2711,19.3086],[-99.2710,19.3086],[-99.2708,19.3089],[-99.2711,19.3090],[-99.2711,19.3091],[-99.2711,19.3093],[-99.2709,19.3096],[-99.2707,19.3100],[-99.2706,19.3102],[-99.2706,19.3103],[-99.2705,19.3105],[-99.2704,19.3108],[-99.2702,19.3112],[-99.2702,19.3113],[-99.2701,19.3115],[-99.2703,19.3118],[-99.2705,19.3115],[-99.2705,19.3119],[-99.2705,19.3120],[-99.2703,19.3122],[-99.2701,19.3124],[-99.2700,19.3127],[-99.2698,19.3129],[-99.2697,19.3131],[-99.2697,19.3131],[-99.2697,19.3131],[-99.2697,19.3132],[-99.2696,19.3134],[-99.2696,19.3135],[-99.2696,19.3135],[-99.2695,19.3136],[-99.2694,19.3136],[-99.2690,19.3137],[-99.2684,19.3140],[-99.2681,19.3141],[-99.2679,19.3141],[-99.2679,19.3141],[-99.2678,19.3142],[-99.2676,19.3142],[-99.2676,19.3142],[-99.2677,19.3141],[-99.2677,19.3140],[-99.2675,19.3138],[-99.2674,19.3138],[-99.2672,19.3137],[-99.2668,19.3135],[-99.2665,19.3135],[-99.2661,19.3135],[-99.2659,19.3134],[-99.2657,19.3137],[-99.2657,19.3137],[-99.2656,19.3139],[-99.2655,19.3141],[-99.2654,19.3142],[-99.2653,19.3143],[-99.2651,19.3146],[-99.2650,19.3148],[-99.2647,19.3150],[-99.2645,19.3153],[-99.2644,19.3154],[-99.2641,19.3156],[-99.2638,19.3158],[-99.2636,19.3160],[-99.2632,19.3163],[-99.2628,19.3168],[-99.2628,19.3168],[-99.2624,19.3172],[-99.2622,19.3173],[-99.2618,19.3177],[-99.2617,19.3178],[-99.2616,19.3183],[-99.2614,19.3187],[-99.2610,19.3196],[-99.2608,19.3199],[-99.2606,19.3201],[-99.2605,19.3204],[-99.2604,19.3206],[-99.2599,19.3210],[-99.2598,19.3212],[-99.2596,19.3213],[-99.2592,19.3216],[-99.2590,19.3218],[-99.2587,19.3221],[-99.2586,19.3221],[-99.2584,19.3223],[-99.2581,19.3224],[-99.2579,19.3225],[-99.2578,19.3226],[-99.2576,19.3228],[-99.2575,19.3229],[-99.2573,19.3231],[-99.2573,19.3231],[-99.2571,19.3235],[-99.2569,19.3237],[-99.2565,19.3243],[-99.2564,19.3245],[-99.2564,19.3248],[-99.2563,19.3250],[-99.2563,19.3252],[-99.2561,19.3254],[-99.2561,19.3255],[-99.2559,19.3257],[-99.2558,19.3257],[-99.2556,19.3260],[-99.2553,19.3264],[-99.2552,19.3266],[-99.2549,19.3267],[-99.2547,19.3268],[-99.2542,19.3269],[-99.2540,19.3270],[-99.2539,19.3269],[-99.2536,19.3269],[-99.2534,19.3269],[-99.2531,19.3270],[-99.2526,19.3271],[-99.2523,19.3271],[-99.2514,19.3271],[-99.2511,19.3270],[-99.2507,19.3270],[-99.2504,19.3270],[-99.2500,19.3270],[-99.2497,19.3271],[-99.2494,19.3272],[-99.2487,19.3276],[-99.2486,19.3277],[-99.2484,19.3278],[-99.2480,19.3279],[-99.2472,19.3279],[-99.2464,19.3281],[-99.2459,19.3281],[-99.2459,19.3281],[-99.2455,19.3281],[-99.2454,19.3281],[-99.2453,19.3282],[-99.2450,19.3284],[-99.2446,19.3285],[-99.2442,19.3286],[-99.2438,19.3285],[-99.2437,19.3285],[-99.2436,19.3285],[-99.2435,19.3285],[-99.2431,19.3282],[-99.2428,19.3280],[-99.2427,19.3280],[-99.2425,19.3276],[-99.2422,19.3271],[-99.2411,19.3253],[-99.2411,19.3252],[-99.2409,19.3250],[-99.2409,19.3250],[-99.2409,19.3250],[-99.2406,19.3247],[-99.2405,19.3245],[-99.2404,19.3245],[-99.2403,19.3244],[-99.2403,19.3244],[-99.2402,19.3244],[-99.2401,19.3244],[-99.2401,19.3244],[-99.2398,19.3245],[-99.2396,19.3246],[-99.2393,19.3247],[-99.2393,19.3247],[-99.2390,19.3246],[-99.2388,19.3245],[-99.2388,19.3245],[-99.2387,19.3245],[-99.2382,19.3245],[-99.2381,19.3246],[-99.2381,19.3246],[-99.2374,19.3247],[-99.2373,19.3247],[-99.2369,19.3249],[-99.2365,19.3252],[-99.2364,19.3255],[-99.2361,19.3258],[-99.2360,19.3259],[-99.2343,19.3267],[-99.2341,19.3268],[-99.2335,19.3272],[-99.2321,19.3285],[-99.2319,19.3290],[-99.2318,19.3291],[-99.2315,19.3293],[-99.2312,19.3298],[-99.2306,19.3301],[-99.2301,19.3303],[-99.2297,19.3304],[-99.2293,19.3305],[-99.2291,19.3306],[-99.2289,19.3308],[-99.2282,19.3311],[-99.2272,19.3316],[-99.2267,19.3316],[-99.2263,19.3316],[-99.2261,19.3316],[-99.2242,19.3324],[-99.2241,19.3325],[-99.2242,19.3327],[-99.2233,19.3331],[-99.2232,19.3332],[-99.2224,19.3335],[-99.2219,19.3337],[-99.2213,19.3338],[-99.2200,19.3339],[-99.2191,19.3340],[-99.2186,19.3344],[-99.2178,19.3346],[-99.2175,19.3347],[-99.2171,19.3347],[-99.2170,19.3348],[-99.2168,19.3351],[-99.2166,19.3352],[-99.2160,19.3353],[-99.2159,19.3353],[-99.2157,19.3354],[-99.2156,19.3355],[-99.2154,19.3357],[-99.2153,19.3361],[-99.2151,19.3363],[-99.2149,19.3364],[-99.2148,19.3364],[-99.2147,19.3364],[-99.2144,19.3365],[-99.2143,19.3365],[-99.2142,19.3365],[-99.2138,19.3365],[-99.2137,19.3366],[-99.2136,19.3366],[-99.2133,19.3365],[-99.2123,19.3362],[-99.2120,19.3363],[-99.2119,19.3363],[-99.2117,19.3363],[-99.2115,19.3362],[-99.2112,19.3363],[-99.2105,19.3367],[-99.2100,19.3369],[-99.2097,19.3371],[-99.2095,19.3373],[-99.2089,19.3376],[-99.2088,19.3376],[-99.2084,19.3379],[-99.2082,19.3379],[-99.2079,19.3379],[-99.2075,19.3378],[-99.2078,19.3374],[-99.2078,19.3373],[-99.2082,19.3367],[-99.2086,19.3361],[-99.2087,19.3360],[-99.2083,19.3361],[-99.2081,19.3362],[-99.2078,19.3363],[-99.2071,19.3365],[-99.2068,19.3363],[-99.2067,19.3362],[-99.2068,19.3361],[-99.2069,19.3360],[-99.2075,19.3355],[-99.2080,19.3351],[-99.2082,19.3349],[-99.2084,19.3346],[-99.2086,19.3343],[-99.2089,19.3339],[-99.2091,19.3336],[-99.2094,19.3333],[-99.2096,19.3329],[-99.2100,19.3320],[-99.2102,19.3316],[-99.2103,19.3315],[-99.2104,19.3312],[-99.2105,19.3311],[-99.2105,19.3310],[-99.2107,19.3307],[-99.2118,19.3284],[-99.2121,19.3278],[-99.2125,19.3272],[-99.2127,19.3269],[-99.2128,19.3268],[-99.2136,19.3259],[-99.2143,19.3253],[-99.2159,19.3242],[-99.2176,19.3231],[-99.2186,19.3224],[-99.2191,19.3221],[-99.2193,19.3219],[-99.2201,19.3214],[-99.2204,19.3212],[-99.2204,19.3211],[-99.2205,19.3211],[-99.2205,19.3210],[-99.2205,19.3210],[-99.2206,19.3210],[-99.2206,19.3210],[-99.2207,19.3209],[-99.2209,19.3206],[-99.2210,19.3204],[-99.2211,19.3203],[-99.2212,19.3201],[-99.2213,19.3199],[-99.2214,19.3196],[-99.2215,19.3193],[-99.2215,19.3190],[-99.2215,19.3187],[-99.2215,19.3185],[-99.2214,19.3183],[-99.2214,19.3181],[-99.2213,19.3178],[-99.2213,19.3177],[-99.2212,19.3174],[-99.2212,19.3173],[-99.2212,19.3171],[-99.2211,19.3166],[-99.2210,19.3164],[-99.2210,19.3160],[-99.2210,19.3160],[-99.2210,19.3160],[-99.2208,19.3153],[-99.2208,19.3151],[-99.2208,19.3148],[-99.2207,19.3147],[-99.2207,19.3143],[-99.2205,19.3137],[-99.2204,19.3134],[-99.2203,19.3131],[-99.2201,19.3127],[-99.2199,19.3123],[-99.2198,19.3121],[-99.2197,19.3118],[-99.2194,19.3114],[-99.2192,19.3111],[-99.2190,19.3109],[-99.2189,19.3107],[-99.2182,19.3099],[-99.2179,19.3094],[-99.2178,19.3094],[-99.2172,19.3088],[-99.2169,19.3085],[-99.2166,19.3083],[-99.2164,19.3082],[-99.2159,19.3079],[-99.2154,19.3076],[-99.2149,19.3074],[-99.2144,19.3072],[-99.2138,19.3071],[-99.2133,19.3070],[-99.2115,19.3067],[-99.2100,19.3064],[-99.2093,19.3063],[-99.2085,19.3062],[-99.2058,19.3057],[-99.2057,19.3057],[-99.2057,19.3059],[-99.2057,19.3062],[-99.2056,19.3067],[-99.2056,19.3067],[-99.2056,19.3067],[-99.2055,19.3067],[-99.2055,19.3067],[-99.2055,19.3067],[-99.2055,19.3066],[-99.2054,19.3065],[-99.2054,19.3064],[-99.2053,19.3063],[-99.2052,19.3063],[-99.2052,19.3063],[-99.2052,19.3063],[-99.2050,19.3065],[-99.2050,19.3065],[-99.2027,19.3088],[-99.2025,19.3089],[-99.2024,19.3090],[-99.2019,19.3095],[-99.2019,19.3095],[-99.2018,19.3096],[-99.2018,19.3096],[-99.2017,19.3097],[-99.2017,19.3097],[-99.2017,19.3097],[-99.2008,19.3106],[-99.2007,19.3106],[-99.2007,19.3107],[-99.2007,19.3107],[-99.2006,19.3107],[-99.2006,19.3108],[-99.2006,19.3108],[-99.2002,19.3112],[-99.2005,19.3114],[-99.2005,19.3114],[-99.2005,19.3114],[-99.2006,19.3114],[-99.2011,19.3115],[-99.2011,19.3115],[-99.2012,19.3115],[-99.2012,19.3115],[-99.2012,19.3115],[-99.2012,19.3116],[-99.2012,19.3116],[-99.2012,19.3116],[-99.2012,19.3117],[-99.2012,19.3119],[-99.2012,19.3120],[-99.2011,19.3120],[-99.2000,19.3138],[-99.1987,19.3158],[-99.1966,19.3192],[-99.1950,19.3218],[-99.1949,19.3220],[-99.1949,19.3231],[-99.1949,19.3235],[-99.1949,19.3247],[-99.1948,19.3271],[-99.1948,19.3287],[-99.1947,19.3293],[-99.1947,19.3302],[-99.1950,19.3306],[-99.1953,19.3311],[-99.1958,19.3319],[-99.1961,19.3324],[-99.1963,19.3327],[-99.1964,19.3329],[-99.1964,19.3330],[-99.1964,19.3332],[-99.1964,19.3333],[-99.1964,19.3334],[-99.1963,19.3336],[-99.1964,19.3337],[-99.1965,19.3337],[-99.1965,19.3337],[-99.1965,19.3337],[-99.1965,19.3337],[-99.1965,19.3337],[-99.1965,19.3337],[-99.1966,19.3337],[-99.1966,19.3337],[-99.1969,19.3337],[-99.1982,19.3335],[-99.1987,19.3334],[-99.1999,19.3332],[-99.1999,19.3332],[-99.1999,19.3332],[-99.1998,19.3335],[-99.1996,19.3338],[-99.1994,19.3341],[-99.1992,19.3343],[-99.1987,19.3350],[-99.1985,19.3351],[-99.1984,19.3353],[-99.1983,19.3354],[-99.1981,19.3355],[-99.1979,19.3355],[-99.1977,19.3356],[-99.1969,19.3357],[-99.1962,19.3359],[-99.1951,19.3362],[-99.1943,19.3364],[-99.1932,19.3366],[-99.1918,19.3369],[-99.1917,19.3369],[-99.1915,19.3369],[-99.1914,19.3369],[-99.1914,19.3369],[-99.1913,19.3369],[-99.1913,19.3369],[-99.1912,19.3369],[-99.1912,19.3369],[-99.1912,19.3369],[-99.1912,19.3369],[-99.1912,19.3370],[-99.1910,19.3371],[-99.1906,19.3377],[-99.1902,19.3380],[-99.1903,19.3387],[-99.1903,19.3387],[-99.1903,19.3387],[-99.1901,19.3386],[-99.1900,19.3386],[-99.1900,19.3386],[-99.1895,19.3394],[-99.1893,19.3395],[-99.1893,19.3396],[-99.1892,19.3397],[-99.1886,19.3401],[-99.1886,19.3401],[-99.1886,19.3402],[-99.1882,19.3404],[-99.1882,19.3404],[-99.1882,19.3404],[-99.1880,19.3406],[-99.1880,19.3406],[-99.1880,19.3407],[-99.1877,19.3410],[-99.1873,19.3411],[-99.1869,19.3412],[-99.1868,19.3413],[-99.1868,19.3413],[-99.1867,19.3414],[-99.1866,19.3416],[-99.1865,19.3419],[-99.1860,19.3424],[-99.1854,19.3430],[-99.1852,19.3431],[-99.1852,19.3431],[-99.1848,19.3434],[-99.1845,19.3436],[-99.1843,19.3436],[-99.1840,19.3436],[-99.1838,19.3439],[-99.1837,19.3443],[-99.1835,19.3446],[-99.1834,19.3448],[-99.1834,19.3449],[-99.1833,19.3453],[-99.1832,19.3458],[-99.1832,19.3458],[-99.1831,19.3461],[-99.1829,19.3466],[-99.1827,19.3466],[-99.1825,19.3466],[-99.1823,19.3468],[-99.1818,19.3473],[-99.1818,19.3473],[-99.1818,19.3473],[-99.1818,19.3473],[-99.1818,19.3473],[-99.1809,19.3471],[-99.1809,19.3471],[-99.1808,19.3471],[-99.1808,19.3471],[-99.1808,19.3471],[-99.1808,19.3471],[-99.1808,19.3471],[-99.1808,19.3472],[-99.1808,19.3472],[-99.1807,19.3472],[-99.1807,19.3472],[-99.1807,19.3472],[-99.1807,19.3472],[-99.1807,19.3472],[-99.1807,19.3472],[-99.1806,19.3472],[-99.1806,19.3472],[-99.1806,19.3472],[-99.1801,19.3493],[-99.1801,19.3494],[-99.1801,19.3494],[-99.1799,19.3496],[-99.1798,19.3498],[-99.1796,19.3500],[-99.1792,19.3503],[-99.1785,19.3510],[-99.1783,19.3511],[-99.1777,19.3517],[-99.1776,19.3518],[-99.1775,19.3520],[-99.1773,19.3523],[-99.1772,19.3524],[-99.1771,19.3525],[-99.1770,19.3526],[-99.1760,19.3534],[-99.1758,19.3536],[-99.1754,19.3540],[-99.1752,19.3542],[-99.1749,19.3546],[-99.1742,19.3554],[-99.1736,19.3561],[-99.1730,19.3568],[-99.1728,19.3571],[-99.1727,19.3572],[-99.1724,19.3579],[-99.1718,19.3594],[-99.1717,19.3596],[-99.1717,19.3596],[-99.1729,19.3603],[-99.1731,19.3604],[-99.1733,19.3606],[-99.1737,19.3611],[-99.1740,19.3614],[-99.1745,19.3620],[-99.1747,19.3622],[-99.1748,19.3623],[-99.1751,19.3626],[-99.1757,19.3632],[-99.1761,19.3635],[-99.1767,19.3641],[-99.1767,19.3641],[-99.1768,19.3642],[-99.1772,19.3646],[-99.1777,19.3651],[-99.1778,19.3651],[-99.1782,19.3648],[-99.1784,19.3646],[-99.1788,19.3642],[-99.1792,19.3638],[-99.1794,19.3634],[-99.1795,19.3633],[-99.1796,19.3631],[-99.1798,19.3630],[-99.1800,19.3630],[-99.1802,19.3629],[-99.1805,19.3629],[-99.1810,19.3629],[-99.1812,19.3629],[-99.1815,19.3628],[-99.1819,19.3627],[-99.1823,19.3626],[-99.1827,19.3623],[-99.1831,19.3621],[-99.1835,19.3618],[-99.1837,19.3617],[-99.1839,19.3617],[-99.1848,19.3618],[-99.1850,19.3618],[-99.1854,19.3617],[-99.1855,19.3617],[-99.1857,19.3617],[-99.1866,19.3621],[-99.1868,19.3622],[-99.1870,19.3623],[-99.1878,19.3629],[-99.1880,19.3629],[-99.1881,19.3630],[-99.1882,19.3630],[-99.1883,19.3630],[-99.1884,19.3630],[-99.1887,19.3630],[-99.1891,19.3630],[-99.1902,19.3632],[-99.1905,19.3633],[-99.1911,19.3635],[-99.1909,19.3648],[-99.1908,19.3659],[-99.1908,19.3664],[-99.1908,19.3668],[-99.1908,19.3669],[-99.1908,19.3670],[-99.1908,19.3671],[-99.1908,19.3673],[-99.1909,19.3674],[-99.1910,19.3676],[-99.1912,19.3680],[-99.1914,19.3684],[-99.1915,19.3685],[-99.1916,19.3688],[-99.1917,19.3689],[-99.1917,19.3691],[-99.1918,19.3693],[-99.1918,19.3695],[-99.1918,19.3697],[-99.1918,19.3700],[-99.1918,19.3702],[-99.1917,19.3707],[-99.1916,19.3715],[-99.1916,19.3717],[-99.1917,19.3719],[-99.1917,19.3720],[-99.1917,19.3722],[-99.1918,19.3724],[-99.1919,19.3726],[-99.1920,19.3728],[-99.1921,19.3731],[-99.1921,19.3732],[-99.1921,19.3733],[-99.1921,19.3734],[-99.1921,19.3736],[-99.1921,19.3742],[-99.1919,19.3753],[-99.1918,19.3761],[-99.1918,19.3763],[-99.1916,19.3774],[-99.1916,19.3777],[-99.1916,19.3779],[-99.1916,19.3781],[-99.1917,19.3788],[-99.1917,19.3789],[-99.1918,19.3796],[-99.1918,19.3804],[-99.1918,19.3808],[-99.1917,19.3813],[-99.1917,19.3816],[-99.1917,19.3827],[-99.1917,19.3829],[-99.1917,19.3830],[-99.1917,19.3830],[-99.1914,19.3837],[-99.1913,19.3839],[-99.1912,19.3841],[-99.1912,19.3841],[-99.1910,19.3846],[-99.1908,19.3850],[-99.1904,19.3860],[-99.1903,19.3862],[-99.1902,19.3869],[-99.1900,19.3875],[-99.1898,19.3881],[-99.1898,19.3882],[-99.1897,19.3888],[-99.1895,19.3894],[-99.1895,19.3895],[-99.1893,19.3901],[-99.1890,19.3912],[-99.1888,19.3920],[-99.1887,19.3924],[-99.1884,19.3932],[-99.1884,19.3934],[-99.1884,19.3936],[-99.1884,19.3938],[-99.1884,19.3939],[-99.1884,19.3940],[-99.1885,19.3941],[-99.1886,19.3944],[-99.1887,19.3947],[-99.1887,19.3947],[-99.1891,19.3956],[-99.1891,19.3957],[-99.1893,19.3961],[-99.1896,19.3969],[-99.1899,19.3976],[-99.1899,19.3977],[-99.1902,19.3983],[-99.1904,19.3988],[-99.1905,19.3990],[-99.1906,19.3993],[-99.1908,19.3996],[-99.1908,19.3997],[-99.1912,19.4001],[-99.1913,19.4003],[-99.1915,19.4004],[-99.1919,19.4007],[-99.1920,19.4009],[-99.1921,19.4010],[-99.1921,19.4010],[-99.1922,19.4011],[-99.1923,19.4013],[-99.1923,19.4014],[-99.1923,19.4017],[-99.1923,19.4024],[-99.1922,19.4026],[-99.1922,19.4031],[-99.1922,19.4032],[-99.1922,19.4037],[-99.1922,19.4037],[-99.1924,19.4037],[-99.1925,19.4037],[-99.1930,19.4037],[-99.1937,19.4036],[-99.1938,19.4036],[-99.1942,19.4035],[-99.1943,19.4035],[-99.1945,19.4035],[-99.1947,19.4035],[-99.1950,19.4034],[-99.1954,19.4033],[-99.1959,19.4033],[-99.1963,19.4032],[-99.1966,19.4032],[-99.1967,19.4032],[-99.1976,19.4031],[-99.1981,19.4030],[-99.1983,19.4029],[-99.1984,19.4029],[-99.1989,19.4027],[-99.1996,19.4024],[-99.1999,19.4023],[-99.2005,19.4020],[-99.2010,19.4018],[-99.2014,19.4017],[-99.2015,19.4016],[-99.2019,19.4016],[-99.2022,19.4015],[-99.2025,19.4015],[-99.2031,19.4014],[-99.2037,19.4014],[-99.2046,19.4013],[-99.2050,19.4012],[-99.2062,19.4011],[-99.2078,19.4009],[-99.2084,19.4008],[-99.2090,19.4007],[-99.2104,19.4004],[-99.2104,19.4004],[-99.2105,19.4004],[-99.2105,19.4004],[-99.2109,19.4003],[-99.2115,19.4001],[-99.2120,19.3999],[-99.2126,19.3998],[-99.2127,19.3998],[-99.2130,19.3996],[-99.2139,19.3991],[-99.2145,19.3988],[-99.2149,19.3987],[-99.2159,19.3984],[-99.2163,19.3983],[-99.2169,19.3980],[-99.2171,19.3980],[-99.2181,19.3976],[-99.2183,19.3976],[-99.2195,19.3972],[-99.2221,19.3963],[-99.2224,19.3962],[-99.2236,19.3959],[-99.2242,19.3957],[-99.2250,19.3956],[-99.2252,19.3956],[-99.2257,19.3957],[-99.2258,19.3957],[-99.2260,19.3957],[-99.2266,19.3958],[-99.2270,19.3958],[-99.2273,19.3958],[-99.2277,19.3957],[-99.2282,19.3956],[-99.2292,19.3954],[-99.2298,19.3953],[-99.2300,19.3953],[-99.2305,19.3951],[-99.2309,19.3949],[-99.2311,19.3949],[-99.2313,19.3949],[-99.2315,19.3949],[-99.2319,19.3949],[-99.2323,19.3949],[-99.2326,19.3949],[-99.2328,19.3948],[-99.2355,19.3937],[-99.2358,19.3936],[-99.2360,19.3936],[-99.2363,19.3935],[-99.2365,19.3935],[-99.2371,19.3936],[-99.2374,19.3936],[-99.2376,19.3936],[-99.2378,19.3935],[-99.2380,19.3934],[-99.2388,19.3928],[-99.2389,19.3927],[-99.2390,19.3925],[-99.2390,19.3923],[-99.2390,19.3917],[-99.2390,19.3911],[-99.2390,19.3907],[-99.2391,19.3904],[-99.2394,19.3896],[-99.2395,19.3894],[-99.2397,19.3891],[-99.2399,19.3889],[-99.2402,19.3887],[-99.2405,19.3885],[-99.2411,19.3881],[-99.2414,19.3880],[-99.2421,19.3874],[-99.2427,19.3870],[-99.2429,19.3870],[-99.2432,19.3869],[-99.2433,19.3869],[-99.2436,19.3870],[-99.2448,19.3873],[-99.2450,19.3874],[-99.2452,19.3874],[-99.2455,19.3874],[-99.2457,19.3873],[-99.2460,19.3872],[-99.2462,19.3871],[-99.2466,19.3868],[-99.2476,19.3860],[-99.2477,19.3860],[-99.2488,19.3850],[-99.2497,19.3843],[-99.2500,19.3840],[-99.2503,19.3838],[-99.2507,19.3836],[-99.2508,19.3835],[-99.2512,19.3833],[-99.2525,19.3825],[-99.2542,19.3813],[-99.2546,19.3811],[-99.2550,19.3809],[-99.2558,19.3804],[-99.2561,19.3802],[-99.2569,19.3796],[-99.2571,19.3794],[-99.2577,19.3790],[-99.2579,19.3787],[-99.2589,19.3778],[-99.2591,19.3777],[-99.2598,19.3770],[-99.2606,19.3764],[-99.2610,19.3760],[-99.2614,19.3758],[-99.2616,19.3757],[-99.2617,19.3757],[-99.2619,19.3756],[-99.2620,19.3755],[-99.2630,19.3750],[-99.2633,19.3750],[-99.2635,19.3749],[-99.2638,19.3749],[-99.2651,19.3747],[-99.2656,19.3746],[-99.2663,19.3745],[-99.2664,19.3745],[-99.2664,19.3744],[-99.2665,19.3744],[-99.2665,19.3744],[-99.2666,19.3744],[-99.2667,19.3743],[-99.2667,19.3743],[-99.2668,19.3742],[-99.2668,19.3742],[-99.2669,19.3742],[-99.2669,19.3741],[-99.2670,19.3741],[-99.2670,19.3740],[-99.2673,19.3736],[-99.2673,19.3735],[-99.2674,19.3735],[-99.2675,19.3734],[-99.2676,19.3734],[-99.2677,19.3734],[-99.2677,19.3733],[-99.2678,19.3734],[-99.2679,19.3734],[-99.2680,19.3734],[-99.2681,19.3734],[-99.2681,19.3734],[-99.2684,19.3735],[-99.2685,19.3735],[-99.2686,19.3736],[-99.2686,19.3736],[-99.2687,19.3736],[-99.2688,19.3736],[-99.2688,19.3736],[-99.2689,19.3736],[-99.2690,19.3735],[-99.2691,19.3735],[-99.2692,19.3735],[-99.2693,19.3735],[-99.2694,19.3735],[-99.2695,19.3734],[-99.2697,19.3734],[-99.2698,19.3733],[-99.2698,19.3733],[-99.2699,19.3732],[-99.2700,19.3731],[-99.2700,19.3731],[-99.2701,19.3730],[-99.2701,19.3729],[-99.2701,19.3728],[-99.2702,19.3727],[-99.2702,19.3726],[-99.2702,19.3725],[-99.2701,19.3724],[-99.2701,19.3722],[-99.2698,19.3714],[-99.2689,19.3717],[-99.2684,19.3718],[-99.2683,19.3715],[-99.2683,19.3712],[-99.2682,19.3710],[-99.2682,19.3707],[-99.2683,19.3706],[-99.2683,19.3704],[-99.2683,19.3703],[-99.2684,19.3701],[-99.2686,19.3696],[-99.2689,19.3692],[-99.2691,19.3691],[-99.2690,19.3690],[-99.2686,19.3688],[-99.2685,19.3687],[-99.2684,19.3687],[-99.2683,19.3687],[-99.2682,19.3687],[-99.2681,19.3687],[-99.2679,19.3688],[-99.2678,19.3689],[-99.2675,19.3691],[-99.2673,19.3692],[-99.2672,19.3693],[-99.2672,19.3693],[-99.2671,19.3695],[-99.2669,19.3699],[-99.2666,19.3703],[-99.2664,19.3706],[-99.2664,19.3707],[-99.2663,19.3710],[-99.2663,19.3711],[-99.2662,19.3712],[-99.2662,19.3714],[-99.2662,19.3715],[-99.2661,19.3716],[-99.2658,19.3719],[-99.2656,19.3720],[-99.2655,19.3720],[-99.2654,19.3720],[-99.2653,19.3720],[-99.2651,19.3717],[-99.2655,19.3710],[-99.2658,19.3702],[-99.2660,19.3696],[-99.2664,19.3689],[-99.2666,19.3683],[-99.2667,19.3681],[-99.2667,19.3678],[-99.2668,19.3675],[-99.2668,19.3670],[-99.2668,19.3668],[-99.2667,19.3661],[-99.2666,19.3658],[-99.2666,19.3656],[-99.2665,19.3655],[-99.2665,19.3653],[-99.2665,19.3650],[-99.2665,19.3647],[-99.2665,19.3644],[-99.2665,19.3642],[-99.2666,19.3640],[-99.2668,19.3635],[-99.2659,19.3632],[-99.2656,19.3631],[-99.2653,19.3629],[-99.2651,19.3628],[-99.2648,19.3628],[-99.2643,19.3626],[-99.2637,19.3625],[-99.2632,19.3623],[-99.2628,19.3621],[-99.2625,19.3620],[-99.2622,19.3618],[-99.2620,19.3617],[-99.2619,19.3616],[-99.2617,19.3614],[-99.2614,19.3612],[-99.2613,19.3610],[-99.2611,19.3608],[-99.2610,19.3605],[-99.2609,19.3598],[-99.2606,19.3583],[-99.2603,19.3570],[-99.2603,19.3565],[-99.2602,19.3559],[-99.2600,19.3553],[-99.2598,19.3542],[-99.2595,19.3528],[-99.2594,19.3525],[-99.2592,19.3518],[-99.2592,19.3515],[-99.2592,19.3512],[-99.2593,19.3509],[-99.2593,19.3507],[-99.2594,19.3505],[-99.2594,19.3504],[-99.2594,19.3504],[-99.2594,19.3503],[-99.2593,19.3502],[-99.2593,19.3502],[-99.2593,19.3501],[-99.2593,19.3501],[-99.2592,19.3500],[-99.2592,19.3500],[-99.2591,19.3500],[-99.2591,19.3500],[-99.2590,19.3500],[-99.2589,19.3500],[-99.2585,19.3501],[-99.2584,19.3501],[-99.2584,19.3501],[-99.2584,19.3501],[-99.2584,19.3501],[-99.2583,19.3501],[-99.2583,19.3500],[-99.2583,19.3500],[-99.2582,19.3499],[-99.2582,19.3499],[-99.2582,19.3498],[-99.2582,19.3498],[-99.2582,19.3498],[-99.2582,19.3497],[-99.2583,19.3496],[-99.2583,19.3496],[-99.2586,19.3494],[-99.2590,19.3492],[-99.2592,19.3491],[-99.2593,19.3490],[-99.2594,19.3488],[-99.2595,19.3487],[-99.2596,19.3486],[-99.2596,19.3485],[-99.2597,19.3484],[-99.2598,19.3483],[-99.2599,19.3483],[-99.2600,19.3483],[-99.2602,19.3483],[-99.2604,19.3483],[-99.2606,19.3482],[-99.2610,19.3480],[-99.2611,19.3479],[-99.2611,19.3478],[-99.2611,19.3478],[-99.2611,19.3478],[-99.2610,19.3477],[-99.2610,19.3478],[-99.2608,19.3479],[-99.2607,19.3479],[-99.2606,19.3480],[-99.2603,19.3481],[-99.2602,19.3481],[-99.2601,19.3481],[-99.2598,19.3480],[-99.2597,19.3480],[-99.2597,19.3480],[-99.2596,19.3480],[-99.2593,19.3481],[-99.2592,19.3482],[-99.2591,19.3482],[-99.2590,19.3482],[-99.2590,19.3482],[-99.2590,19.3481],[-99.2590,19.3481],[-99.2590,19.3480],[-99.2594,19.3479],[-99.2596,19.3478],[-99.2597,19.3478],[-99.2598,19.3477],[-99.2599,19.3477],[-99.2600,19.3476],[-99.2602,19.3475],[-99.2603,19.3475],[-99.2603,19.3475],[-99.2604,19.3475],[-99.2606,19.3475],[-99.2606,19.3475],[-99.2607,19.3475],[-99.2607,19.3473],[-99.2608,19.3473],[-99.2609,19.3472],[-99.2610,19.3472],[-99.2612,19.3472],[-99.2613,19.3471],[-99.2614,19.3470],[-99.2615,19.3470],[-99.2616,19.3470],[-99.2616,19.3471],[-99.2617,19.3470],[-99.2619,19.3470],[-99.2620,19.3469],[-99.2620,19.3469],[-99.2621,19.3468],[-99.2622,19.3468],[-99.2622,19.3467],[-99.2623,19.3467],[-99.2624,19.3467],[-99.2625,19.3467],[-99.2626,19.3467],[-99.2626,19.3467],[-99.2627,19.3468],[-99.2628,19.3469],[-99.2629,19.3469],[-99.2630,19.3469],[-99.2631,19.3468],[-99.2631,19.3468],[-99.2632,19.3467],[-99.2632,19.3466],[-99.2633,19.3465],[-99.2633,19.3464],[-99.2633,19.3463],[-99.2634,19.3462],[-99.2634,19.3462],[-99.2635,19.3461],[-99.2636,19.3461],[-99.2637,19.3461],[-99.2638,19.3460],[-99.2639,19.3461],[-99.2640,19.3460],[-99.2641,19.3460],[-99.2641,19.3460],[-99.2642,19.3458],[-99.2642,19.3457],[-99.2642,19.3456],[-99.2642,19.3455],[-99.2642,19.3454],[-99.2642,19.3453],[-99.2643,19.3453],[-99.2644,19.3452],[-99.2645,19.3452],[-99.2645,19.3453],[-99.2646,19.3453],[-99.2647,19.3453],[-99.2648,19.3453],[-99.2648,19.3452],[-99.2649,19.3451],[-99.2649,19.3450],[-99.2649,19.3448],[-99.2649,19.3448],[-99.2649,19.3448],[-99.2649,19.3447],[-99.2650,19.3447],[-99.2650,19.3447],[-99.2651,19.3446],[-99.2651,19.3446],[-99.2652,19.3446],[-99.2653,19.3446],[-99.2654,19.3446],[-99.2655,19.3446],[-99.2656,19.3445],[-99.2656,19.3445],[-99.2656,19.3444],[-99.2657,19.3443],[-99.2658,19.3441],[-99.2658,19.3441],[-99.2659,19.3441],[-99.2660,19.3441],[-99.2660,19.3441],[-99.2662,19.3441],[-99.2663,19.3441],[-99.2664,19.3441],[-99.2665,19.3441],[-99.2666,19.3441],[-99.2668,19.3441],[-99.2668,19.3440],[-99.2669,19.3438],[-99.2671,19.3436],[-99.2673,19.3432],[-99.2676,19.3427],[-99.2680,19.3423],[-99.2682,19.3421],[-99.2682,19.3420],[-99.2683,19.3420],[-99.2683,19.3420],[-99.2684,19.3419],[-99.2684,19.3419],[-99.2685,19.3419],[-99.2685,19.3418],[-99.2686,19.3418],[-99.2687,19.3418],[-99.2688,19.3419],[-99.2689,19.3419],[-99.2692,19.3419],[-99.2693,19.3420],[-99.2695,19.3420],[-99.2698,19.3418],[-99.2700,19.3416],[-99.2704,19.3414],[-99.2707,19.3412],[-99.2714,19.3409],[-99.2718,19.3407],[-99.2721,19.3406],[-99.2723,19.3405],[-99.2725,19.3404],[-99.2727,19.3403],[-99.2728,19.3402],[-99.2730,19.3402],[-99.2731,19.3401],[-99.2733,19.3401],[-99.2736,19.3399],[-99.2739,19.3398],[-99.2742,19.3396],[-99.2745,19.3395],[-99.2750,19.3393],[-99.2754,19.3391],[-99.2760,19.3389],[-99.2766,19.3386],[-99.2773,19.3383],[-99.2780,19.3380],[-99.2785,19.3377],[-99.2788,19.3377],[-99.2792,19.3376],[-99.2796,19.3376],[-99.2799,19.3376],[-99.2800,19.3374],[-99.2803,19.3374],[-99.2806,19.3373],[-99.2810,19.3374],[-99.2812,19.3374],[-99.2812,19.3373],[-99.2812,19.3372],[-99.2811,19.3371],[-99.2811,19.3370],[-99.2810,19.3369],[-99.2806,19.3367],[-99.2802,19.3365],[-99.2802,19.3365],[-99.2801,19.3364],[-99.2801,19.3362],[-99.2800,19.3361],[-99.2801,19.3355],[-99.2801,19.3354],[-99.2801,19.3353],[-99.2802,19.3352],[-99.2803,19.3352],[-99.2804,19.3352],[-99.2805,19.3352],[-99.2807,19.3352],[-99.2818,19.3356],[-99.2820,19.3356],[-99.2821,19.3356],[-99.2822,19.3357],[-99.2824,19.3358],[-99.2830,19.3362],[-99.2832,19.3363],[-99.2833,19.3364],[-99.2836,19.3365],[-99.2838,19.3366],[-99.2840,19.3366],[-99.2843,19.3367],[-99.2845,19.3367],[-99.2846,19.3366],[-99.2847,19.3366],[-99.2848,19.3365],[-99.2850,19.3365],[-99.2851,19.3364],[-99.2851,19.3363],[-99.2851,19.3363],[-99.2852,19.3361],[-99.2860,19.3342],[-99.2863,19.3336],[-99.2865,19.3331],[-99.2868,19.3326],[-99.2868,19.3325],[-99.2869,19.3323],[-99.2873,19.3316],[-99.2874,19.3313],[-99.2875,19.3311],[-99.2875,19.3310],[-99.2875,19.3310],[-99.2875,19.3310],[-99.2875,19.3308],[-99.2875,19.3307],[-99.2874,19.3306],[-99.2874,19.3306],[-99.2874,19.3305],[-99.2873,19.3304],[-99.2871,19.3302],[-99.2871,19.3302],[-99.2868,19.3299],[-99.2867,19.3298],[-99.2868,19.3297],[-99.2869,19.3298],[-99.2871,19.3299],[-99.2874,19.3300],[-99.2879,19.3302],[-99.2880,19.3303],[-99.2881,19.3304],[-99.2882,19.3305],[-99.2883,19.3307],[-99.2884,19.3309],[-99.2884,19.3311],[-99.2884,19.3313],[-99.2883,19.3316],[-99.2882,19.3318],[-99.2882,19.3318],[-99.2881,19.3320],[-99.2879,19.3325],[-99.2877,19.3330],[-99.2877,19.3330],[-99.2877,19.3331],[-99.2877,19.3332],[-99.2877,19.3332],[-99.2877,19.3333],[-99.2877,19.3334],[-99.2878,19.3334],[-99.2878,19.3334],[-99.2879,19.3335],[-99.2880,19.3335],[-99.2881,19.3335],[-99.2882,19.3334],[-99.2883,19.3334],[-99.2883,19.3333],[-99.2886,19.3331],[-99.2889,19.3328],[-99.2894,19.3321],[-99.2894,19.3321],[-99.2895,19.3321],[-99.2897,19.3317],[-99.2901,19.3308],[-99.2903,19.3306],[-99.2908,19.3299],[-99.2909,19.3298],[-99.2912,19.3294],[-99.2913,19.3292],[-99.2913,19.3290],[-99.2914,19.3288],[-99.2914,19.3287],[-99.2914,19.3284],[-99.2913,19.3282],[-99.2911,19.3278],[-99.2908,19.3271],[-99.2908,19.3270],[-99.2908,19.3268],[-99.2908,19.3266],[-99.2908,19.3266],[-99.2909,19.3263],[-99.2913,19.3256],[-99.2914,19.3255],[-99.2915,19.3254],[-99.2916,19.3252],[-99.2916,19.3251],[-99.2917,19.3250],[-99.2917,19.3249],[-99.2918,19.3247],[-99.2918,19.3245],[-99.2918,19.3244],[-99.2917,19.3242],[-99.2917,19.3238],[-99.2916,19.3236],[-99.2916,19.3235],[-99.2916,19.3233],[-99.2915,19.3230],[-99.2915,19.3229],[-99.2915,19.3229],[-99.2915,19.3228],[-99.2914,19.3227],[-99.2914,19.3227],[-99.2913,19.3226],[-99.2912,19.3226],[-99.2912,19.3225],[-99.2908,19.3224],[-99.2908,19.3224],[-99.2907,19.3223],[-99.2906,19.3222],[-99.2905,19.3221],[-99.2904,19.3220],[-99.2904,19.3219],[-99.2904,19.3218],[-99.2905,19.3217],[-99.2905,19.3216],[-99.2906,19.3215],[-99.2907,19.3213],[-99.2908,19.3213],[-99.2910,19.3213],[-99.2914,19.3212],[-99.2918,19.3211],[-99.2920,19.3211],[-99.2922,19.3210],[-99.2924,19.3210],[-99.2926,19.3209],[-99.2928,19.3208],[-99.2930,19.3207],[-99.2931,19.3205],[-99.2933,19.3203],[-99.2934,19.3202],[-99.2936,19.3199],[-99.2936,19.3196],[-99.2937,19.3190],[-99.2938,19.3188],[-99.2938,19.3187],[-99.2939,19.3185],[-99.2940,19.3183],[-99.2942,19.3178],[-99.2943,19.3176],[-99.2944,19.3174],[-99.2945,19.3171],[-99.2945,19.3171],[-99.2946,19.3170],[-99.2947,19.3169],[-99.2948,19.3169],[-99.2948,19.3169],[-99.2949,19.3169],[-99.2950,19.3170],[-99.2952,19.3173],[-99.2953,19.3174],[-99.2954,19.3175],[-99.2955,19.3176],[-99.2956,19.3176],[-99.2957,19.3175],[-99.2959,19.3173],[-99.2961,19.3172],[-99.2963,19.3172],[-99.2965,19.3172],[-99.2965,19.3173],[-99.2966,19.3174],[-99.2965,19.3175],[-99.2964,19.3178],[-99.2964,19.3180],[-99.2964,19.3181],[-99.2964,19.3182],[-99.2967,19.3186],[-99.2969,19.3188],[-99.2971,19.3189],[-99.2973,19.3189],[-99.2975,19.3189],[-99.2977,19.3190],[-99.2980,19.3191],[-99.2982,19.3192],[-99.2983,19.3193],[-99.2984,19.3194],[-99.2986,19.3197],[-99.2987,19.3199],[-99.2988,19.3205],[-99.2988,19.3207],[-99.2990,19.3211],[-99.2991,19.3212],[-99.2993,19.3213],[-99.2996,19.3215],[-99.2997,19.3217],[-99.2998,19.3219],[-99.3000,19.3222],[-99.3001,19.3223],[-99.3002,19.3223],[-99.3002,19.3223],[-99.3003,19.3223],[-99.3004,19.3223],[-99.3005,19.3223],[-99.3005,19.3223],[-99.3005,19.3223],[-99.3006,19.3222],[-99.3006,19.3221],[-99.3006,19.3220],[-99.3006,19.3219],[-99.3005,19.3218],[-99.3005,19.3216],[-99.3005,19.3215],[-99.3006,19.3213],[-99.3006,19.3211],[-99.3006,19.3209],[-99.3006,19.3206],[-99.3006,19.3204],[-99.3007,19.3202],[-99.3007,19.3201],[-99.3008,19.3200],[-99.3008,19.3199],[-99.3010,19.3198],[-99.3011,19.3197],[-99.3011,19.3194],[-99.3011,19.3192],[-99.3011,19.3191],[-99.3012,19.3190],[-99.3012,19.3189],[-99.3012,19.3187],[-99.3013,19.3186],[-99.3015,19.3186],[-99.3016,19.3186],[-99.3017,19.3186],[-99.3017,19.3185],[-99.3018,19.3185],[-99.3018,19.3184],[-99.3018,19.3183],[-99.3018,19.3183],[-99.3018,19.3182],[-99.3014,19.3179],[-99.3013,19.3178],[-99.3013,19.3177],[-99.3012,19.3175],[-99.3012,19.3172],[-99.3011,19.3171],[-99.3011,19.3169],[-99.3007,19.3161],[-99.3006,19.3156],[-99.3004,19.3151],[-99.3002,19.3146],[-99.3001,19.3144],[-99.3000,19.3140],[-99.3000,19.3138],[-99.3001,19.3135],[-99.3001,19.3133],[-99.3003,19.3129],[-99.3005,19.3125],[-99.3005,19.3125],[-99.3005,19.3124],[-99.3009,19.3123],[-99.3010,19.3123],[-99.3010,19.3123],[-99.3011,19.3122],[-99.3011,19.3121],[-99.3012,19.3119],[-99.3013,19.3114],[-99.3013,19.3110],[-99.3013,19.3097],[-99.3013,19.3096],[-99.3013,19.3095],[-99.3013,19.3095],[-99.3014,19.3094],[-99.3015,19.3094],[-99.3015,19.3094],[-99.3016,19.3095],[-99.3017,19.3095],[-99.3020,19.3099],[-99.3026,19.3106],[-99.3028,19.3108],[-99.3030,19.3110],[-99.3031,19.3111],[-99.3031,19.3111],[-99.3031,19.3111],[-99.3032,19.3111],[-99.3032,19.3112],[-99.3033,19.3112],[-99.3033,19.3111],[-99.3034,19.3111],[-99.3034,19.3111],[-99.3035,19.3110],[-99.3037,19.3106],[-99.3040,19.3100],[-99.3043,19.3094],[-99.3044,19.3094],[-99.3045,19.3094],[-99.3045,19.3093],[-99.3047,19.3092],[-99.3048,19.3092],[-99.3049,19.3092],[-99.3049,19.3092],[-99.3050,19.3091],[-99.3050,19.3091],[-99.3051,19.3090],[-99.3054,19.3082],[-99.3056,19.3078],[-99.3058,19.3075],[-99.3058,19.3074],[-99.3058,19.3073],[-99.3059,19.3072],[-99.3060,19.3072],[-99.3060,19.3072],[-99.3061,19.3072],[-99.3061,19.3072],[-99.3062,19.3072],[-99.3062,19.3072],[-99.3063,19.3072],[-99.3064,19.3072],[-99.3064,19.3073],[-99.3070,19.3079],[-99.3070,19.3080],[-99.3071,19.3080],[-99.3072,19.3080],[-99.3073,19.3080],[-99.3073,19.3079],[-99.3074,19.3079],[-99.3074,19.3078],[-99.3074,19.3069],[-99.3076,19.3065],[-99.3078,19.3059],[-99.3078,19.3057],[-99.3080,19.3056],[-99.3082,19.3054],[-99.3084,19.3053],[-99.3086,19.3052],[-99.3088,19.3051],[-99.3089,19.3051],[-99.3090,19.3051],[-99.3090,19.3051],[-99.3091,19.3051],[-99.3092,19.3052],[-99.3093,19.3053],[-99.3094,19.3054],[-99.3094,19.3055],[-99.3094,19.3055],[-99.3094,19.3056],[-99.3094,19.3059],[-99.3093,19.3062],[-99.3094,19.3065],[-99.3094,19.3068],[-99.3095,19.3070],[-99.3101,19.3076],[-99.3102,19.3076],[-99.3102,19.3076],[-99.3103,19.3076],[-99.3103,19.3075],[-99.3104,19.3075],[-99.3104,19.3075],[-99.3105,19.3074],[-99.3106,19.3069],[-99.3107,19.3068],[-99.3107,19.3068],[-99.3108,19.3067],[-99.3109,19.3067],[-99.3110,19.3068],[-99.3112,19.3069],[-99.3113,19.3069],[-99.3114,19.3069],[-99.3116,19.3068],[-99.3118,19.3066],[-99.3119,19.3064],[-99.3121,19.3060],[-99.3122,19.3056],[-99.3123,19.3052],[-99.3121,19.3049],[-99.3120,19.3046],[-99.3120,19.3043],[-99.3121,19.3042],[-99.3123,19.3042],[-99.3129,19.3042],[-99.3131,19.3041],[-99.3133,19.3039],[-99.3136,19.3036],[-99.3139,19.3031],[-99.3139,19.3025],[-99.3139,19.3019],[-99.3139,19.3016],[-99.3140,19.3014],[-99.3141,19.3014],[-99.3144,19.3014],[-99.3147,19.3015],[-99.3148,19.3014],[-99.3151,19.3013],[-99.3154,19.3009],[-99.3158,19.3005],[-99.3161,19.3003],[-99.3164,19.3001],[-99.3164,19.3000],[-99.3164,19.3000],[-99.3164,19.2999],[-99.3163,19.2997],[-99.3161,19.2996],[-99.3159,19.2994],[-99.3159,19.2992],[-99.3159,19.2990],[-99.3160,19.2988],[-99.3161,19.2986],[-99.3162,19.2983],[-99.3162,19.2981],[-99.3164,19.2977],[-99.3165,19.2974],[-99.3168,19.2970],[-99.3170,19.2965],[-99.3172,19.2958],[-99.3172,19.2951],[-99.3170,19.2946],[-99.3171,19.2943],[-99.3170,19.2940],[-99.3171,19.2936],[-99.3171,19.2934],[-99.3171,19.2931],[-99.3170,19.2926],[-99.3170,19.2923],[-99.3167,19.2917],[-99.3166,19.2909],[-99.3161,19.2903],[-99.3157,19.2899],[-99.3160,19.2887],[-99.3162,19.2877],[-99.3166,19.2872],[-99.3167,19.2861],[-99.3162,19.2844],[-99.3158,19.2837],[-99.3157,19.2829],[-99.3157,19.2822],[-99.3161,19.2808],[-99.3163,19.2798],[-99.3167,19.2793],[-99.3169,19.2782],[-99.3168,19.2777],[-99.3172,19.2770],[-99.3171,19.2762],[-99.3172,19.2757],[-99.3174,19.2749],[-99.3178,19.2743],[-99.3188,19.2732],[-99.3236,19.2651],[-99.3237,19.2643],[-99.3235,19.2514],[-99.3235,19.2507],[-99.3242,19.2383],[-99.3244,19.2343],[-99.3243,19.2326]]]},"properties":{"cvegeo":"09010","match":"Municipality","name":"Álvaro Obregón","state":"Ciudad de México","municipality":"Álvaro Obregón","city":null,"neighborhood":null,"category":"Alcaldía","type":null,"postalcode":null,"population":"759137","dwellings":"236129","occupied_dwellings":null,"pricem2":null,"propertyprice":null,"ids_prom":"0.195","nse":"C+","nse_label":"C+ (17%)","nse_score":"4.446","nse_ab":"34729","nse_cplus":"39064","nse_c":"35990","nse_cminus":"34942","nse_dplus":"30399","nse_d":"36020","nse_e":"6352","nse_total":"217496","nse_ab_pct":"15.97","nse_cplus_pct":"17.96","nse_c_pct":"16.55","nse_cminus_pct":"16.07","nse_dplus_pct":"13.98","nse_d_pct":"16.56","nse_e_pct":"2.92"}},{"type":"Feature","geometry":{"type":"Polygon","coordinates":[[[-98.9685,19.2106],[-98.9685,19.2106],[-98.9684,19.2106],[-98.9681,19.2106],[-98.9681,19.2106],[-98.9678,19.2107],[-98.9676,19.2111],[-98.9673,19.2115],[-98.9673,19.2115],[-98.9672,19.2116],[-98.9668,19.2118],[-98.9647,19.2130],[-98.9643,19.2132],[-98.9635,19.2130],[-98.9635,19.2130],[-98.9635,19.2131],[-98.9627,19.2141],[-98.9626,19.2141],[-98.9626,19.2141],[-98.9625,19.2141],[-98.9611,19.2140],[-98.9600,19.2139],[-98.9597,19.2139],[-98.9597,19.2139],[-98.9600,19.2143],[-98.9600,19.2144],[-98.9600,19.2144],[-98.9597,19.2145],[-98.9595,19.2146],[-98.9593,19.2146],[-98.9592,19.2146],[-98.9592,19.2146],[-98.9591,19.2147],[-98.9591,19.2147],[-98.9587,19.2148],[-98.9584,19.2149],[-98.9584,19.2149],[-98.9575,19.2151],[-98.9569,19.2151],[-98.9568,19.2150],[-98.9565,19.2150],[-98.9557,19.2149],[-98.9553,19.2148],[-98.9553,19.2148],[-98.9553,19.2148],[-98.9539,19.2146],[-98.9538,19.2150],[-98.9538,19.2150],[-98.9537,19.2153],[-98.9537,19.2154],[-98.9537,19.2154],[-98.9537,19.2154],[-98.9536,19.2154],[-98.9533,19.2154],[-98.9529,19.2153],[-98.9533,19.2155],[-98.9524,19.2162],[-98.9522,19.2166],[-98.9511,19.2182],[-98.9509,19.2181],[-98.9426,19.2156],[-98.9419,19.2180],[-98.9403,19.2232],[-98.9429,19.2241],[-98.9442,19.2244],[-98.9448,19.2246],[-98.9452,19.2249],[-98.9458,19.2250],[-98.9459,19.2250],[-98.9466,19.2252],[-98.9470,19.2253],[-98.9471,19.2253],[-98.9472,19.2254],[-98.9476,19.2255],[-98.9476,19.2255],[-98.9476,19.2255],[-98.9481,19.2257],[-98.9486,19.2258],[-98.9494,19.2261],[-98.9500,19.2263],[-98.9500,19.2263],[-98.9500,19.2263],[-98.9500,19.2263],[-98.9500,19.2263],[-98.9500,19.2263],[-98.9500,19.2263],[-98.9500,19.2263],[-98.9500,19.2263],[-98.9500,19.2263],[-98.9500,19.2263],[-98.9500,19.2263],[-98.9500,19.2263],[-98.9501,19.2263],[-98.9501,19.2263],[-98.9501,19.2263],[-98.9502,19.2263],[-98.9503,19.2264],[-98.9503,19.2264],[-98.9510,19.2266],[-98.9513,19.2267],[-98.9514,19.2267],[-98.9522,19.2270],[-98.9523,19.2270],[-98.9527,19.2271],[-98.9529,19.2272],[-98.9536,19.2274],[-98.9550,19.2279],[-98.9554,19.2280],[-98.9554,19.2280],[-98.9557,19.2281],[-98.9559,19.2282],[-98.9561,19.2282],[-98.9564,19.2283],[-98.9586,19.2290],[-98.9604,19.2296],[-98.9621,19.2302],[-98.9625,19.2303],[-98.9640,19.2308],[-98.9652,19.2311],[-98.9661,19.2314],[-98.9662,19.2315],[-98.9679,19.2320],[-98.9679,19.2320],[-98.9679,19.2320],[-98.9679,19.2320],[-98.9679,19.2320],[-98.9684,19.2321],[-98.9686,19.2322],[-98.9680,19.2364],[-98.9660,19.2499],[-98.9765,19.2531],[-98.9754,19.2575],[-98.9749,19.2595],[-98.9734,19.2677],[-98.9717,19.2766],[-98.9714,19.2784],[-98.9703,19.2858],[-98.9702,19.2863],[-98.9699,19.2884],[-98.9699,19.2884],[-98.9698,19.2887],[-98.9698,19.2892],[-98.9697,19.2899],[-98.9696,19.2902],[-98.9696,19.2903],[-98.9696,19.2903],[-98.9696,19.2904],[-98.9695,19.2909],[-98.9695,19.2912],[-98.9694,19.2914],[-98.9694,19.2915],[-98.9693,19.2920],[-98.9693,19.2923],[-98.9692,19.2926],[-98.9692,19.2929],[-98.9692,19.2930],[-98.9692,19.2931],[-98.9692,19.2931],[-98.9692,19.2932],[-98.9691,19.2936],[-98.9691,19.2936],[-98.9691,19.2937],[-98.9690,19.2939],[-98.9690,19.2939],[-98.9690,19.2941],[-98.9690,19.2942],[-98.9689,19.2947],[-98.9689,19.2947],[-98.9689,19.2947],[-98.9689,19.2947],[-98.9689,19.2947],[-98.9689,19.2948],[-98.9689,19.2951],[-98.9688,19.2953],[-98.9688,19.2954],[-98.9688,19.2956],[-98.9688,19.2956],[-98.9688,19.2958],[-98.9687,19.2960],[-98.9687,19.2964],[-98.9686,19.2967],[-98.9686,19.2969],[-98.9686,19.2971],[-98.9686,19.2971],[-98.9685,19.2974],[-98.9685,19.2975],[-98.9684,19.2978],[-98.9684,19.2980],[-98.9684,19.2981],[-98.9683,19.2985],[-98.9683,19.2986],[-98.9683,19.2987],[-98.9683,19.2988],[-98.9683,19.2988],[-98.9683,19.2989],[-98.9683,19.2989],[-98.9683,19.2989],[-98.9683,19.2989],[-98.9683,19.2989],[-98.9683,19.2990],[-98.9683,19.2990],[-98.9683,19.2990],[-98.9683,19.2990],[-98.9683,19.2990],[-98.9683,19.2991],[-98.9683,19.2991],[-98.9683,19.2991],[-98.9683,19.2991],[-98.9682,19.2991],[-98.9682,19.2991],[-98.9682,19.2991],[-98.9682,19.2991],[-98.9682,19.2992],[-98.9682,19.2992],[-98.9682,19.2992],[-98.9682,19.2992],[-98.9682,19.2992],[-98.9682,19.2992],[-98.9682,19.2992],[-98.9682,19.2992],[-98.9682,19.2992],[-98.9682,19.2992],[-98.9682,19.2992],[-98.9682,19.2992],[-98.9682,19.2992],[-98.9682,19.2993],[-98.9682,19.2994],[-98.9682,19.2994],[-98.9682,19.2995],[-98.9682,19.2996],[-98.9682,19.2996],[-98.9681,19.2999],[-98.9681,19.3003],[-98.9680,19.3006],[-98.9680,19.3009],[-98.9680,19.3010],[-98.9679,19.3013],[-98.9679,19.3016],[-98.9679,19.3016],[-98.9678,19.3021],[-98.9678,19.3023],[-98.9678,19.3024],[-98.9677,19.3027],[-98.9677,19.3031],[-98.9676,19.3034],[-98.9676,19.3034],[-98.9676,19.3035],[-98.9676,19.3036],[-98.9676,19.3036],[-98.9676,19.3036],[-98.9676,19.3037],[-98.9676,19.3037],[-98.9676,19.3037],[-98.9676,19.3038],[-98.9675,19.3044],[-98.9673,19.3054],[-98.9673,19.3057],[-98.9672,19.3058],[-98.9672,19.3059],[-98.9672,19.3059],[-98.9672,19.3059],[-98.9672,19.3060],[-98.9672,19.3060],[-98.9672,19.3060],[-98.9672,19.3060],[-98.9672,19.3060],[-98.9672,19.3060],[-98.9672,19.3060],[-98.9672,19.3060],[-98.9672,19.3060],[-98.9672,19.3060],[-98.9672,19.3060],[-98.9672,19.3060],[-98.9672,19.3060],[-98.9672,19.3060],[-98.9672,19.3060],[-98.9672,19.3060],[-98.9672,19.3060],[-98.9672,19.3060],[-98.9672,19.3060],[-98.9671,19.3060],[-98.9671,19.3060],[-98.9669,19.3060],[-98.9669,19.3060],[-98.9669,19.3060],[-98.9668,19.3060],[-98.9668,19.3060],[-98.9667,19.3060],[-98.9667,19.3060],[-98.9666,19.3060],[-98.9664,19.3060],[-98.9663,19.3060],[-98.9660,19.3061],[-98.9660,19.3061],[-98.9656,19.3062],[-98.9654,19.3063],[-98.9654,19.3063],[-98.9651,19.3066],[-98.9649,19.3068],[-98.9648,19.3069],[-98.9645,19.3076],[-98.9644,19.3079],[-98.9644,19.3079],[-98.9644,19.3079],[-98.9644,19.3079],[-98.9644,19.3079],[-98.9644,19.3079],[-98.9644,19.3080],[-98.9644,19.3080],[-98.9644,19.3080],[-98.9644,19.3080],[-98.9644,19.3080],[-98.9644,19.3080],[-98.9644,19.3080],[-98.9644,19.3080],[-98.9644,19.3080],[-98.9644,19.3081],[-98.9644,19.3081],[-98.9644,19.3081],[-98.9644,19.3081],[-98.9644,19.3081],[-98.9644,19.3082],[-98.9644,19.3082],[-98.9643,19.3082],[-98.9643,19.3082],[-98.9643,19.3085],[-98.9643,19.3087],[-98.9642,19.3089],[-98.9642,19.3089],[-98.9642,19.3090],[-98.9642,19.3090],[-98.9642,19.3090],[-98.9641,19.3100],[-98.9641,19.3100],[-98.9641,19.3100],[-98.9641,19.3100],[-98.9641,19.3100],[-98.9640,19.3105],[-98.9640,19.3106],[-98.9639,19.3107],[-98.9639,19.3108],[-98.9639,19.3108],[-98.9639,19.3109],[-98.9639,19.3109],[-98.9639,19.3110],[-98.9639,19.3110],[-98.9639,19.3111],[-98.9639,19.3111],[-98.9639,19.3111],[-98.9639,19.3111],[-98.9639,19.3111],[-98.9639,19.3111],[-98.9639,19.3111],[-98.9639,19.3111],[-98.9639,19.3111],[-98.9637,19.3121],[-98.9637,19.3121],[-98.9637,19.3121],[-98.9637,19.3121],[-98.9637,19.3122],[-98.9637,19.3125],[-98.9637,19.3125],[-98.9636,19.3135],[-98.9635,19.3140],[-98.9634,19.3143],[-98.9634,19.3143],[-98.9634,19.3145],[-98.9633,19.3150],[-98.9630,19.3166],[-98.9630,19.3166],[-98.9630,19.3166],[-98.9630,19.3166],[-98.9630,19.3166],[-98.9630,19.3167],[-98.9626,19.3173],[-98.9619,19.3181],[-98.9614,19.3188],[-98.9611,19.3191],[-98.9609,19.3195],[-98.9593,19.3215],[-98.9593,19.3215],[-98.9592,19.3217],[-98.9590,19.3219],[-98.9579,19.3232],[-98.9582,19.3235],[-98.9584,19.3236],[-98.9590,19.3242],[-98.9604,19.3253],[-98.9604,19.3254],[-98.9609,19.3254],[-98.9609,19.3254],[-98.9609,19.3254],[-98.9610,19.3254],[-98.9610,19.3254],[-98.9610,19.3254],[-98.9612,19.3254],[-98.9613,19.3254],[-98.9613,19.3254],[-98.9613,19.3254],[-98.9613,19.3254],[-98.9618,19.3254],[-98.9618,19.3254],[-98.9618,19.3254],[-98.9622,19.3255],[-98.9623,19.3255],[-98.9623,19.3255],[-98.9624,19.3255],[-98.9628,19.3255],[-98.9629,19.3255],[-98.9629,19.3255],[-98.9634,19.3255],[-98.9634,19.3255],[-98.9634,19.3255],[-98.9640,19.3256],[-98.9640,19.3256],[-98.9641,19.3256],[-98.9646,19.3256],[-98.9646,19.3256],[-98.9647,19.3256],[-98.9657,19.3256],[-98.9658,19.3256],[-98.9659,19.3256],[-98.9659,19.3257],[-98.9661,19.3257],[-98.9662,19.3257],[-98.9663,19.3257],[-98.9664,19.3257],[-98.9683,19.3257],[-98.9683,19.3257],[-98.9683,19.3257],[-98.9686,19.3252],[-98.9690,19.3247],[-98.9690,19.3247],[-98.9690,19.3248],[-98.9693,19.3248],[-98.9699,19.3249],[-98.9704,19.3249],[-98.9708,19.3252],[-98.9712,19.3254],[-98.9747,19.3257],[-98.9753,19.3256],[-98.9760,19.3249],[-98.9762,19.3249],[-98.9762,19.3249],[-98.9763,19.3249],[-98.9762,19.3243],[-98.9765,19.3243],[-98.9766,19.3249],[-98.9769,19.3251],[-98.9774,19.3252],[-98.9774,19.3252],[-98.9774,19.3252],[-98.9774,19.3252],[-98.9775,19.3248],[-98.9780,19.3250],[-98.9779,19.3253],[-98.9782,19.3253],[-98.9782,19.3251],[-98.9782,19.3251],[-98.9783,19.3251],[-98.9783,19.3246],[-98.9785,19.3246],[-98.9785,19.3245],[-98.9785,19.3242],[-98.9785,19.3240],[-98.9786,19.3239],[-98.9786,19.3239],[-98.9788,19.3239],[-98.9789,19.3239],[-98.9792,19.3239],[-98.9793,19.3240],[-98.9797,19.3240],[-98.9802,19.3241],[-98.9803,19.3242],[-98.9806,19.3247],[-98.9803,19.3250],[-98.9801,19.3252],[-98.9796,19.3258],[-98.9799,19.3261],[-98.9809,19.3262],[-98.9865,19.3264],[-98.9894,19.3266],[-98.9929,19.3267],[-98.9980,19.3270],[-99.0014,19.3271],[-99.0014,19.3271],[-99.0076,19.3252],[-99.0094,19.3246],[-99.0187,19.3216],[-99.0260,19.3193],[-99.0260,19.3193],[-99.0349,19.3168],[-99.0387,19.3157],[-99.0388,19.3157],[-99.0389,19.3156],[-99.0390,19.3155],[-99.0390,19.3154],[-99.0391,19.3153],[-99.0392,19.3152],[-99.0392,19.3151],[-99.0392,19.3151],[-99.0393,19.3150],[-99.0393,19.3150],[-99.0394,19.3149],[-99.0394,19.3149],[-99.0395,19.3147],[-99.0396,19.3147],[-99.0398,19.3148],[-99.0399,19.3149],[-99.0401,19.3151],[-99.0401,19.3151],[-99.0404,19.3154],[-99.0407,19.3152],[-99.0417,19.3143],[-99.0418,19.3144],[-99.0420,19.3142],[-99.0420,19.3142],[-99.0422,19.3139],[-99.0422,19.3139],[-99.0424,19.3137],[-99.0425,19.3135],[-99.0426,19.3134],[-99.0426,19.3134],[-99.0428,19.3132],[-99.0428,19.3132],[-99.0430,19.3129],[-99.0433,19.3126],[-99.0435,19.3123],[-99.0436,19.3122],[-99.0446,19.3129],[-99.0447,19.3130],[-99.0448,19.3128],[-99.0448,19.3128],[-99.0449,19.3129],[-99.0453,19.3134],[-99.0454,19.3136],[-99.0456,19.3138],[-99.0457,19.3138],[-99.0457,19.3139],[-99.0458,19.3140],[-99.0459,19.3142],[-99.0461,19.3143],[-99.0463,19.3145],[-99.0466,19.3149],[-99.0467,19.3147],[-99.0471,19.3141],[-99.0475,19.3136],[-99.0477,19.3134],[-99.0481,19.3128],[-99.0484,19.3124],[-99.0489,19.3119],[-99.0489,19.3119],[-99.0494,19.3123],[-99.0496,19.3124],[-99.0503,19.3129],[-99.0503,19.3129],[-99.0504,19.3130],[-99.0507,19.3127],[-99.0509,19.3125],[-99.0509,19.3124],[-99.0521,19.3110],[-99.0521,19.3110],[-99.0523,19.3108],[-99.0538,19.3119],[-99.0540,19.3116],[-99.0540,19.3116],[-99.0542,19.3114],[-99.0542,19.3114],[-99.0544,19.3111],[-99.0547,19.3108],[-99.0549,19.3105],[-99.0551,19.3103],[-99.0552,19.3102],[-99.0553,19.3100],[-99.0555,19.3098],[-99.0558,19.3095],[-99.0561,19.3091],[-99.0562,19.3090],[-99.0569,19.3081],[-99.0584,19.3063],[-99.0599,19.3044],[-99.0605,19.3047],[-99.0609,19.3049],[-99.0627,19.3054],[-99.0634,19.3057],[-99.0634,19.3056],[-99.0634,19.3056],[-99.0637,19.3048],[-99.0638,19.3045],[-99.0640,19.3039],[-99.0642,19.3035],[-99.0643,19.3030],[-99.0645,19.3025],[-99.0645,19.3025],[-99.0648,19.3016],[-99.0646,19.3011],[-99.0644,19.3006],[-99.0644,19.3005],[-99.0639,19.2995],[-99.0636,19.2987],[-99.0634,19.2984],[-99.0630,19.2978],[-99.0628,19.2976],[-99.0626,19.2973],[-99.0626,19.2970],[-99.0626,19.2968],[-99.0626,19.2967],[-99.0625,19.2963],[-99.0625,19.2961],[-99.0624,19.2959],[-99.0624,19.2957],[-99.0623,19.2957],[-99.0621,19.2948],[-99.0620,19.2944],[-99.0617,19.2942],[-99.0616,19.2941],[-99.0616,19.2936],[-99.0616,19.2931],[-99.0616,19.2927],[-99.0616,19.2926],[-99.0617,19.2926],[-99.0617,19.2925],[-99.0621,19.2921],[-99.0625,19.2916],[-99.0628,19.2913],[-99.0631,19.2910],[-99.0634,19.2907],[-99.0634,19.2907],[-99.0635,19.2906],[-99.0637,19.2904],[-99.0642,19.2899],[-99.0643,19.2898],[-99.0644,19.2897],[-99.0647,19.2893],[-99.0649,19.2891],[-99.0650,19.2891],[-99.0654,19.2887],[-99.0655,19.2886],[-99.0657,19.2884],[-99.0658,19.2883],[-99.0660,19.2881],[-99.0660,19.2880],[-99.0662,19.2879],[-99.0664,19.2877],[-99.0667,19.2874],[-99.0670,19.2871],[-99.0671,19.2870],[-99.0672,19.2869],[-99.0674,19.2867],[-99.0676,19.2865],[-99.0678,19.2863],[-99.0679,19.2861],[-99.0681,19.2860],[-99.0681,19.2859],[-99.0683,19.2857],[-99.0685,19.2855],[-99.0686,19.2854],[-99.0686,19.2853],[-99.0688,19.2851],[-99.0690,19.2850],[-99.0683,19.2844],[-99.0646,19.2821],[-99.0644,19.2820],[-99.0597,19.2803],[-99.0586,19.2799],[-99.0576,19.2796],[-99.0568,19.2795],[-99.0561,19.2795],[-99.0552,19.2795],[-99.0548,19.2794],[-99.0545,19.2794],[-99.0539,19.2791],[-99.0524,19.2785],[-99.0506,19.2775],[-99.0506,19.2775],[-99.0483,19.2760],[-99.0473,19.2756],[-99.0451,19.2749],[-99.0415,19.2738],[-99.0404,19.2733],[-99.0402,19.2731],[-99.0395,19.2727],[-99.0386,19.2721],[-99.0384,19.2720],[-99.0376,19.2718],[-99.0375,19.2718],[-99.0373,19.2717],[-99.0365,19.2710],[-99.0359,19.2706],[-99.0357,19.2703],[-99.0354,19.2698],[-99.0346,19.2687],[-99.0344,19.2684],[-99.0341,19.2681],[-99.0337,19.2677],[-99.0330,19.2671],[-99.0327,19.2667],[-99.0311,19.2649],[-99.0308,19.2646],[-99.0305,19.2642],[-99.0305,19.2633],[-99.0304,19.2631],[-99.0303,19.2629],[-99.0298,19.2626],[-99.0296,19.2625],[-99.0293,19.2624],[-99.0279,19.2622],[-99.0272,19.2618],[-99.0271,19.2619],[-99.0269,19.2618],[-99.0265,19.2618],[-99.0260,19.2619],[-99.0258,19.2622],[-99.0254,19.2621],[-99.0251,19.2620],[-99.0248,19.2619],[-99.0244,19.2618],[-99.0241,19.2618],[-99.0240,19.2617],[-99.0236,19.2616],[-99.0233,19.2616],[-99.0229,19.2615],[-99.0225,19.2614],[-99.0220,19.2612],[-99.0218,19.2612],[-99.0218,19.2612],[-99.0215,19.2611],[-99.0213,19.2611],[-99.0211,19.2610],[-99.0210,19.2610],[-99.0208,19.2610],[-99.0205,19.2609],[-99.0203,19.2609],[-99.0201,19.2610],[-99.0198,19.2610],[-99.0197,19.2612],[-99.0193,19.2610],[-99.0191,19.2609],[-99.0190,19.2609],[-99.0190,19.2609],[-99.0190,19.2609],[-99.0189,19.2608],[-99.0188,19.2608],[-99.0187,19.2607],[-99.0179,19.2605],[-99.0176,19.2603],[-99.0174,19.2603],[-99.0173,19.2602],[-99.0173,19.2602],[-99.0169,19.2601],[-99.0169,19.2601],[-99.0166,19.2600],[-99.0166,19.2600],[-99.0165,19.2600],[-99.0165,19.2599],[-99.0164,19.2599],[-99.0162,19.2598],[-99.0161,19.2597],[-99.0161,19.2597],[-99.0160,19.2596],[-99.0156,19.2594],[-99.0156,19.2593],[-99.0154,19.2592],[-99.0152,19.2592],[-99.0149,19.2590],[-99.0144,19.2588],[-99.0142,19.2587],[-99.0139,19.2586],[-99.0137,19.2585],[-99.0134,19.2584],[-99.0132,19.2582],[-99.0130,19.2581],[-99.0130,19.2581],[-99.0128,19.2580],[-99.0128,19.2579],[-99.0127,19.2578],[-99.0125,19.2576],[-99.0122,19.2572],[-99.0120,19.2570],[-99.0119,19.2568],[-99.0118,19.2567],[-99.0118,19.2562],[-99.0117,19.2560],[-99.0113,19.2556],[-99.0113,19.2557],[-99.0110,19.2556],[-99.0108,19.2555],[-99.0107,19.2553],[-99.0099,19.2545],[-99.0098,19.2545],[-99.0092,19.2539],[-99.0086,19.2532],[-99.0083,19.2529],[-99.0081,19.2527],[-99.0078,19.2523],[-99.0076,19.2522],[-99.0070,19.2516],[-99.0073,19.2512],[-99.0074,19.2509],[-99.0075,19.2508],[-99.0075,19.2508],[-99.0077,19.2510],[-99.0079,19.2505],[-99.0083,19.2507],[-99.0084,19.2507],[-99.0087,19.2508],[-99.0088,19.2507],[-99.0089,19.2507],[-99.0091,19.2503],[-99.0092,19.2500],[-99.0094,19.2497],[-99.0095,19.2494],[-99.0095,19.2494],[-99.0095,19.2494],[-99.0096,19.2491],[-99.0097,19.2487],[-99.0098,19.2485],[-99.0098,19.2485],[-99.0098,19.2483],[-99.0101,19.2477],[-99.0104,19.2473],[-99.0105,19.2471],[-99.0105,19.2471],[-99.0106,19.2470],[-99.0108,19.2470],[-99.0111,19.2467],[-99.0111,19.2465],[-99.0111,19.2462],[-99.0111,19.2461],[-99.0112,19.2461],[-99.0123,19.2465],[-99.0124,19.2464],[-99.0124,19.2461],[-99.0125,19.2459],[-99.0127,19.2451],[-99.0125,19.2450],[-99.0126,19.2447],[-99.0128,19.2448],[-99.0139,19.2451],[-99.0140,19.2449],[-99.0140,19.2449],[-99.0140,19.2447],[-99.0140,19.2446],[-99.0141,19.2444],[-99.0141,19.2444],[-99.0141,19.2444],[-99.0141,19.2442],[-99.0141,19.2441],[-99.0142,19.2441],[-99.0142,19.2440],[-99.0143,19.2436],[-99.0143,19.2436],[-99.0144,19.2435],[-99.0144,19.2434],[-99.0144,19.2433],[-99.0145,19.2432],[-99.0146,19.2429],[-99.0148,19.2426],[-99.0149,19.2425],[-99.0150,19.2423],[-99.0150,19.2421],[-99.0151,19.2419],[-99.0153,19.2414],[-99.0154,19.2410],[-99.0154,19.2410],[-99.0155,19.2409],[-99.0156,19.2408],[-99.0156,19.2407],[-99.0157,19.2406],[-99.0157,19.2405],[-99.0165,19.2398],[-99.0165,19.2398],[-99.0167,19.2396],[-99.0167,19.2396],[-99.0167,19.2396],[-99.0167,19.2396],[-99.0168,19.2395],[-99.0168,19.2395],[-99.0170,19.2393],[-99.0170,19.2393],[-99.0172,19.2390],[-99.0172,19.2390],[-99.0176,19.2386],[-99.0177,19.2386],[-99.0177,19.2386],[-99.0177,19.2385],[-99.0177,19.2385],[-99.0178,19.2385],[-99.0179,19.2382],[-99.0182,19.2377],[-99.0279,19.2263],[-99.0302,19.2236],[-99.0263,19.2240],[-99.0253,19.2241],[-99.0230,19.2243],[-99.0217,19.2244],[-99.0196,19.2246],[-99.0186,19.2247],[-99.0180,19.2247],[-99.0178,19.2247],[-99.0175,19.2248],[-99.0125,19.2252],[-99.0116,19.2253],[-99.0097,19.2255],[-99.0089,19.2255],[-99.0072,19.2257],[-99.0071,19.2257],[-99.0057,19.2258],[-99.0055,19.2258],[-99.0049,19.2259],[-99.0040,19.2260],[-99.0040,19.2260],[-99.0039,19.2260],[-99.0030,19.2261],[-99.0030,19.2261],[-99.0015,19.2262],[-99.0001,19.2263],[-99.0001,19.2263],[-99.0001,19.2263],[-99.0001,19.2264],[-99.0031,19.2271],[-99.0031,19.2271],[-99.0030,19.2276],[-99.0027,19.2275],[-99.0022,19.2274],[-99.0008,19.2270],[-99.0008,19.2270],[-98.9998,19.2268],[-98.9997,19.2273],[-98.9997,19.2273],[-98.9996,19.2276],[-98.9990,19.2274],[-98.9989,19.2277],[-98.9988,19.2277],[-98.9981,19.2275],[-98.9973,19.2275],[-98.9973,19.2275],[-98.9972,19.2275],[-98.9972,19.2275],[-98.9972,19.2273],[-98.9974,19.2272],[-98.9975,19.2265],[-98.9975,19.2265],[-98.9974,19.2265],[-98.9971,19.2264],[-98.9967,19.2263],[-98.9964,19.2262],[-98.9963,19.2260],[-98.9962,19.2259],[-98.9962,19.2259],[-98.9964,19.2253],[-98.9964,19.2252],[-98.9964,19.2252],[-98.9961,19.2251],[-98.9958,19.2250],[-98.9958,19.2250],[-98.9958,19.2250],[-98.9954,19.2262],[-98.9954,19.2264],[-98.9954,19.2265],[-98.9953,19.2275],[-98.9953,19.2275],[-98.9953,19.2275],[-98.9944,19.2274],[-98.9942,19.2274],[-98.9937,19.2275],[-98.9937,19.2275],[-98.9937,19.2273],[-98.9937,19.2273],[-98.9936,19.2271],[-98.9936,19.2271],[-98.9936,19.2271],[-98.9936,19.2269],[-98.9936,19.2269],[-98.9936,19.2269],[-98.9936,19.2269],[-98.9935,19.2268],[-98.9935,19.2265],[-98.9935,19.2265],[-98.9935,19.2265],[-98.9935,19.2264],[-98.9935,19.2264],[-98.9935,19.2263],[-98.9935,19.2263],[-98.9935,19.2263],[-98.9935,19.2262],[-98.9935,19.2262],[-98.9934,19.2259],[-98.9934,19.2259],[-98.9933,19.2255],[-98.9933,19.2254],[-98.9933,19.2254],[-98.9933,19.2254],[-98.9933,19.2253],[-98.9933,19.2249],[-98.9933,19.2249],[-98.9926,19.2249],[-98.9919,19.2248],[-98.9918,19.2248],[-98.9912,19.2248],[-98.9911,19.2256],[-98.9906,19.2258],[-98.9882,19.2237],[-98.9857,19.2214],[-98.9843,19.2203],[-98.9843,19.2202],[-98.9843,19.2202],[-98.9843,19.2202],[-98.9843,19.2202],[-98.9841,19.2200],[-98.9840,19.2200],[-98.9840,19.2200],[-98.9839,19.2199],[-98.9839,19.2199],[-98.9838,19.2199],[-98.9838,19.2198],[-98.9835,19.2196],[-98.9835,19.2196],[-98.9835,19.2195],[-98.9832,19.2194],[-98.9832,19.2193],[-98.9832,19.2193],[-98.9830,19.2191],[-98.9830,19.2191],[-98.9830,19.2191],[-98.9828,19.2189],[-98.9827,19.2189],[-98.9827,19.2189],[-98.9825,19.2187],[-98.9825,19.2187],[-98.9825,19.2187],[-98.9824,19.2186],[-98.9822,19.2185],[-98.9822,19.2185],[-98.9822,19.2185],[-98.9820,19.2183],[-98.9820,19.2183],[-98.9819,19.2183],[-98.9817,19.2181],[-98.9817,19.2181],[-98.9817,19.2180],[-98.9797,19.2164],[-98.9797,19.2164],[-98.9797,19.2164],[-98.9789,19.2157],[-98.9789,19.2157],[-98.9789,19.2157],[-98.9789,19.2157],[-98.9783,19.2152],[-98.9782,19.2151],[-98.9782,19.2151],[-98.9782,19.2151],[-98.9782,19.2151],[-98.9782,19.2151],[-98.9781,19.2151],[-98.9779,19.2151],[-98.9779,19.2151],[-98.9778,19.2151],[-98.9778,19.2151],[-98.9750,19.2146],[-98.9750,19.2146],[-98.9750,19.2146],[-98.9745,19.2145],[-98.9743,19.2144],[-98.9742,19.2144],[-98.9741,19.2143],[-98.9737,19.2141],[-98.9736,19.2141],[-98.9733,19.2138],[-98.9732,19.2137],[-98.9732,19.2136],[-98.9732,19.2136],[-98.9732,19.2136],[-98.9731,19.2135],[-98.9731,19.2135],[-98.9728,19.2132],[-98.9724,19.2127],[-98.9722,19.2125],[-98.9720,19.2123],[-98.9717,19.2121],[-98.9715,19.2120],[-98.9715,19.2120],[-98.9713,19.2119],[-98.9710,19.2117],[-98.9700,19.2113],[-98.9699,19.2113],[-98.9698,19.2112],[-98.9695,19.2110],[-98.9692,19.2109],[-98.9689,19.2107],[-98.9686,19.2106],[-98.9685,19.2106]]]},"properties":{"cvegeo":"09011","match":"Municipality","name":"Tláhuac","state":"Ciudad de México","municipality":"Tláhuac","city":null,"neighborhood":null,"category":"Alcaldía","type":null,"postalcode":null,"population":"392313","dwellings":"118983","occupied_dwellings":null,"pricem2":null,"propertyprice":null,"ids_prom":"0.293","nse":"D","nse_label":"D (23%)","nse_score":"3.804","nse_ab":"6983","nse_cplus":"13490","nse_c":"17313","nse_cminus":"19237","nse_dplus":"17817","nse_d":"24868","nse_e":"6158","nse_total":"105866","nse_ab_pct":"6.60","nse_cplus_pct":"12.74","nse_c_pct":"16.35","nse_cminus_pct":"18.17","nse_dplus_pct":"16.83","nse_d_pct":"23.49","nse_e_pct":"5.82"}},{"type":"Feature","geometry":{"type":"Polygon","coordinates":[[[-99.1365,19.0894],[-99.1468,19.1006],[-99.1547,19.1088],[-99.1633,19.1175],[-99.1550,19.1353],[-99.1540,19.1381],[-99.1525,19.1421],[-99.1520,19.1508],[-99.1518,19.1514],[-99.1497,19.1598],[-99.1496,19.1603],[-99.1487,19.1603],[-99.1482,19.1602],[-99.1476,19.1601],[-99.1472,19.1600],[-99.1468,19.1599],[-99.1465,19.1598],[-99.1461,19.1596],[-99.1455,19.1592],[-99.1449,19.1589],[-99.1448,19.1589],[-99.1445,19.1587],[-99.1442,19.1584],[-99.1440,19.1581],[-99.1437,19.1578],[-99.1434,19.1575],[-99.1432,19.1571],[-99.1431,19.1568],[-99.1429,19.1565],[-99.1427,19.1561],[-99.1425,19.1556],[-99.1423,19.1551],[-99.1420,19.1547],[-99.1418,19.1545],[-99.1415,19.1541],[-99.1411,19.1535],[-99.1408,19.1529],[-99.1407,19.1525],[-99.1404,19.1522],[-99.1400,19.1520],[-99.1398,19.1518],[-99.1394,19.1516],[-99.1389,19.1514],[-99.1385,19.1513],[-99.1378,19.1510],[-99.1372,19.1508],[-99.1324,19.1486],[-99.1312,19.1508],[-99.1302,19.1525],[-99.1311,19.1527],[-99.1314,19.1527],[-99.1317,19.1526],[-99.1321,19.1529],[-99.1325,19.1530],[-99.1326,19.1531],[-99.1326,19.1532],[-99.1326,19.1534],[-99.1325,19.1540],[-99.1326,19.1543],[-99.1328,19.1549],[-99.1328,19.1558],[-99.1328,19.1566],[-99.1329,19.1577],[-99.1328,19.1586],[-99.1327,19.1593],[-99.1327,19.1601],[-99.1325,19.1608],[-99.1324,19.1613],[-99.1322,19.1616],[-99.1320,19.1621],[-99.1318,19.1626],[-99.1317,19.1632],[-99.1311,19.1641],[-99.1306,19.1649],[-99.1305,19.1654],[-99.1303,19.1659],[-99.1302,19.1666],[-99.1302,19.1673],[-99.1302,19.1682],[-99.1303,19.1689],[-99.1305,19.1704],[-99.1305,19.1706],[-99.1305,19.1707],[-99.1305,19.1708],[-99.1305,19.1710],[-99.1305,19.1714],[-99.1305,19.1716],[-99.1305,19.1718],[-99.1305,19.1719],[-99.1304,19.1719],[-99.1303,19.1720],[-99.1302,19.1720],[-99.1301,19.1721],[-99.1300,19.1721],[-99.1300,19.1722],[-99.1300,19.1722],[-99.1299,19.1724],[-99.1300,19.1724],[-99.1301,19.1725],[-99.1302,19.1727],[-99.1305,19.1730],[-99.1308,19.1734],[-99.1309,19.1736],[-99.1311,19.1738],[-99.1314,19.1740],[-99.1316,19.1743],[-99.1318,19.1745],[-99.1320,19.1749],[-99.1321,19.1751],[-99.1321,19.1755],[-99.1322,19.1758],[-99.1322,19.1762],[-99.1323,19.1764],[-99.1324,19.1765],[-99.1325,19.1767],[-99.1325,19.1768],[-99.1324,19.1770],[-99.1323,19.1772],[-99.1323,19.1775],[-99.1323,19.1777],[-99.1323,19.1780],[-99.1324,19.1782],[-99.1324,19.1785],[-99.1322,19.1788],[-99.1322,19.1790],[-99.1321,19.1793],[-99.1320,19.1796],[-99.1319,19.1801],[-99.1316,19.1804],[-99.1315,19.1806],[-99.1313,19.1813],[-99.1310,19.1818],[-99.1308,19.1821],[-99.1305,19.1823],[-99.1303,19.1826],[-99.1303,19.1830],[-99.1302,19.1834],[-99.1302,19.1837],[-99.1301,19.1839],[-99.1300,19.1841],[-99.1299,19.1842],[-99.1298,19.1842],[-99.1297,19.1842],[-99.1296,19.1843],[-99.1295,19.1845],[-99.1294,19.1845],[-99.1291,19.1846],[-99.1290,19.1847],[-99.1289,19.1848],[-99.1287,19.1850],[-99.1284,19.1856],[-99.1279,19.1860],[-99.1275,19.1864],[-99.1274,19.1867],[-99.1273,19.1870],[-99.1271,19.1873],[-99.1271,19.1876],[-99.1273,19.1879],[-99.1274,19.1881],[-99.1276,19.1883],[-99.1277,19.1885],[-99.1282,19.1888],[-99.1287,19.1891],[-99.1293,19.1898],[-99.1299,19.1903],[-99.1300,19.1905],[-99.1300,19.1907],[-99.1301,19.1909],[-99.1305,19.1911],[-99.1307,19.1913],[-99.1307,19.1916],[-99.1307,19.1921],[-99.1306,19.1923],[-99.1307,19.1925],[-99.1306,19.1927],[-99.1308,19.1929],[-99.1306,19.1932],[-99.1306,19.1934],[-99.1305,19.1937],[-99.1305,19.1938],[-99.1305,19.1940],[-99.1303,19.1943],[-99.1302,19.1944],[-99.1301,19.1945],[-99.1301,19.1945],[-99.1301,19.1946],[-99.1301,19.1947],[-99.1300,19.1949],[-99.1299,19.1954],[-99.1300,19.1955],[-99.1301,19.1956],[-99.1302,19.1958],[-99.1304,19.1960],[-99.1304,19.1960],[-99.1304,19.1961],[-99.1305,19.1962],[-99.1304,19.1964],[-99.1302,19.1966],[-99.1300,19.1967],[-99.1296,19.1971],[-99.1295,19.1973],[-99.1295,19.1974],[-99.1295,19.1975],[-99.1295,19.1975],[-99.1295,19.1977],[-99.1294,19.1978],[-99.1293,19.1979],[-99.1293,19.1980],[-99.1293,19.1980],[-99.1293,19.1981],[-99.1293,19.1982],[-99.1294,19.1982],[-99.1295,19.1982],[-99.1295,19.1983],[-99.1295,19.1983],[-99.1295,19.1983],[-99.1295,19.1984],[-99.1295,19.1984],[-99.1295,19.1985],[-99.1295,19.1985],[-99.1294,19.1986],[-99.1294,19.1987],[-99.1293,19.1989],[-99.1292,19.1990],[-99.1291,19.1992],[-99.1291,19.1993],[-99.1291,19.1994],[-99.1291,19.1996],[-99.1291,19.1997],[-99.1291,19.1997],[-99.1292,19.1997],[-99.1293,19.1998],[-99.1293,19.1998],[-99.1293,19.1999],[-99.1293,19.2000],[-99.1293,19.2001],[-99.1294,19.2002],[-99.1294,19.2002],[-99.1295,19.2003],[-99.1295,19.2004],[-99.1295,19.2007],[-99.1295,19.2007],[-99.1295,19.2007],[-99.1295,19.2011],[-99.1295,19.2017],[-99.1295,19.2018],[-99.1294,19.2021],[-99.1294,19.2025],[-99.1294,19.2025],[-99.1293,19.2030],[-99.1293,19.2030],[-99.1296,19.2030],[-99.1297,19.2030],[-99.1299,19.2030],[-99.1301,19.2031],[-99.1302,19.2031],[-99.1303,19.2032],[-99.1302,19.2034],[-99.1302,19.2035],[-99.1301,19.2038],[-99.1301,19.2038],[-99.1301,19.2038],[-99.1301,19.2039],[-99.1304,19.2040],[-99.1305,19.2040],[-99.1306,19.2040],[-99.1308,19.2041],[-99.1308,19.2041],[-99.1308,19.2041],[-99.1309,19.2042],[-99.1312,19.2046],[-99.1312,19.2048],[-99.1312,19.2048],[-99.1313,19.2050],[-99.1314,19.2052],[-99.1314,19.2054],[-99.1315,19.2054],[-99.1316,19.2055],[-99.1316,19.2056],[-99.1320,19.2059],[-99.1321,19.2061],[-99.1321,19.2061],[-99.1323,19.2062],[-99.1324,19.2065],[-99.1324,19.2065],[-99.1325,19.2067],[-99.1325,19.2070],[-99.1325,19.2072],[-99.1324,19.2073],[-99.1323,19.2076],[-99.1323,19.2076],[-99.1323,19.2076],[-99.1323,19.2077],[-99.1323,19.2077],[-99.1324,19.2079],[-99.1324,19.2080],[-99.1325,19.2081],[-99.1325,19.2081],[-99.1326,19.2082],[-99.1327,19.2082],[-99.1327,19.2082],[-99.1328,19.2083],[-99.1328,19.2090],[-99.1328,19.2092],[-99.1328,19.2092],[-99.1328,19.2092],[-99.1328,19.2093],[-99.1328,19.2094],[-99.1329,19.2096],[-99.1329,19.2098],[-99.1329,19.2099],[-99.1329,19.2099],[-99.1328,19.2100],[-99.1329,19.2100],[-99.1330,19.2101],[-99.1330,19.2101],[-99.1330,19.2101],[-99.1333,19.2104],[-99.1333,19.2104],[-99.1336,19.2107],[-99.1336,19.2107],[-99.1339,19.2110],[-99.1339,19.2110],[-99.1344,19.2116],[-99.1383,19.2157],[-99.1495,19.2192],[-99.1496,19.2192],[-99.1496,19.2192],[-99.1544,19.2206],[-99.1535,19.2218],[-99.1535,19.2216],[-99.1534,19.2214],[-99.1533,19.2212],[-99.1532,19.2210],[-99.1531,19.2207],[-99.1529,19.2206],[-99.1528,19.2205],[-99.1528,19.2205],[-99.1526,19.2205],[-99.1525,19.2205],[-99.1523,19.2207],[-99.1523,19.2209],[-99.1521,19.2213],[-99.1520,19.2217],[-99.1520,19.2219],[-99.1520,19.2220],[-99.1519,19.2224],[-99.1518,19.2227],[-99.1518,19.2229],[-99.1517,19.2231],[-99.1517,19.2232],[-99.1517,19.2233],[-99.1516,19.2234],[-99.1516,19.2234],[-99.1515,19.2234],[-99.1515,19.2234],[-99.1515,19.2234],[-99.1514,19.2234],[-99.1514,19.2233],[-99.1514,19.2232],[-99.1514,19.2232],[-99.1513,19.2232],[-99.1512,19.2232],[-99.1512,19.2234],[-99.1512,19.2235],[-99.1512,19.2236],[-99.1512,19.2236],[-99.1512,19.2237],[-99.1512,19.2237],[-99.1512,19.2237],[-99.1512,19.2237],[-99.1512,19.2238],[-99.1512,19.2238],[-99.1512,19.2239],[-99.1511,19.2239],[-99.1511,19.2239],[-99.1511,19.2240],[-99.1511,19.2240],[-99.1511,19.2240],[-99.1511,19.2241],[-99.1511,19.2241],[-99.1511,19.2242],[-99.1511,19.2242],[-99.1511,19.2242],[-99.1511,19.2242],[-99.1511,19.2243],[-99.1511,19.2243],[-99.1511,19.2243],[-99.1511,19.2243],[-99.1512,19.2244],[-99.1512,19.2244],[-99.1512,19.2245],[-99.1513,19.2245],[-99.1513,19.2245],[-99.1514,19.2245],[-99.1514,19.2246],[-99.1515,19.2246],[-99.1515,19.2246],[-99.1516,19.2246],[-99.1516,19.2246],[-99.1517,19.2246],[-99.1517,19.2246],[-99.1519,19.2246],[-99.1520,19.2246],[-99.1521,19.2247],[-99.1522,19.2247],[-99.1523,19.2247],[-99.1524,19.2247],[-99.1525,19.2247],[-99.1525,19.2247],[-99.1526,19.2248],[-99.1527,19.2248],[-99.1527,19.2248],[-99.1528,19.2249],[-99.1528,19.2249],[-99.1529,19.2250],[-99.1530,19.2251],[-99.1530,19.2252],[-99.1531,19.2253],[-99.1532,19.2256],[-99.1533,19.2259],[-99.1534,19.2260],[-99.1533,19.2262],[-99.1532,19.2263],[-99.1531,19.2265],[-99.1530,19.2266],[-99.1529,19.2269],[-99.1529,19.2271],[-99.1528,19.2274],[-99.1528,19.2276],[-99.1527,19.2279],[-99.1527,19.2279],[-99.1526,19.2282],[-99.1526,19.2284],[-99.1526,19.2284],[-99.1525,19.2286],[-99.1525,19.2286],[-99.1525,19.2288],[-99.1524,19.2290],[-99.1524,19.2291],[-99.1524,19.2293],[-99.1523,19.2294],[-99.1522,19.2295],[-99.1521,19.2296],[-99.1520,19.2298],[-99.1519,19.2300],[-99.1519,19.2301],[-99.1519,19.2301],[-99.1518,19.2302],[-99.1518,19.2305],[-99.1518,19.2307],[-99.1518,19.2307],[-99.1518,19.2308],[-99.1517,19.2308],[-99.1516,19.2311],[-99.1516,19.2311],[-99.1516,19.2312],[-99.1515,19.2312],[-99.1514,19.2314],[-99.1513,19.2315],[-99.1512,19.2315],[-99.1512,19.2316],[-99.1511,19.2318],[-99.1511,19.2318],[-99.1510,19.2319],[-99.1509,19.2319],[-99.1509,19.2320],[-99.1509,19.2321],[-99.1509,19.2322],[-99.1508,19.2323],[-99.1508,19.2323],[-99.1508,19.2324],[-99.1507,19.2324],[-99.1507,19.2324],[-99.1507,19.2324],[-99.1507,19.2324],[-99.1506,19.2325],[-99.1506,19.2325],[-99.1506,19.2326],[-99.1506,19.2326],[-99.1506,19.2327],[-99.1506,19.2329],[-99.1506,19.2331],[-99.1506,19.2332],[-99.1505,19.2332],[-99.1505,19.2334],[-99.1505,19.2335],[-99.1505,19.2337],[-99.1506,19.2338],[-99.1507,19.2340],[-99.1507,19.2341],[-99.1507,19.2342],[-99.1507,19.2343],[-99.1507,19.2343],[-99.1507,19.2343],[-99.1508,19.2344],[-99.1508,19.2344],[-99.1507,19.2345],[-99.1507,19.2346],[-99.1507,19.2346],[-99.1507,19.2347],[-99.1507,19.2347],[-99.1507,19.2347],[-99.1507,19.2347],[-99.1506,19.2347],[-99.1505,19.2347],[-99.1505,19.2347],[-99.1505,19.2347],[-99.1505,19.2346],[-99.1505,19.2346],[-99.1505,19.2346],[-99.1505,19.2345],[-99.1505,19.2344],[-99.1504,19.2343],[-99.1504,19.2342],[-99.1503,19.2342],[-99.1503,19.2342],[-99.1501,19.2342],[-99.1500,19.2342],[-99.1498,19.2342],[-99.1497,19.2341],[-99.1496,19.2341],[-99.1496,19.2341],[-99.1495,19.2340],[-99.1495,19.2340],[-99.1495,19.2340],[-99.1494,19.2341],[-99.1493,19.2342],[-99.1493,19.2343],[-99.1493,19.2343],[-99.1494,19.2344],[-99.1495,19.2345],[-99.1496,19.2346],[-99.1496,19.2346],[-99.1495,19.2347],[-99.1495,19.2347],[-99.1494,19.2348],[-99.1493,19.2348],[-99.1492,19.2349],[-99.1492,19.2350],[-99.1491,19.2350],[-99.1490,19.2351],[-99.1489,19.2352],[-99.1489,19.2354],[-99.1488,19.2355],[-99.1488,19.2356],[-99.1487,19.2357],[-99.1486,19.2357],[-99.1485,19.2357],[-99.1484,19.2357],[-99.1484,19.2358],[-99.1484,19.2358],[-99.1484,19.2360],[-99.1483,19.2362],[-99.1483,19.2362],[-99.1483,19.2362],[-99.1483,19.2362],[-99.1482,19.2363],[-99.1482,19.2363],[-99.1482,19.2363],[-99.1481,19.2363],[-99.1481,19.2363],[-99.1481,19.2362],[-99.1481,19.2362],[-99.1480,19.2362],[-99.1480,19.2362],[-99.1480,19.2361],[-99.1480,19.2361],[-99.1480,19.2361],[-99.1480,19.2361],[-99.1480,19.2361],[-99.1480,19.2360],[-99.1480,19.2360],[-99.1481,19.2359],[-99.1481,19.2359],[-99.1481,19.2357],[-99.1481,19.2357],[-99.1482,19.2356],[-99.1483,19.2355],[-99.1483,19.2354],[-99.1484,19.2353],[-99.1484,19.2351],[-99.1484,19.2351],[-99.1484,19.2350],[-99.1483,19.2349],[-99.1483,19.2349],[-99.1482,19.2348],[-99.1481,19.2347],[-99.1480,19.2346],[-99.1479,19.2346],[-99.1477,19.2345],[-99.1476,19.2345],[-99.1476,19.2345],[-99.1476,19.2345],[-99.1476,19.2345],[-99.1475,19.2345],[-99.1475,19.2344],[-99.1474,19.2344],[-99.1469,19.2344],[-99.1469,19.2344],[-99.1469,19.2344],[-99.1469,19.2344],[-99.1468,19.2344],[-99.1467,19.2343],[-99.1466,19.2343],[-99.1466,19.2342],[-99.1465,19.2342],[-99.1464,19.2342],[-99.1464,19.2342],[-99.1464,19.2342],[-99.1463,19.2342],[-99.1462,19.2342],[-99.1461,19.2342],[-99.1460,19.2342],[-99.1459,19.2343],[-99.1459,19.2343],[-99.1458,19.2343],[-99.1456,19.2343],[-99.1456,19.2344],[-99.1455,19.2344],[-99.1454,19.2345],[-99.1453,19.2344],[-99.1452,19.2344],[-99.1451,19.2343],[-99.1449,19.2343],[-99.1448,19.2344],[-99.1448,19.2345],[-99.1448,19.2345],[-99.1447,19.2345],[-99.1445,19.2345],[-99.1448,19.2352],[-99.1450,19.2355],[-99.1459,19.2372],[-99.1462,19.2376],[-99.1462,19.2377],[-99.1463,19.2380],[-99.1470,19.2393],[-99.1472,19.2396],[-99.1473,19.2400],[-99.1475,19.2403],[-99.1474,19.2404],[-99.1471,19.2404],[-99.1470,19.2404],[-99.1469,19.2404],[-99.1467,19.2403],[-99.1466,19.2403],[-99.1465,19.2401],[-99.1464,19.2401],[-99.1464,19.2400],[-99.1464,19.2400],[-99.1463,19.2399],[-99.1462,19.2396],[-99.1462,19.2395],[-99.1462,19.2394],[-99.1461,19.2393],[-99.1461,19.2393],[-99.1456,19.2393],[-99.1453,19.2394],[-99.1451,19.2395],[-99.1444,19.2396],[-99.1442,19.2397],[-99.1440,19.2397],[-99.1439,19.2402],[-99.1439,19.2402],[-99.1439,19.2402],[-99.1439,19.2402],[-99.1440,19.2406],[-99.1440,19.2407],[-99.1440,19.2408],[-99.1440,19.2409],[-99.1440,19.2409],[-99.1440,19.2414],[-99.1440,19.2415],[-99.1440,19.2417],[-99.1441,19.2420],[-99.1441,19.2422],[-99.1441,19.2423],[-99.1441,19.2424],[-99.1441,19.2425],[-99.1441,19.2425],[-99.1441,19.2426],[-99.1441,19.2426],[-99.1441,19.2426],[-99.1441,19.2427],[-99.1442,19.2429],[-99.1442,19.2430],[-99.1442,19.2430],[-99.1442,19.2432],[-99.1442,19.2433],[-99.1442,19.2436],[-99.1443,19.2437],[-99.1443,19.2440],[-99.1443,19.2442],[-99.1443,19.2442],[-99.1442,19.2442],[-99.1442,19.2446],[-99.1443,19.2447],[-99.1437,19.2446],[-99.1433,19.2445],[-99.1433,19.2445],[-99.1423,19.2442],[-99.1422,19.2439],[-99.1422,19.2438],[-99.1421,19.2437],[-99.1420,19.2436],[-99.1417,19.2436],[-99.1417,19.2436],[-99.1417,19.2437],[-99.1417,19.2437],[-99.1417,19.2437],[-99.1416,19.2438],[-99.1411,19.2436],[-99.1411,19.2436],[-99.1410,19.2436],[-99.1404,19.2436],[-99.1403,19.2436],[-99.1403,19.2437],[-99.1402,19.2438],[-99.1402,19.2439],[-99.1400,19.2442],[-99.1396,19.2449],[-99.1389,19.2460],[-99.1390,19.2460],[-99.1393,19.2462],[-99.1394,19.2464],[-99.1396,19.2467],[-99.1397,19.2469],[-99.1398,19.2471],[-99.1400,19.2473],[-99.1402,19.2476],[-99.1403,19.2478],[-99.1404,19.2480],[-99.1405,19.2481],[-99.1406,19.2481],[-99.1408,19.2483],[-99.1410,19.2483],[-99.1411,19.2484],[-99.1414,19.2486],[-99.1416,19.2487],[-99.1417,19.2489],[-99.1417,19.2490],[-99.1417,19.2491],[-99.1417,19.2492],[-99.1417,19.2494],[-99.1417,19.2494],[-99.1417,19.2495],[-99.1417,19.2496],[-99.1417,19.2496],[-99.1417,19.2497],[-99.1417,19.2498],[-99.1416,19.2499],[-99.1416,19.2499],[-99.1416,19.2500],[-99.1415,19.2501],[-99.1414,19.2503],[-99.1414,19.2504],[-99.1413,19.2505],[-99.1413,19.2506],[-99.1413,19.2506],[-99.1413,19.2506],[-99.1411,19.2508],[-99.1411,19.2508],[-99.1410,19.2509],[-99.1410,19.2509],[-99.1410,19.2509],[-99.1409,19.2510],[-99.1409,19.2510],[-99.1408,19.2510],[-99.1408,19.2510],[-99.1407,19.2511],[-99.1407,19.2512],[-99.1407,19.2512],[-99.1406,19.2513],[-99.1405,19.2513],[-99.1405,19.2514],[-99.1405,19.2514],[-99.1405,19.2514],[-99.1405,19.2515],[-99.1405,19.2515],[-99.1404,19.2516],[-99.1403,19.2518],[-99.1402,19.2518],[-99.1402,19.2519],[-99.1402,19.2519],[-99.1402,19.2520],[-99.1402,19.2520],[-99.1401,19.2521],[-99.1401,19.2522],[-99.1401,19.2522],[-99.1401,19.2523],[-99.1402,19.2524],[-99.1402,19.2524],[-99.1402,19.2525],[-99.1402,19.2525],[-99.1402,19.2526],[-99.1401,19.2528],[-99.1401,19.2528],[-99.1401,19.2529],[-99.1400,19.2529],[-99.1400,19.2530],[-99.1399,19.2531],[-99.1399,19.2532],[-99.1398,19.2533],[-99.1398,19.2533],[-99.1398,19.2533],[-99.1397,19.2534],[-99.1397,19.2534],[-99.1397,19.2536],[-99.1396,19.2537],[-99.1396,19.2538],[-99.1396,19.2539],[-99.1395,19.2541],[-99.1395,19.2542],[-99.1395,19.2543],[-99.1394,19.2546],[-99.1394,19.2547],[-99.1395,19.2549],[-99.1396,19.2555],[-99.1397,19.2557],[-99.1398,19.2559],[-99.1400,19.2561],[-99.1400,19.2562],[-99.1400,19.2563],[-99.1401,19.2563],[-99.1402,19.2564],[-99.1404,19.2564],[-99.1405,19.2565],[-99.1405,19.2565],[-99.1406,19.2566],[-99.1407,19.2569],[-99.1408,19.2569],[-99.1408,19.2570],[-99.1408,19.2571],[-99.1406,19.2572],[-99.1405,19.2573],[-99.1403,19.2574],[-99.1403,19.2575],[-99.1402,19.2576],[-99.1402,19.2576],[-99.1402,19.2577],[-99.1402,19.2578],[-99.1402,19.2578],[-99.1402,19.2579],[-99.1402,19.2579],[-99.1403,19.2580],[-99.1403,19.2581],[-99.1405,19.2583],[-99.1406,19.2584],[-99.1408,19.2585],[-99.1409,19.2587],[-99.1409,19.2588],[-99.1411,19.2588],[-99.1412,19.2589],[-99.1413,19.2590],[-99.1414,19.2590],[-99.1415,19.2591],[-99.1416,19.2592],[-99.1417,19.2592],[-99.1418,19.2593],[-99.1419,19.2596],[-99.1420,19.2598],[-99.1421,19.2599],[-99.1422,19.2599],[-99.1423,19.2600],[-99.1424,19.2602],[-99.1424,19.2603],[-99.1424,19.2605],[-99.1424,19.2606],[-99.1424,19.2610],[-99.1424,19.2611],[-99.1424,19.2612],[-99.1423,19.2613],[-99.1423,19.2614],[-99.1422,19.2615],[-99.1421,19.2617],[-99.1421,19.2617],[-99.1421,19.2618],[-99.1421,19.2618],[-99.1423,19.2625],[-99.1423,19.2630],[-99.1423,19.2632],[-99.1424,19.2633],[-99.1424,19.2634],[-99.1424,19.2634],[-99.1424,19.2636],[-99.1424,19.2638],[-99.1424,19.2640],[-99.1424,19.2642],[-99.1424,19.2642],[-99.1425,19.2643],[-99.1425,19.2644],[-99.1425,19.2649],[-99.1424,19.2652],[-99.1424,19.2666],[-99.1425,19.2667],[-99.1433,19.2665],[-99.1432,19.2672],[-99.1434,19.2673],[-99.1436,19.2673],[-99.1439,19.2673],[-99.1441,19.2673],[-99.1449,19.2674],[-99.1449,19.2676],[-99.1448,19.2679],[-99.1447,19.2681],[-99.1447,19.2682],[-99.1446,19.2685],[-99.1444,19.2688],[-99.1439,19.2695],[-99.1438,19.2695],[-99.1436,19.2695],[-99.1434,19.2695],[-99.1432,19.2698],[-99.1431,19.2701],[-99.1430,19.2702],[-99.1429,19.2704],[-99.1428,19.2705],[-99.1426,19.2706],[-99.1425,19.2707],[-99.1424,19.2707],[-99.1422,19.2707],[-99.1421,19.2707],[-99.1420,19.2709],[-99.1419,19.2715],[-99.1418,19.2719],[-99.1416,19.2723],[-99.1414,19.2728],[-99.1412,19.2735],[-99.1411,19.2737],[-99.1421,19.2739],[-99.1420,19.2747],[-99.1420,19.2748],[-99.1419,19.2751],[-99.1418,19.2757],[-99.1417,19.2766],[-99.1416,19.2771],[-99.1416,19.2775],[-99.1415,19.2780],[-99.1415,19.2784],[-99.1414,19.2789],[-99.1415,19.2791],[-99.1415,19.2792],[-99.1413,19.2801],[-99.1412,19.2811],[-99.1412,19.2812],[-99.1411,19.2823],[-99.1411,19.2825],[-99.1409,19.2825],[-99.1402,19.2824],[-99.1397,19.2823],[-99.1393,19.2823],[-99.1389,19.2822],[-99.1386,19.2822],[-99.1379,19.2822],[-99.1375,19.2822],[-99.1370,19.2822],[-99.1365,19.2823],[-99.1359,19.2823],[-99.1351,19.2825],[-99.1340,19.2827],[-99.1325,19.2831],[-99.1320,19.2833],[-99.1319,19.2833],[-99.1314,19.2834],[-99.1308,19.2836],[-99.1308,19.2836],[-99.1304,19.2837],[-99.1295,19.2840],[-99.1291,19.2841],[-99.1283,19.2843],[-99.1276,19.2845],[-99.1257,19.2850],[-99.1254,19.2851],[-99.1252,19.2852],[-99.1250,19.2852],[-99.1249,19.2852],[-99.1243,19.2854],[-99.1239,19.2856],[-99.1222,19.2863],[-99.1216,19.2865],[-99.1179,19.2881],[-99.1157,19.2891],[-99.1149,19.2894],[-99.1145,19.2896],[-99.1128,19.2903],[-99.1116,19.2908],[-99.1104,19.2913],[-99.1103,19.2914],[-99.1093,19.2918],[-99.1081,19.2923],[-99.1062,19.2931],[-99.1057,19.2933],[-99.1057,19.2933],[-99.1050,19.2935],[-99.1046,19.2937],[-99.1044,19.2938],[-99.1040,19.2940],[-99.1038,19.2941],[-99.1029,19.2945],[-99.1027,19.2946],[-99.1022,19.2948],[-99.1014,19.2952],[-99.1013,19.2959],[-99.1013,19.2963],[-99.1012,19.2966],[-99.1009,19.3000],[-99.1009,19.3000],[-99.1009,19.3000],[-99.1009,19.3000],[-99.1010,19.3000],[-99.1013,19.3000],[-99.1021,19.3000],[-99.1029,19.2999],[-99.1038,19.2999],[-99.1040,19.2999],[-99.1045,19.2998],[-99.1047,19.2998],[-99.1049,19.2998],[-99.1050,19.2998],[-99.1054,19.2998],[-99.1056,19.2998],[-99.1061,19.2998],[-99.1064,19.2997],[-99.1066,19.2997],[-99.1071,19.2997],[-99.1073,19.2997],[-99.1074,19.2997],[-99.1082,19.2996],[-99.1084,19.2996],[-99.1088,19.2996],[-99.1092,19.2996],[-99.1092,19.2996],[-99.1092,19.2996],[-99.1094,19.2997],[-99.1099,19.2998],[-99.1103,19.2999],[-99.1114,19.3002],[-99.1120,19.3003],[-99.1125,19.3004],[-99.1130,19.3005],[-99.1137,19.3007],[-99.1143,19.3008],[-99.1156,19.3011],[-99.1157,19.3011],[-99.1162,19.3013],[-99.1168,19.3014],[-99.1174,19.3016],[-99.1178,19.3017],[-99.1198,19.3023],[-99.1209,19.3026],[-99.1220,19.3029],[-99.1224,19.3031],[-99.1230,19.3033],[-99.1241,19.3038],[-99.1246,19.3040],[-99.1247,19.3040],[-99.1248,19.3040],[-99.1250,19.3041],[-99.1261,19.3046],[-99.1268,19.3049],[-99.1271,19.3050],[-99.1273,19.3051],[-99.1276,19.3052],[-99.1278,19.3053],[-99.1283,19.3055],[-99.1289,19.3058],[-99.1295,19.3060],[-99.1300,19.3062],[-99.1300,19.3063],[-99.1305,19.3064],[-99.1310,19.3067],[-99.1315,19.3069],[-99.1319,19.3071],[-99.1325,19.3073],[-99.1328,19.3074],[-99.1342,19.3080],[-99.1347,19.3083],[-99.1347,19.3083],[-99.1347,19.3083],[-99.1356,19.3072],[-99.1361,19.3066],[-99.1364,19.3063],[-99.1371,19.3056],[-99.1377,19.3049],[-99.1379,19.3047],[-99.1381,19.3044],[-99.1383,19.3043],[-99.1384,19.3041],[-99.1386,19.3039],[-99.1387,19.3039],[-99.1388,19.3038],[-99.1389,19.3036],[-99.1390,19.3035],[-99.1393,19.3031],[-99.1394,19.3031],[-99.1394,19.3031],[-99.1397,19.3028],[-99.1397,19.3028],[-99.1401,19.3023],[-99.1402,19.3022],[-99.1402,19.3022],[-99.1405,19.3018],[-99.1407,19.3017],[-99.1409,19.3014],[-99.1409,19.3014],[-99.1413,19.3010],[-99.1418,19.3005],[-99.1421,19.3002],[-99.1424,19.2999],[-99.1426,19.2996],[-99.1426,19.2996],[-99.1426,19.2996],[-99.1434,19.2999],[-99.1438,19.3000],[-99.1441,19.3002],[-99.1445,19.3003],[-99.1446,19.3004],[-99.1447,19.3004],[-99.1451,19.3005],[-99.1452,19.3006],[-99.1456,19.3007],[-99.1459,19.3008],[-99.1461,19.3008],[-99.1461,19.3008],[-99.1466,19.3009],[-99.1466,19.3009],[-99.1469,19.3010],[-99.1470,19.3010],[-99.1471,19.3010],[-99.1471,19.3010],[-99.1471,19.3010],[-99.1474,19.3013],[-99.1474,19.3013],[-99.1474,19.3013],[-99.1474,19.3013],[-99.1476,19.3010],[-99.1479,19.3008],[-99.1482,19.3006],[-99.1483,19.3005],[-99.1488,19.3001],[-99.1496,19.2995],[-99.1501,19.2991],[-99.1506,19.2987],[-99.1507,19.2986],[-99.1511,19.2984],[-99.1514,19.2982],[-99.1515,19.2981],[-99.1516,19.2980],[-99.1518,19.2979],[-99.1519,19.2979],[-99.1521,19.2978],[-99.1538,19.2974],[-99.1546,19.2973],[-99.1552,19.2972],[-99.1553,19.2971],[-99.1560,19.2970],[-99.1564,19.2969],[-99.1567,19.2968],[-99.1567,19.2968],[-99.1567,19.2968],[-99.1567,19.2969],[-99.1568,19.2970],[-99.1573,19.2977],[-99.1575,19.2979],[-99.1579,19.2985],[-99.1584,19.2991],[-99.1587,19.2994],[-99.1589,19.2996],[-99.1590,19.2997],[-99.1594,19.3000],[-99.1597,19.3002],[-99.1600,19.3004],[-99.1602,19.3006],[-99.1608,19.3008],[-99.1613,19.3010],[-99.1616,19.3011],[-99.1616,19.3011],[-99.1620,19.3012],[-99.1623,19.3013],[-99.1626,19.3013],[-99.1627,19.3013],[-99.1629,19.3014],[-99.1632,19.3014],[-99.1633,19.3014],[-99.1638,19.3015],[-99.1643,19.3016],[-99.1649,19.3017],[-99.1655,19.3017],[-99.1656,19.3017],[-99.1659,19.3018],[-99.1660,19.3018],[-99.1665,19.3019],[-99.1666,19.3019],[-99.1673,19.3020],[-99.1673,19.3020],[-99.1673,19.3020],[-99.1676,19.3020],[-99.1676,19.3020],[-99.1676,19.3020],[-99.1679,19.3021],[-99.1682,19.3021],[-99.1685,19.3021],[-99.1690,19.3022],[-99.1691,19.3022],[-99.1697,19.3023],[-99.1698,19.3023],[-99.1698,19.3023],[-99.1698,19.3023],[-99.1698,19.3023],[-99.1698,19.3023],[-99.1699,19.3023],[-99.1702,19.3024],[-99.1702,19.3024],[-99.1702,19.3024],[-99.1703,19.3024],[-99.1704,19.3024],[-99.1704,19.3024],[-99.1709,19.3025],[-99.1715,19.3025],[-99.1715,19.3025],[-99.1715,19.3025],[-99.1715,19.3025],[-99.1715,19.3025],[-99.1715,19.3025],[-99.1715,19.3025],[-99.1715,19.3025],[-99.1715,19.3025],[-99.1717,19.3026],[-99.1717,19.3026],[-99.1722,19.3026],[-99.1729,19.3027],[-99.1734,19.3028],[-99.1741,19.3029],[-99.1747,19.3030],[-99.1753,19.3031],[-99.1759,19.3031],[-99.1765,19.3032],[-99.1768,19.3033],[-99.1768,19.3033],[-99.1771,19.3033],[-99.1771,19.3033],[-99.1771,19.3033],[-99.1773,19.3033],[-99.1774,19.3033],[-99.1786,19.3034],[-99.1793,19.3034],[-99.1794,19.3034],[-99.1799,19.3034],[-99.1804,19.3034],[-99.1807,19.3034],[-99.1813,19.3034],[-99.1814,19.3034],[-99.1823,19.3033],[-99.1828,19.3032],[-99.1832,19.3032],[-99.1836,19.3031],[-99.1842,19.3031],[-99.1858,19.3029],[-99.1860,19.3029],[-99.1862,19.3028],[-99.1881,19.3026],[-99.1883,19.3026],[-99.1896,19.3025],[-99.1916,19.3023],[-99.1929,19.3021],[-99.1935,19.3020],[-99.1940,19.3020],[-99.1945,19.3020],[-99.1948,19.3020],[-99.1950,19.3021],[-99.1951,19.3021],[-99.1951,19.3021],[-99.1951,19.3021],[-99.1951,19.3021],[-99.1952,19.3021],[-99.1953,19.3021],[-99.1954,19.3021],[-99.1954,19.3021],[-99.1955,19.3021],[-99.1960,19.3022],[-99.1963,19.3023],[-99.1967,19.3024],[-99.1972,19.3026],[-99.1978,19.3028],[-99.1981,19.3030],[-99.1985,19.3032],[-99.1987,19.3034],[-99.1991,19.3036],[-99.1995,19.3038],[-99.1999,19.3040],[-99.2002,19.3042],[-99.2013,19.3046],[-99.2022,19.3050],[-99.2027,19.3051],[-99.2032,19.3052],[-99.2036,19.3053],[-99.2044,19.3054],[-99.2046,19.3055],[-99.2050,19.3056],[-99.2057,19.3057],[-99.2058,19.3057],[-99.2085,19.3062],[-99.2093,19.3063],[-99.2100,19.3064],[-99.2115,19.3067],[-99.2133,19.3070],[-99.2138,19.3071],[-99.2144,19.3072],[-99.2149,19.3074],[-99.2154,19.3076],[-99.2159,19.3079],[-99.2164,19.3082],[-99.2166,19.3083],[-99.2169,19.3085],[-99.2172,19.3088],[-99.2178,19.3094],[-99.2179,19.3094],[-99.2182,19.3099],[-99.2189,19.3107],[-99.2190,19.3109],[-99.2192,19.3111],[-99.2194,19.3114],[-99.2197,19.3118],[-99.2198,19.3121],[-99.2199,19.3123],[-99.2205,19.3113],[-99.2206,19.3112],[-99.2207,19.3111],[-99.2207,19.3111],[-99.2210,19.3111],[-99.2213,19.3111],[-99.2217,19.3110],[-99.2230,19.3110],[-99.2239,19.3109],[-99.2241,19.3109],[-99.2246,19.3107],[-99.2249,19.3106],[-99.2250,19.3103],[-99.2252,19.3100],[-99.2269,19.3086],[-99.2272,19.3084],[-99.2274,19.3082],[-99.2276,19.3081],[-99.2277,19.3079],[-99.2277,19.3078],[-99.2277,19.3076],[-99.2276,19.3074],[-99.2276,19.3072],[-99.2277,19.3071],[-99.2277,19.3070],[-99.2277,19.3070],[-99.2279,19.3069],[-99.2280,19.3068],[-99.2281,19.3068],[-99.2287,19.3065],[-99.2289,19.3065],[-99.2294,19.3065],[-99.2295,19.3064],[-99.2298,19.3062],[-99.2299,19.3060],[-99.2302,19.3059],[-99.2304,19.3058],[-99.2306,19.3057],[-99.2309,19.3056],[-99.2312,19.3054],[-99.2317,19.3052],[-99.2319,19.3050],[-99.2319,19.3048],[-99.2320,19.3043],[-99.2320,19.3039],[-99.2320,19.3039],[-99.2322,19.3038],[-99.2323,19.3030],[-99.2325,19.3030],[-99.2326,19.3025],[-99.2330,19.3018],[-99.2322,19.3015],[-99.2324,19.3013],[-99.2328,19.3010],[-99.2329,19.3009],[-99.2333,19.3008],[-99.2334,19.3008],[-99.2334,19.3002],[-99.2334,19.3001],[-99.2332,19.3001],[-99.2331,19.3001],[-99.2328,19.3000],[-99.2327,19.2999],[-99.2327,19.2998],[-99.2328,19.2997],[-99.2328,19.2996],[-99.2328,19.2995],[-99.2328,19.2993],[-99.2328,19.2992],[-99.2327,19.2991],[-99.2327,19.2989],[-99.2327,19.2988],[-99.2327,19.2987],[-99.2327,19.2987],[-99.2327,19.2985],[-99.2327,19.2984],[-99.2326,19.2981],[-99.2325,19.2980],[-99.2325,19.2979],[-99.2325,19.2977],[-99.2326,19.2975],[-99.2332,19.2967],[-99.2333,19.2966],[-99.2335,19.2965],[-99.2336,19.2964],[-99.2338,19.2963],[-99.2340,19.2962],[-99.2341,19.2961],[-99.2342,19.2960],[-99.2344,19.2957],[-99.2345,19.2957],[-99.2345,19.2957],[-99.2346,19.2957],[-99.2347,19.2956],[-99.2348,19.2956],[-99.2349,19.2954],[-99.2351,19.2953],[-99.2353,19.2952],[-99.2354,19.2951],[-99.2355,19.2950],[-99.2356,19.2950],[-99.2357,19.2951],[-99.2358,19.2951],[-99.2360,19.2951],[-99.2361,19.2951],[-99.2362,19.2950],[-99.2361,19.2949],[-99.2360,19.2948],[-99.2359,19.2947],[-99.2359,19.2946],[-99.2359,19.2945],[-99.2360,19.2945],[-99.2361,19.2944],[-99.2364,19.2944],[-99.2365,19.2944],[-99.2367,19.2944],[-99.2369,19.2943],[-99.2371,19.2943],[-99.2372,19.2943],[-99.2375,19.2943],[-99.2376,19.2943],[-99.2378,19.2944],[-99.2379,19.2944],[-99.2380,19.2945],[-99.2380,19.2945],[-99.2380,19.2945],[-99.2380,19.2945],[-99.2386,19.2947],[-99.2386,19.2947],[-99.2387,19.2947],[-99.2394,19.2945],[-99.2397,19.2944],[-99.2398,19.2943],[-99.2400,19.2942],[-99.2401,19.2941],[-99.2402,19.2941],[-99.2402,19.2941],[-99.2403,19.2941],[-99.2404,19.2941],[-99.2405,19.2941],[-99.2406,19.2941],[-99.2406,19.2942],[-99.2407,19.2942],[-99.2408,19.2942],[-99.2408,19.2942],[-99.2409,19.2941],[-99.2411,19.2941],[-99.2412,19.2940],[-99.2414,19.2940],[-99.2415,19.2939],[-99.2415,19.2938],[-99.2415,19.2937],[-99.2416,19.2935],[-99.2418,19.2933],[-99.2419,19.2931],[-99.2415,19.2929],[-99.2423,19.2929],[-99.2423,19.2929],[-99.2426,19.2925],[-99.2427,19.2923],[-99.2428,19.2919],[-99.2429,19.2917],[-99.2430,19.2914],[-99.2428,19.2902],[-99.2428,19.2896],[-99.2428,19.2894],[-99.2427,19.2893],[-99.2425,19.2893],[-99.2424,19.2892],[-99.2423,19.2892],[-99.2421,19.2890],[-99.2419,19.2889],[-99.2418,19.2888],[-99.2416,19.2886],[-99.2415,19.2885],[-99.2413,19.2883],[-99.2411,19.2881],[-99.2410,19.2880],[-99.2410,19.2879],[-99.2410,19.2876],[-99.2410,19.2874],[-99.2408,19.2873],[-99.2408,19.2872],[-99.2408,19.2870],[-99.2409,19.2868],[-99.2410,19.2868],[-99.2411,19.2867],[-99.2412,19.2867],[-99.2413,19.2867],[-99.2415,19.2864],[-99.2416,19.2863],[-99.2417,19.2861],[-99.2417,19.2859],[-99.2418,19.2857],[-99.2419,19.2855],[-99.2419,19.2855],[-99.2420,19.2853],[-99.2423,19.2849],[-99.2424,19.2848],[-99.2427,19.2843],[-99.2427,19.2843],[-99.2429,19.2843],[-99.2429,19.2842],[-99.2430,19.2841],[-99.2429,19.2839],[-99.2429,19.2838],[-99.2426,19.2836],[-99.2423,19.2834],[-99.2421,19.2833],[-99.2420,19.2833],[-99.2420,19.2831],[-99.2420,19.2830],[-99.2420,19.2829],[-99.2421,19.2828],[-99.2428,19.2825],[-99.2429,19.2825],[-99.2431,19.2824],[-99.2432,19.2824],[-99.2433,19.2823],[-99.2433,19.2823],[-99.2433,19.2823],[-99.2434,19.2823],[-99.2435,19.2822],[-99.2436,19.2821],[-99.2436,19.2820],[-99.2436,19.2818],[-99.2435,19.2817],[-99.2434,19.2816],[-99.2433,19.2814],[-99.2433,19.2814],[-99.2433,19.2812],[-99.2434,19.2811],[-99.2435,19.2810],[-99.2436,19.2809],[-99.2437,19.2808],[-99.2438,19.2807],[-99.2439,19.2806],[-99.2440,19.2805],[-99.2441,19.2804],[-99.2442,19.2803],[-99.2443,19.2803],[-99.2444,19.2802],[-99.2446,19.2802],[-99.2449,19.2801],[-99.2449,19.2801],[-99.2449,19.2799],[-99.2448,19.2795],[-99.2448,19.2794],[-99.2448,19.2793],[-99.2448,19.2792],[-99.2448,19.2791],[-99.2448,19.2791],[-99.2449,19.2789],[-99.2450,19.2784],[-99.2451,19.2780],[-99.2453,19.2776],[-99.2454,19.2771],[-99.2454,19.2770],[-99.2454,19.2768],[-99.2453,19.2766],[-99.2452,19.2765],[-99.2449,19.2762],[-99.2448,19.2763],[-99.2446,19.2763],[-99.2445,19.2762],[-99.2442,19.2761],[-99.2441,19.2760],[-99.2440,19.2759],[-99.2438,19.2759],[-99.2435,19.2756],[-99.2435,19.2755],[-99.2435,19.2754],[-99.2435,19.2753],[-99.2435,19.2752],[-99.2436,19.2749],[-99.2437,19.2747],[-99.2439,19.2744],[-99.2439,19.2743],[-99.2440,19.2741],[-99.2442,19.2739],[-99.2443,19.2737],[-99.2444,19.2733],[-99.2446,19.2729],[-99.2445,19.2729],[-99.2445,19.2727],[-99.2443,19.2725],[-99.2441,19.2723],[-99.2440,19.2721],[-99.2438,19.2718],[-99.2438,19.2716],[-99.2437,19.2715],[-99.2437,19.2712],[-99.2437,19.2710],[-99.2436,19.2709],[-99.2436,19.2707],[-99.2436,19.2704],[-99.2436,19.2703],[-99.2436,19.2703],[-99.2435,19.2701],[-99.2435,19.2700],[-99.2435,19.2699],[-99.2435,19.2698],[-99.2435,19.2697],[-99.2436,19.2695],[-99.2437,19.2694],[-99.2439,19.2693],[-99.2439,19.2692],[-99.2442,19.2691],[-99.2445,19.2688],[-99.2448,19.2687],[-99.2448,19.2687],[-99.2449,19.2687],[-99.2450,19.2685],[-99.2450,19.2684],[-99.2452,19.2683],[-99.2453,19.2682],[-99.2453,19.2681],[-99.2453,19.2681],[-99.2454,19.2681],[-99.2454,19.2681],[-99.2454,19.2681],[-99.2454,19.2681],[-99.2454,19.2681],[-99.2454,19.2681],[-99.2458,19.2678],[-99.2459,19.2677],[-99.2459,19.2677],[-99.2460,19.2676],[-99.2460,19.2675],[-99.2461,19.2674],[-99.2461,19.2672],[-99.2461,19.2670],[-99.2460,19.2668],[-99.2459,19.2665],[-99.2460,19.2664],[-99.2460,19.2664],[-99.2460,19.2663],[-99.2461,19.2662],[-99.2464,19.2658],[-99.2467,19.2657],[-99.2470,19.2656],[-99.2470,19.2656],[-99.2470,19.2655],[-99.2471,19.2651],[-99.2471,19.2647],[-99.2470,19.2645],[-99.2464,19.2640],[-99.2459,19.2636],[-99.2456,19.2634],[-99.2455,19.2631],[-99.2455,19.2629],[-99.2456,19.2625],[-99.2456,19.2622],[-99.2457,19.2617],[-99.2457,19.2616],[-99.2459,19.2612],[-99.2462,19.2609],[-99.2463,19.2607],[-99.2465,19.2607],[-99.2468,19.2605],[-99.2472,19.2603],[-99.2472,19.2603],[-99.2472,19.2602],[-99.2468,19.2597],[-99.2463,19.2593],[-99.2460,19.2590],[-99.2459,19.2590],[-99.2457,19.2589],[-99.2456,19.2589],[-99.2454,19.2589],[-99.2453,19.2589],[-99.2451,19.2589],[-99.2449,19.2590],[-99.2448,19.2591],[-99.2446,19.2592],[-99.2444,19.2594],[-99.2443,19.2594],[-99.2441,19.2595],[-99.2440,19.2594],[-99.2439,19.2592],[-99.2439,19.2591],[-99.2439,19.2589],[-99.2439,19.2589],[-99.2444,19.2583],[-99.2445,19.2582],[-99.2450,19.2578],[-99.2453,19.2575],[-99.2454,19.2573],[-99.2454,19.2572],[-99.2453,19.2569],[-99.2452,19.2568],[-99.2451,19.2567],[-99.2450,19.2565],[-99.2449,19.2565],[-99.2448,19.2564],[-99.2448,19.2563],[-99.2449,19.2562],[-99.2449,19.2561],[-99.2450,19.2560],[-99.2451,19.2559],[-99.2451,19.2558],[-99.2452,19.2556],[-99.2452,19.2554],[-99.2452,19.2553],[-99.2452,19.2552],[-99.2452,19.2551],[-99.2452,19.2550],[-99.2451,19.2549],[-99.2449,19.2547],[-99.2449,19.2546],[-99.2448,19.2544],[-99.2448,19.2540],[-99.2447,19.2537],[-99.2447,19.2534],[-99.2446,19.2532],[-99.2446,19.2531],[-99.2446,19.2530],[-99.2446,19.2527],[-99.2446,19.2527],[-99.2446,19.2526],[-99.2447,19.2525],[-99.2448,19.2524],[-99.2448,19.2523],[-99.2450,19.2518],[-99.2452,19.2513],[-99.2453,19.2510],[-99.2452,19.2508],[-99.2452,19.2506],[-99.2452,19.2505],[-99.2452,19.2504],[-99.2453,19.2503],[-99.2453,19.2502],[-99.2458,19.2498],[-99.2459,19.2497],[-99.2461,19.2496],[-99.2463,19.2495],[-99.2465,19.2495],[-99.2466,19.2494],[-99.2467,19.2493],[-99.2468,19.2492],[-99.2470,19.2491],[-99.2474,19.2489],[-99.2475,19.2487],[-99.2475,19.2485],[-99.2476,19.2483],[-99.2476,19.2481],[-99.2477,19.2479],[-99.2476,19.2476],[-99.2476,19.2475],[-99.2477,19.2473],[-99.2478,19.2471],[-99.2478,19.2470],[-99.2479,19.2469],[-99.2480,19.2467],[-99.2482,19.2468],[-99.2483,19.2468],[-99.2486,19.2468],[-99.2489,19.2467],[-99.2491,19.2466],[-99.2492,19.2465],[-99.2494,19.2464],[-99.2496,19.2463],[-99.2496,19.2462],[-99.2496,19.2461],[-99.2496,19.2459],[-99.2498,19.2457],[-99.2499,19.2457],[-99.2502,19.2457],[-99.2504,19.2457],[-99.2504,19.2454],[-99.2505,19.2452],[-99.2502,19.2449],[-99.2501,19.2448],[-99.2501,19.2447],[-99.2502,19.2446],[-99.2504,19.2445],[-99.2506,19.2443],[-99.2509,19.2440],[-99.2510,19.2438],[-99.2512,19.2434],[-99.2513,19.2432],[-99.2515,19.2429],[-99.2518,19.2424],[-99.2518,19.2420],[-99.2516,19.2417],[-99.2514,19.2415],[-99.2512,19.2413],[-99.2510,19.2409],[-99.2510,19.2405],[-99.2515,19.2401],[-99.2518,19.2395],[-99.2519,19.2390],[-99.2520,19.2386],[-99.2522,19.2384],[-99.2524,19.2382],[-99.2527,19.2378],[-99.2529,19.2376],[-99.2528,19.2372],[-99.2527,19.2366],[-99.2527,19.2361],[-99.2528,19.2357],[-99.2529,19.2355],[-99.2531,19.2351],[-99.2534,19.2348],[-99.2540,19.2344],[-99.2544,19.2341],[-99.2547,19.2339],[-99.2551,19.2337],[-99.2556,19.2332],[-99.2560,19.2328],[-99.2561,19.2325],[-99.2564,19.2325],[-99.2570,19.2325],[-99.2573,19.2325],[-99.2575,19.2321],[-99.2576,19.2318],[-99.2579,19.2316],[-99.2581,19.2313],[-99.2584,19.2310],[-99.2586,19.2308],[-99.2589,19.2305],[-99.2600,19.2299],[-99.2603,19.2297],[-99.2609,19.2294],[-99.2613,19.2293],[-99.2616,19.2293],[-99.2620,19.2292],[-99.2624,19.2291],[-99.2627,19.2290],[-99.2633,19.2286],[-99.2638,19.2285],[-99.2640,19.2282],[-99.2651,19.2274],[-99.2651,19.2272],[-99.2653,19.2271],[-99.2656,19.2271],[-99.2658,19.2270],[-99.2660,19.2270],[-99.2662,19.2269],[-99.2665,19.2268],[-99.2669,19.2265],[-99.2677,19.2259],[-99.2682,19.2256],[-99.2686,19.2251],[-99.2691,19.2247],[-99.2695,19.2245],[-99.2698,19.2244],[-99.2705,19.2243],[-99.2707,19.2242],[-99.2708,19.2240],[-99.2709,19.2237],[-99.2711,19.2235],[-99.2713,19.2234],[-99.2715,19.2234],[-99.2717,19.2231],[-99.2720,19.2229],[-99.2723,19.2227],[-99.2726,19.2221],[-99.2730,19.2218],[-99.2736,19.2216],[-99.2738,19.2214],[-99.2740,19.2212],[-99.2742,19.2210],[-99.2742,19.2207],[-99.2741,19.2204],[-99.2740,19.2201],[-99.2740,19.2197],[-99.2740,19.2195],[-99.2741,19.2189],[-99.2741,19.2186],[-99.2741,19.2185],[-99.2742,19.2183],[-99.2742,19.2182],[-99.2744,19.2181],[-99.2745,19.2179],[-99.2746,19.2175],[-99.2753,19.2171],[-99.2757,19.2168],[-99.2759,19.2166],[-99.2760,19.2165],[-99.2762,19.2164],[-99.2763,19.2164],[-99.2763,19.2160],[-99.2764,19.2158],[-99.2764,19.2157],[-99.2765,19.2157],[-99.2766,19.2156],[-99.2766,19.2156],[-99.2767,19.2155],[-99.2767,19.2154],[-99.2768,19.2153],[-99.2772,19.2148],[-99.2773,19.2147],[-99.2775,19.2147],[-99.2775,19.2147],[-99.2775,19.2147],[-99.2776,19.2147],[-99.2776,19.2146],[-99.2777,19.2146],[-99.2777,19.2145],[-99.2779,19.2145],[-99.2780,19.2145],[-99.2780,19.2145],[-99.2781,19.2144],[-99.2782,19.2143],[-99.2786,19.2142],[-99.2788,19.2141],[-99.2794,19.2140],[-99.2796,19.2139],[-99.2799,19.2138],[-99.2802,19.2137],[-99.2803,19.2136],[-99.2806,19.2137],[-99.2808,19.2136],[-99.2809,19.2137],[-99.2810,19.2137],[-99.2810,19.2137],[-99.2811,19.2137],[-99.2813,19.2136],[-99.2816,19.2135],[-99.2819,19.2134],[-99.2821,19.2132],[-99.2824,19.2131],[-99.2831,19.2131],[-99.2833,19.2132],[-99.2834,19.2132],[-99.2835,19.2134],[-99.2837,19.2135],[-99.2839,19.2136],[-99.2841,19.2137],[-99.2844,19.2136],[-99.2846,19.2137],[-99.2846,19.2137],[-99.2847,19.2136],[-99.2848,19.2136],[-99.2850,19.2135],[-99.2851,19.2135],[-99.2852,19.2134],[-99.2853,19.2133],[-99.2854,19.2133],[-99.2856,19.2133],[-99.2860,19.2133],[-99.2863,19.2133],[-99.2865,19.2133],[-99.2868,19.2132],[-99.2871,19.2132],[-99.2875,19.2131],[-99.2878,19.2131],[-99.2880,19.2132],[-99.2882,19.2133],[-99.2886,19.2136],[-99.2887,19.2137],[-99.2889,19.2138],[-99.2891,19.2138],[-99.2892,19.2138],[-99.2894,19.2137],[-99.2899,19.2139],[-99.2903,19.2141],[-99.2906,19.2143],[-99.2911,19.2145],[-99.2914,19.2146],[-99.2918,19.2143],[-99.2924,19.2138],[-99.2928,19.2138],[-99.2932,19.2139],[-99.2934,19.2141],[-99.2936,19.2143],[-99.2936,19.2143],[-99.2937,19.2144],[-99.2938,19.2145],[-99.2938,19.2146],[-99.2939,19.2146],[-99.2941,19.2148],[-99.2942,19.2149],[-99.2943,19.2150],[-99.2944,19.2151],[-99.2947,19.2152],[-99.2948,19.2152],[-99.2949,19.2153],[-99.2951,19.2155],[-99.2953,19.2160],[-99.2955,19.2163],[-99.2958,19.2168],[-99.2961,19.2171],[-99.2964,19.2175],[-99.2967,19.2178],[-99.2970,19.2178],[-99.2974,19.2179],[-99.2978,19.2181],[-99.2981,19.2181],[-99.2986,19.2179],[-99.2992,19.2177],[-99.2998,19.2177],[-99.3003,19.2177],[-99.3005,19.2180],[-99.3010,19.2182],[-99.3014,19.2182],[-99.3015,19.2183],[-99.3020,19.2186],[-99.3025,19.2190],[-99.3027,19.2193],[-99.3031,19.2196],[-99.3032,19.2198],[-99.3034,19.2201],[-99.3037,19.2203],[-99.3040,19.2206],[-99.3047,19.2213],[-99.3054,19.2220],[-99.3057,19.2222],[-99.3060,19.2224],[-99.3065,19.2224],[-99.3071,19.2228],[-99.3078,19.2232],[-99.3081,19.2234],[-99.3084,19.2235],[-99.3086,19.2236],[-99.3089,19.2239],[-99.3092,19.2243],[-99.3094,19.2246],[-99.3096,19.2247],[-99.3100,19.2248],[-99.3105,19.2252],[-99.3108,19.2252],[-99.3110,19.2254],[-99.3112,19.2255],[-99.3113,19.2256],[-99.3114,19.2257],[-99.3117,19.2259],[-99.3120,19.2259],[-99.3123,19.2260],[-99.3127,19.2260],[-99.3130,19.2258],[-99.3133,19.2260],[-99.3136,19.2262],[-99.3140,19.2265],[-99.3145,19.2266],[-99.3147,19.2267],[-99.3151,19.2269],[-99.3156,19.2274],[-99.3161,19.2226],[-99.3162,19.2215],[-99.3134,19.2190],[-99.3123,19.2180],[-99.3083,19.2145],[-99.3081,19.2144],[-99.3071,19.2137],[-99.3068,19.2111],[-99.3061,19.2061],[-99.3047,19.2026],[-99.3044,19.2005],[-99.3040,19.1983],[-99.3039,19.1972],[-99.3032,19.1937],[-99.3028,19.1909],[-99.3013,19.1884],[-99.3002,19.1846],[-99.2956,19.1729],[-99.2931,19.1653],[-99.2876,19.1466],[-99.2853,19.1428],[-99.2826,19.1382],[-99.2801,19.1341],[-99.2787,19.1317],[-99.2268,19.0961],[-99.1365,19.0894]]]},"properties":{"cvegeo":"09012","match":"Municipality","name":"Tlalpan","state":"Ciudad de México","municipality":"Tlalpan","city":null,"neighborhood":null,"category":"Alcaldía","type":null,"postalcode":null,"population":"699928","dwellings":"224761","occupied_dwellings":null,"pricem2":null,"propertyprice":null,"ids_prom":"0.230","nse":"C+","nse_label":"C+ (18%)","nse_score":"4.376","nse_ab":"32325","nse_cplus":"36523","nse_c":"31285","nse_cminus":"29143","nse_dplus":"24621","nse_d":"36019","nse_e":"9825","nse_total":"199741","nse_ab_pct":"16.18","nse_cplus_pct":"18.29","nse_c_pct":"15.66","nse_cminus_pct":"14.59","nse_dplus_pct":"12.33","nse_d_pct":"18.03","nse_e_pct":"4.92"}},{"type":"Feature","geometry":{"type":"Polygon","coordinates":[[[-99.1302,19.1525],[-99.1191,19.1729],[-99.1187,19.1737],[-99.1134,19.1833],[-99.1127,19.1847],[-99.1123,19.1853],[-99.1117,19.1865],[-99.1115,19.1868],[-99.1103,19.1890],[-99.1091,19.1912],[-99.1090,19.1913],[-99.1088,19.1917],[-99.1086,19.1921],[-99.1084,19.1924],[-99.1081,19.1930],[-99.1069,19.1951],[-99.1069,19.1952],[-99.1067,19.1955],[-99.1067,19.1955],[-99.1067,19.1956],[-99.1065,19.1959],[-99.1065,19.1959],[-99.1065,19.1959],[-99.1063,19.1963],[-99.1063,19.1963],[-99.1063,19.1963],[-99.1060,19.1969],[-99.1060,19.1969],[-99.1060,19.1969],[-99.1058,19.1972],[-99.1058,19.1972],[-99.1058,19.1972],[-99.1058,19.1972],[-99.1058,19.1973],[-99.1057,19.1973],[-99.1057,19.1973],[-99.1057,19.1973],[-99.1055,19.1977],[-99.1055,19.1977],[-99.1055,19.1977],[-99.1055,19.1977],[-99.1055,19.1977],[-99.1053,19.1980],[-99.1053,19.1981],[-99.1053,19.1981],[-99.1053,19.1981],[-99.1053,19.1981],[-99.1053,19.1981],[-99.1052,19.1983],[-99.1048,19.1982],[-99.1047,19.1982],[-99.1047,19.1983],[-99.1046,19.1983],[-99.1046,19.1984],[-99.1046,19.1984],[-99.1046,19.1984],[-99.1047,19.1985],[-99.1048,19.1986],[-99.1048,19.1987],[-99.1049,19.1988],[-99.1048,19.1989],[-99.1048,19.1990],[-99.1047,19.1990],[-99.1042,19.1994],[-99.1041,19.1994],[-99.1041,19.1994],[-99.1033,19.1999],[-99.1031,19.2000],[-99.1026,19.2003],[-99.1024,19.2005],[-99.1023,19.2006],[-99.1022,19.2007],[-99.1022,19.2008],[-99.1021,19.2011],[-99.1021,19.2016],[-99.1021,19.2018],[-99.1020,19.2023],[-99.1020,19.2026],[-99.1019,19.2034],[-99.1019,19.2038],[-99.1019,19.2042],[-99.1019,19.2044],[-99.1018,19.2046],[-99.1018,19.2047],[-99.1018,19.2048],[-99.1017,19.2048],[-99.1017,19.2049],[-99.1016,19.2050],[-99.1011,19.2055],[-99.1010,19.2057],[-99.1010,19.2057],[-99.1009,19.2058],[-99.1008,19.2059],[-99.1007,19.2060],[-99.1006,19.2060],[-99.1006,19.2060],[-99.1004,19.2061],[-99.1003,19.2061],[-99.1002,19.2062],[-99.1001,19.2062],[-99.1001,19.2063],[-99.1001,19.2064],[-99.1000,19.2065],[-99.1000,19.2070],[-99.1000,19.2071],[-99.1000,19.2073],[-99.0999,19.2074],[-99.0998,19.2075],[-99.0994,19.2080],[-99.0993,19.2081],[-99.0993,19.2081],[-99.0992,19.2081],[-99.0992,19.2082],[-99.0991,19.2082],[-99.0990,19.2082],[-99.0989,19.2082],[-99.0989,19.2082],[-99.0988,19.2082],[-99.0985,19.2082],[-99.0984,19.2082],[-99.0984,19.2082],[-99.0983,19.2082],[-99.0981,19.2083],[-99.0980,19.2083],[-99.0979,19.2083],[-99.0971,19.2086],[-99.0970,19.2086],[-99.0969,19.2087],[-99.0968,19.2087],[-99.0967,19.2087],[-99.0966,19.2087],[-99.0964,19.2086],[-99.0963,19.2086],[-99.0961,19.2086],[-99.0960,19.2086],[-99.0959,19.2086],[-99.0958,19.2086],[-99.0957,19.2086],[-99.0956,19.2087],[-99.0956,19.2088],[-99.0954,19.2090],[-99.0953,19.2093],[-99.0952,19.2094],[-99.0951,19.2096],[-99.0951,19.2097],[-99.0951,19.2101],[-99.0950,19.2111],[-99.0950,19.2112],[-99.0949,19.2112],[-99.0949,19.2113],[-99.0948,19.2114],[-99.0947,19.2114],[-99.0947,19.2115],[-99.0946,19.2115],[-99.0945,19.2116],[-99.0944,19.2116],[-99.0943,19.2115],[-99.0942,19.2115],[-99.0941,19.2114],[-99.0940,19.2113],[-99.0938,19.2111],[-99.0937,19.2111],[-99.0935,19.2110],[-99.0934,19.2110],[-99.0932,19.2109],[-99.0929,19.2109],[-99.0924,19.2109],[-99.0921,19.2109],[-99.0917,19.2109],[-99.0910,19.2110],[-99.0909,19.2110],[-99.0909,19.2110],[-99.0909,19.2110],[-99.0909,19.2110],[-99.0907,19.2111],[-99.0894,19.2114],[-99.0893,19.2114],[-99.0893,19.2114],[-99.0890,19.2114],[-99.0885,19.2115],[-99.0884,19.2116],[-99.0882,19.2116],[-99.0865,19.2120],[-99.0863,19.2120],[-99.0857,19.2121],[-99.0844,19.2124],[-99.0842,19.2124],[-99.0838,19.2125],[-99.0836,19.2125],[-99.0835,19.2126],[-99.0831,19.2127],[-99.0825,19.2128],[-99.0821,19.2129],[-99.0820,19.2129],[-99.0814,19.2130],[-99.0809,19.2131],[-99.0804,19.2132],[-99.0801,19.2133],[-99.0794,19.2134],[-99.0788,19.2135],[-99.0787,19.2136],[-99.0785,19.2136],[-99.0781,19.2137],[-99.0778,19.2138],[-99.0777,19.2138],[-99.0768,19.2140],[-99.0758,19.2142],[-99.0736,19.2146],[-99.0723,19.2149],[-99.0711,19.2152],[-99.0691,19.2156],[-99.0678,19.2158],[-99.0673,19.2159],[-99.0663,19.2161],[-99.0658,19.2162],[-99.0643,19.2166],[-99.0632,19.2168],[-99.0605,19.2173],[-99.0602,19.2174],[-99.0592,19.2176],[-99.0582,19.2178],[-99.0567,19.2181],[-99.0564,19.2182],[-99.0560,19.2183],[-99.0538,19.2187],[-99.0531,19.2189],[-99.0524,19.2190],[-99.0524,19.2190],[-99.0495,19.2196],[-99.0491,19.2197],[-99.0483,19.2199],[-99.0479,19.2200],[-99.0478,19.2200],[-99.0477,19.2200],[-99.0468,19.2202],[-99.0467,19.2202],[-99.0466,19.2202],[-99.0454,19.2205],[-99.0430,19.2210],[-99.0428,19.2210],[-99.0425,19.2211],[-99.0422,19.2211],[-99.0418,19.2212],[-99.0411,19.2214],[-99.0401,19.2216],[-99.0380,19.2220],[-99.0376,19.2221],[-99.0369,19.2222],[-99.0367,19.2223],[-99.0364,19.2223],[-99.0363,19.2224],[-99.0358,19.2225],[-99.0352,19.2226],[-99.0341,19.2228],[-99.0329,19.2231],[-99.0302,19.2236],[-99.0279,19.2263],[-99.0182,19.2377],[-99.0179,19.2382],[-99.0178,19.2385],[-99.0177,19.2385],[-99.0177,19.2385],[-99.0177,19.2386],[-99.0177,19.2386],[-99.0176,19.2386],[-99.0172,19.2390],[-99.0172,19.2390],[-99.0170,19.2393],[-99.0170,19.2393],[-99.0168,19.2395],[-99.0168,19.2395],[-99.0167,19.2396],[-99.0167,19.2396],[-99.0167,19.2396],[-99.0167,19.2396],[-99.0165,19.2398],[-99.0165,19.2398],[-99.0157,19.2405],[-99.0157,19.2406],[-99.0156,19.2407],[-99.0156,19.2408],[-99.0155,19.2409],[-99.0154,19.2410],[-99.0154,19.2410],[-99.0153,19.2414],[-99.0151,19.2419],[-99.0150,19.2421],[-99.0150,19.2423],[-99.0149,19.2425],[-99.0148,19.2426],[-99.0146,19.2429],[-99.0145,19.2432],[-99.0144,19.2433],[-99.0144,19.2434],[-99.0144,19.2435],[-99.0143,19.2436],[-99.0143,19.2436],[-99.0142,19.2440],[-99.0142,19.2441],[-99.0141,19.2441],[-99.0141,19.2442],[-99.0141,19.2444],[-99.0141,19.2444],[-99.0141,19.2444],[-99.0140,19.2446],[-99.0140,19.2447],[-99.0140,19.2449],[-99.0140,19.2449],[-99.0139,19.2451],[-99.0128,19.2448],[-99.0126,19.2447],[-99.0125,19.2450],[-99.0127,19.2451],[-99.0125,19.2459],[-99.0124,19.2461],[-99.0124,19.2464],[-99.0123,19.2465],[-99.0112,19.2461],[-99.0111,19.2461],[-99.0111,19.2462],[-99.0111,19.2465],[-99.0111,19.2467],[-99.0108,19.2470],[-99.0106,19.2470],[-99.0105,19.2471],[-99.0105,19.2471],[-99.0104,19.2473],[-99.0101,19.2477],[-99.0098,19.2483],[-99.0098,19.2485],[-99.0098,19.2485],[-99.0097,19.2487],[-99.0096,19.2491],[-99.0095,19.2494],[-99.0095,19.2494],[-99.0095,19.2494],[-99.0094,19.2497],[-99.0092,19.2500],[-99.0091,19.2503],[-99.0089,19.2507],[-99.0088,19.2507],[-99.0087,19.2508],[-99.0084,19.2507],[-99.0083,19.2507],[-99.0079,19.2505],[-99.0077,19.2510],[-99.0075,19.2508],[-99.0075,19.2508],[-99.0074,19.2509],[-99.0073,19.2512],[-99.0070,19.2516],[-99.0076,19.2522],[-99.0078,19.2523],[-99.0081,19.2527],[-99.0083,19.2529],[-99.0086,19.2532],[-99.0092,19.2539],[-99.0098,19.2545],[-99.0099,19.2545],[-99.0107,19.2553],[-99.0108,19.2555],[-99.0110,19.2556],[-99.0113,19.2557],[-99.0113,19.2556],[-99.0117,19.2560],[-99.0118,19.2562],[-99.0118,19.2567],[-99.0119,19.2568],[-99.0120,19.2570],[-99.0122,19.2572],[-99.0125,19.2576],[-99.0127,19.2578],[-99.0128,19.2579],[-99.0128,19.2580],[-99.0130,19.2581],[-99.0130,19.2581],[-99.0132,19.2582],[-99.0134,19.2584],[-99.0137,19.2585],[-99.0139,19.2586],[-99.0142,19.2587],[-99.0144,19.2588],[-99.0149,19.2590],[-99.0152,19.2592],[-99.0154,19.2592],[-99.0156,19.2593],[-99.0156,19.2594],[-99.0160,19.2596],[-99.0161,19.2597],[-99.0161,19.2597],[-99.0162,19.2598],[-99.0164,19.2599],[-99.0165,19.2599],[-99.0165,19.2600],[-99.0166,19.2600],[-99.0166,19.2600],[-99.0169,19.2601],[-99.0169,19.2601],[-99.0173,19.2602],[-99.0173,19.2602],[-99.0174,19.2603],[-99.0176,19.2603],[-99.0179,19.2605],[-99.0187,19.2607],[-99.0188,19.2608],[-99.0189,19.2608],[-99.0190,19.2609],[-99.0190,19.2609],[-99.0190,19.2609],[-99.0191,19.2609],[-99.0193,19.2610],[-99.0197,19.2612],[-99.0198,19.2610],[-99.0201,19.2610],[-99.0203,19.2609],[-99.0205,19.2609],[-99.0208,19.2610],[-99.0210,19.2610],[-99.0211,19.2610],[-99.0213,19.2611],[-99.0215,19.2611],[-99.0218,19.2612],[-99.0218,19.2612],[-99.0220,19.2612],[-99.0225,19.2614],[-99.0229,19.2615],[-99.0233,19.2616],[-99.0236,19.2616],[-99.0240,19.2617],[-99.0241,19.2618],[-99.0244,19.2618],[-99.0248,19.2619],[-99.0251,19.2620],[-99.0254,19.2621],[-99.0258,19.2622],[-99.0260,19.2619],[-99.0265,19.2618],[-99.0269,19.2618],[-99.0271,19.2619],[-99.0272,19.2618],[-99.0279,19.2622],[-99.0293,19.2624],[-99.0296,19.2625],[-99.0298,19.2626],[-99.0303,19.2629],[-99.0304,19.2631],[-99.0305,19.2633],[-99.0305,19.2642],[-99.0308,19.2646],[-99.0311,19.2649],[-99.0327,19.2667],[-99.0330,19.2671],[-99.0337,19.2677],[-99.0341,19.2681],[-99.0344,19.2684],[-99.0346,19.2687],[-99.0354,19.2698],[-99.0357,19.2703],[-99.0359,19.2706],[-99.0365,19.2710],[-99.0373,19.2717],[-99.0375,19.2718],[-99.0376,19.2718],[-99.0384,19.2720],[-99.0386,19.2721],[-99.0395,19.2727],[-99.0402,19.2731],[-99.0404,19.2733],[-99.0415,19.2738],[-99.0451,19.2749],[-99.0473,19.2756],[-99.0483,19.2760],[-99.0506,19.2775],[-99.0506,19.2775],[-99.0524,19.2785],[-99.0539,19.2791],[-99.0545,19.2794],[-99.0548,19.2794],[-99.0552,19.2795],[-99.0561,19.2795],[-99.0568,19.2795],[-99.0576,19.2796],[-99.0586,19.2799],[-99.0597,19.2803],[-99.0644,19.2820],[-99.0646,19.2821],[-99.0683,19.2844],[-99.0690,19.2850],[-99.0692,19.2851],[-99.0699,19.2857],[-99.0714,19.2871],[-99.0715,19.2872],[-99.0722,19.2878],[-99.0724,19.2879],[-99.0741,19.2891],[-99.0745,19.2894],[-99.0749,19.2897],[-99.0752,19.2901],[-99.0759,19.2910],[-99.0772,19.2928],[-99.0773,19.2930],[-99.0777,19.2932],[-99.0780,19.2935],[-99.0787,19.2942],[-99.0790,19.2946],[-99.0792,19.2949],[-99.0797,19.2955],[-99.0800,19.2958],[-99.0804,19.2962],[-99.0823,19.2986],[-99.0832,19.2997],[-99.0834,19.3001],[-99.0836,19.3004],[-99.0838,19.3007],[-99.0841,19.3010],[-99.0844,19.3014],[-99.0845,19.3015],[-99.0846,19.3017],[-99.0849,19.3020],[-99.0851,19.3023],[-99.0854,19.3026],[-99.0856,19.3029],[-99.0859,19.3032],[-99.0862,19.3035],[-99.0863,19.3036],[-99.0867,19.3038],[-99.0872,19.3041],[-99.0872,19.3042],[-99.0875,19.3045],[-99.0877,19.3047],[-99.0877,19.3047],[-99.0879,19.3053],[-99.0879,19.3053],[-99.0881,19.3056],[-99.0883,19.3058],[-99.0884,19.3059],[-99.0884,19.3059],[-99.0884,19.3060],[-99.0885,19.3061],[-99.0886,19.3062],[-99.0887,19.3062],[-99.0888,19.3064],[-99.0890,19.3065],[-99.0890,19.3066],[-99.0890,19.3066],[-99.0892,19.3069],[-99.0893,19.3069],[-99.0894,19.3070],[-99.0895,19.3071],[-99.0896,19.3073],[-99.0896,19.3074],[-99.0897,19.3075],[-99.0898,19.3076],[-99.0899,19.3077],[-99.0900,19.3079],[-99.0903,19.3081],[-99.0904,19.3082],[-99.0904,19.3082],[-99.0905,19.3084],[-99.0906,19.3085],[-99.0908,19.3088],[-99.0908,19.3088],[-99.0908,19.3088],[-99.0912,19.3093],[-99.0914,19.3096],[-99.0914,19.3096],[-99.0917,19.3100],[-99.0918,19.3101],[-99.0919,19.3102],[-99.0920,19.3102],[-99.0922,19.3106],[-99.0923,19.3106],[-99.0923,19.3107],[-99.0924,19.3108],[-99.0926,19.3110],[-99.0927,19.3111],[-99.0927,19.3111],[-99.0927,19.3111],[-99.0928,19.3113],[-99.0931,19.3115],[-99.0932,19.3117],[-99.0932,19.3118],[-99.0934,19.3120],[-99.0936,19.3122],[-99.0939,19.3127],[-99.0941,19.3129],[-99.0943,19.3128],[-99.0950,19.3137],[-99.0959,19.3148],[-99.0968,19.3160],[-99.0974,19.3168],[-99.0977,19.3172],[-99.0982,19.3180],[-99.0984,19.3183],[-99.0986,19.3186],[-99.0987,19.3187],[-99.0987,19.3188],[-99.0986,19.3190],[-99.0985,19.3190],[-99.0987,19.3196],[-99.0988,19.3204],[-99.0991,19.3204],[-99.0991,19.3204],[-99.0993,19.3204],[-99.0994,19.3193],[-99.0996,19.3163],[-99.0997,19.3155],[-99.0999,19.3130],[-99.1001,19.3099],[-99.1002,19.3078],[-99.1003,19.3067],[-99.1003,19.3066],[-99.1003,19.3065],[-99.1005,19.3045],[-99.1006,19.3027],[-99.1008,19.3013],[-99.1009,19.3000],[-99.1009,19.3000],[-99.1012,19.2966],[-99.1013,19.2963],[-99.1013,19.2959],[-99.1014,19.2952],[-99.1022,19.2948],[-99.1027,19.2946],[-99.1029,19.2945],[-99.1038,19.2941],[-99.1040,19.2940],[-99.1044,19.2938],[-99.1046,19.2937],[-99.1050,19.2935],[-99.1057,19.2933],[-99.1057,19.2933],[-99.1062,19.2931],[-99.1081,19.2923],[-99.1093,19.2918],[-99.1103,19.2914],[-99.1104,19.2913],[-99.1116,19.2908],[-99.1128,19.2903],[-99.1145,19.2896],[-99.1149,19.2894],[-99.1157,19.2891],[-99.1179,19.2881],[-99.1216,19.2865],[-99.1222,19.2863],[-99.1239,19.2856],[-99.1243,19.2854],[-99.1249,19.2852],[-99.1250,19.2852],[-99.1252,19.2852],[-99.1254,19.2851],[-99.1257,19.2850],[-99.1276,19.2845],[-99.1283,19.2843],[-99.1291,19.2841],[-99.1295,19.2840],[-99.1304,19.2837],[-99.1308,19.2836],[-99.1308,19.2836],[-99.1314,19.2834],[-99.1319,19.2833],[-99.1320,19.2833],[-99.1325,19.2831],[-99.1340,19.2827],[-99.1351,19.2825],[-99.1359,19.2823],[-99.1365,19.2823],[-99.1370,19.2822],[-99.1375,19.2822],[-99.1379,19.2822],[-99.1386,19.2822],[-99.1389,19.2822],[-99.1393,19.2823],[-99.1397,19.2823],[-99.1402,19.2824],[-99.1409,19.2825],[-99.1411,19.2825],[-99.1411,19.2823],[-99.1412,19.2812],[-99.1412,19.2811],[-99.1413,19.2801],[-99.1415,19.2792],[-99.1415,19.2791],[-99.1414,19.2789],[-99.1415,19.2784],[-99.1415,19.2780],[-99.1416,19.2775],[-99.1416,19.2771],[-99.1417,19.2766],[-99.1418,19.2757],[-99.1419,19.2751],[-99.1420,19.2748],[-99.1420,19.2747],[-99.1421,19.2739],[-99.1411,19.2737],[-99.1412,19.2735],[-99.1414,19.2728],[-99.1416,19.2723],[-99.1418,19.2719],[-99.1419,19.2715],[-99.1420,19.2709],[-99.1421,19.2707],[-99.1422,19.2707],[-99.1424,19.2707],[-99.1425,19.2707],[-99.1426,19.2706],[-99.1428,19.2705],[-99.1429,19.2704],[-99.1430,19.2702],[-99.1431,19.2701],[-99.1432,19.2698],[-99.1434,19.2695],[-99.1436,19.2695],[-99.1438,19.2695],[-99.1439,19.2695],[-99.1444,19.2688],[-99.1446,19.2685],[-99.1447,19.2682],[-99.1447,19.2681],[-99.1448,19.2679],[-99.1449,19.2676],[-99.1449,19.2674],[-99.1441,19.2673],[-99.1439,19.2673],[-99.1436,19.2673],[-99.1434,19.2673],[-99.1432,19.2672],[-99.1433,19.2665],[-99.1425,19.2667],[-99.1424,19.2666],[-99.1424,19.2652],[-99.1425,19.2649],[-99.1425,19.2644],[-99.1425,19.2643],[-99.1424,19.2642],[-99.1424,19.2642],[-99.1424,19.2640],[-99.1424,19.2638],[-99.1424,19.2636],[-99.1424,19.2634],[-99.1424,19.2634],[-99.1424,19.2633],[-99.1423,19.2632],[-99.1423,19.2630],[-99.1423,19.2625],[-99.1421,19.2618],[-99.1421,19.2618],[-99.1421,19.2617],[-99.1421,19.2617],[-99.1422,19.2615],[-99.1423,19.2614],[-99.1423,19.2613],[-99.1424,19.2612],[-99.1424,19.2611],[-99.1424,19.2610],[-99.1424,19.2606],[-99.1424,19.2605],[-99.1424,19.2603],[-99.1424,19.2602],[-99.1423,19.2600],[-99.1422,19.2599],[-99.1421,19.2599],[-99.1420,19.2598],[-99.1419,19.2596],[-99.1418,19.2593],[-99.1417,19.2592],[-99.1416,19.2592],[-99.1415,19.2591],[-99.1414,19.2590],[-99.1413,19.2590],[-99.1412,19.2589],[-99.1411,19.2588],[-99.1409,19.2588],[-99.1409,19.2587],[-99.1408,19.2585],[-99.1406,19.2584],[-99.1405,19.2583],[-99.1403,19.2581],[-99.1403,19.2580],[-99.1402,19.2579],[-99.1402,19.2579],[-99.1402,19.2578],[-99.1402,19.2578],[-99.1402,19.2577],[-99.1402,19.2576],[-99.1402,19.2576],[-99.1403,19.2575],[-99.1403,19.2574],[-99.1405,19.2573],[-99.1406,19.2572],[-99.1408,19.2571],[-99.1408,19.2570],[-99.1408,19.2569],[-99.1407,19.2569],[-99.1406,19.2566],[-99.1405,19.2565],[-99.1405,19.2565],[-99.1404,19.2564],[-99.1402,19.2564],[-99.1401,19.2563],[-99.1400,19.2563],[-99.1400,19.2562],[-99.1400,19.2561],[-99.1398,19.2559],[-99.1397,19.2557],[-99.1396,19.2555],[-99.1395,19.2549],[-99.1394,19.2547],[-99.1394,19.2546],[-99.1395,19.2543],[-99.1395,19.2542],[-99.1395,19.2541],[-99.1396,19.2539],[-99.1396,19.2538],[-99.1396,19.2537],[-99.1397,19.2536],[-99.1397,19.2534],[-99.1397,19.2534],[-99.1398,19.2533],[-99.1398,19.2533],[-99.1398,19.2533],[-99.1399,19.2532],[-99.1399,19.2531],[-99.1400,19.2530],[-99.1400,19.2529],[-99.1401,19.2529],[-99.1401,19.2528],[-99.1401,19.2528],[-99.1402,19.2526],[-99.1402,19.2525],[-99.1402,19.2525],[-99.1402,19.2524],[-99.1402,19.2524],[-99.1401,19.2523],[-99.1401,19.2522],[-99.1401,19.2522],[-99.1401,19.2521],[-99.1402,19.2520],[-99.1402,19.2520],[-99.1402,19.2519],[-99.1402,19.2519],[-99.1402,19.2518],[-99.1403,19.2518],[-99.1404,19.2516],[-99.1405,19.2515],[-99.1405,19.2515],[-99.1405,19.2514],[-99.1405,19.2514],[-99.1405,19.2514],[-99.1405,19.2513],[-99.1406,19.2513],[-99.1407,19.2512],[-99.1407,19.2512],[-99.1407,19.2511],[-99.1408,19.2510],[-99.1408,19.2510],[-99.1409,19.2510],[-99.1409,19.2510],[-99.1410,19.2509],[-99.1410,19.2509],[-99.1410,19.2509],[-99.1411,19.2508],[-99.1411,19.2508],[-99.1413,19.2506],[-99.1413,19.2506],[-99.1413,19.2506],[-99.1413,19.2505],[-99.1414,19.2504],[-99.1414,19.2503],[-99.1415,19.2501],[-99.1416,19.2500],[-99.1416,19.2499],[-99.1416,19.2499],[-99.1417,19.2498],[-99.1417,19.2497],[-99.1417,19.2496],[-99.1417,19.2496],[-99.1417,19.2495],[-99.1417,19.2494],[-99.1417,19.2494],[-99.1417,19.2492],[-99.1417,19.2491],[-99.1417,19.2490],[-99.1417,19.2489],[-99.1416,19.2487],[-99.1414,19.2486],[-99.1411,19.2484],[-99.1410,19.2483],[-99.1408,19.2483],[-99.1406,19.2481],[-99.1405,19.2481],[-99.1404,19.2480],[-99.1403,19.2478],[-99.1402,19.2476],[-99.1400,19.2473],[-99.1398,19.2471],[-99.1397,19.2469],[-99.1396,19.2467],[-99.1394,19.2464],[-99.1393,19.2462],[-99.1390,19.2460],[-99.1389,19.2460],[-99.1396,19.2449],[-99.1400,19.2442],[-99.1402,19.2439],[-99.1402,19.2438],[-99.1403,19.2437],[-99.1403,19.2436],[-99.1404,19.2436],[-99.1410,19.2436],[-99.1411,19.2436],[-99.1411,19.2436],[-99.1416,19.2438],[-99.1417,19.2437],[-99.1417,19.2437],[-99.1417,19.2437],[-99.1417,19.2436],[-99.1417,19.2436],[-99.1420,19.2436],[-99.1421,19.2437],[-99.1422,19.2438],[-99.1422,19.2439],[-99.1423,19.2442],[-99.1433,19.2445],[-99.1433,19.2445],[-99.1437,19.2446],[-99.1443,19.2447],[-99.1442,19.2446],[-99.1442,19.2442],[-99.1443,19.2442],[-99.1443,19.2442],[-99.1443,19.2440],[-99.1443,19.2437],[-99.1442,19.2436],[-99.1442,19.2433],[-99.1442,19.2432],[-99.1442,19.2430],[-99.1442,19.2430],[-99.1442,19.2429],[-99.1441,19.2427],[-99.1441,19.2426],[-99.1441,19.2426],[-99.1441,19.2426],[-99.1441,19.2425],[-99.1441,19.2425],[-99.1441,19.2424],[-99.1441,19.2423],[-99.1441,19.2422],[-99.1441,19.2420],[-99.1440,19.2417],[-99.1440,19.2415],[-99.1440,19.2414],[-99.1440,19.2409],[-99.1440,19.2409],[-99.1440,19.2408],[-99.1440,19.2407],[-99.1440,19.2406],[-99.1439,19.2402],[-99.1439,19.2402],[-99.1439,19.2402],[-99.1439,19.2402],[-99.1440,19.2397],[-99.1442,19.2397],[-99.1444,19.2396],[-99.1451,19.2395],[-99.1453,19.2394],[-99.1456,19.2393],[-99.1461,19.2393],[-99.1461,19.2393],[-99.1462,19.2394],[-99.1462,19.2395],[-99.1462,19.2396],[-99.1463,19.2399],[-99.1464,19.2400],[-99.1464,19.2400],[-99.1464,19.2401],[-99.1465,19.2401],[-99.1466,19.2403],[-99.1467,19.2403],[-99.1469,19.2404],[-99.1470,19.2404],[-99.1471,19.2404],[-99.1474,19.2404],[-99.1475,19.2403],[-99.1473,19.2400],[-99.1472,19.2396],[-99.1470,19.2393],[-99.1463,19.2380],[-99.1462,19.2377],[-99.1462,19.2376],[-99.1459,19.2372],[-99.1450,19.2355],[-99.1448,19.2352],[-99.1445,19.2345],[-99.1447,19.2345],[-99.1448,19.2345],[-99.1448,19.2345],[-99.1448,19.2344],[-99.1449,19.2343],[-99.1451,19.2343],[-99.1452,19.2344],[-99.1453,19.2344],[-99.1454,19.2345],[-99.1455,19.2344],[-99.1456,19.2344],[-99.1456,19.2343],[-99.1458,19.2343],[-99.1459,19.2343],[-99.1459,19.2343],[-99.1460,19.2342],[-99.1461,19.2342],[-99.1462,19.2342],[-99.1463,19.2342],[-99.1464,19.2342],[-99.1464,19.2342],[-99.1464,19.2342],[-99.1465,19.2342],[-99.1466,19.2342],[-99.1466,19.2343],[-99.1467,19.2343],[-99.1468,19.2344],[-99.1469,19.2344],[-99.1469,19.2344],[-99.1469,19.2344],[-99.1469,19.2344],[-99.1474,19.2344],[-99.1475,19.2344],[-99.1475,19.2345],[-99.1476,19.2345],[-99.1476,19.2345],[-99.1476,19.2345],[-99.1476,19.2345],[-99.1477,19.2345],[-99.1479,19.2346],[-99.1480,19.2346],[-99.1481,19.2347],[-99.1482,19.2348],[-99.1483,19.2349],[-99.1483,19.2349],[-99.1484,19.2350],[-99.1484,19.2351],[-99.1484,19.2351],[-99.1484,19.2353],[-99.1483,19.2354],[-99.1483,19.2355],[-99.1482,19.2356],[-99.1481,19.2357],[-99.1481,19.2357],[-99.1481,19.2359],[-99.1481,19.2359],[-99.1480,19.2360],[-99.1480,19.2360],[-99.1480,19.2361],[-99.1480,19.2361],[-99.1480,19.2361],[-99.1480,19.2361],[-99.1480,19.2361],[-99.1480,19.2362],[-99.1480,19.2362],[-99.1481,19.2362],[-99.1481,19.2362],[-99.1481,19.2363],[-99.1481,19.2363],[-99.1482,19.2363],[-99.1482,19.2363],[-99.1482,19.2363],[-99.1483,19.2362],[-99.1483,19.2362],[-99.1483,19.2362],[-99.1483,19.2362],[-99.1484,19.2360],[-99.1484,19.2358],[-99.1484,19.2358],[-99.1484,19.2357],[-99.1485,19.2357],[-99.1486,19.2357],[-99.1487,19.2357],[-99.1488,19.2356],[-99.1488,19.2355],[-99.1489,19.2354],[-99.1489,19.2352],[-99.1490,19.2351],[-99.1491,19.2350],[-99.1492,19.2350],[-99.1492,19.2349],[-99.1493,19.2348],[-99.1494,19.2348],[-99.1495,19.2347],[-99.1495,19.2347],[-99.1496,19.2346],[-99.1496,19.2346],[-99.1495,19.2345],[-99.1494,19.2344],[-99.1493,19.2343],[-99.1493,19.2343],[-99.1493,19.2342],[-99.1494,19.2341],[-99.1495,19.2340],[-99.1495,19.2340],[-99.1495,19.2340],[-99.1496,19.2341],[-99.1496,19.2341],[-99.1497,19.2341],[-99.1498,19.2342],[-99.1500,19.2342],[-99.1501,19.2342],[-99.1503,19.2342],[-99.1503,19.2342],[-99.1504,19.2342],[-99.1504,19.2343],[-99.1505,19.2344],[-99.1505,19.2345],[-99.1505,19.2346],[-99.1505,19.2346],[-99.1505,19.2346],[-99.1505,19.2347],[-99.1505,19.2347],[-99.1505,19.2347],[-99.1506,19.2347],[-99.1507,19.2347],[-99.1507,19.2347],[-99.1507,19.2347],[-99.1507,19.2347],[-99.1507,19.2346],[-99.1507,19.2346],[-99.1507,19.2345],[-99.1508,19.2344],[-99.1508,19.2344],[-99.1507,19.2343],[-99.1507,19.2343],[-99.1507,19.2343],[-99.1507,19.2342],[-99.1507,19.2341],[-99.1507,19.2340],[-99.1506,19.2338],[-99.1505,19.2337],[-99.1505,19.2335],[-99.1505,19.2334],[-99.1505,19.2332],[-99.1506,19.2332],[-99.1506,19.2331],[-99.1506,19.2329],[-99.1506,19.2327],[-99.1506,19.2326],[-99.1506,19.2326],[-99.1506,19.2325],[-99.1506,19.2325],[-99.1507,19.2324],[-99.1507,19.2324],[-99.1507,19.2324],[-99.1507,19.2324],[-99.1508,19.2324],[-99.1508,19.2323],[-99.1508,19.2323],[-99.1509,19.2322],[-99.1509,19.2321],[-99.1509,19.2320],[-99.1509,19.2319],[-99.1510,19.2319],[-99.1511,19.2318],[-99.1511,19.2318],[-99.1512,19.2316],[-99.1512,19.2315],[-99.1513,19.2315],[-99.1514,19.2314],[-99.1515,19.2312],[-99.1516,19.2312],[-99.1516,19.2311],[-99.1516,19.2311],[-99.1517,19.2308],[-99.1518,19.2308],[-99.1518,19.2307],[-99.1518,19.2307],[-99.1518,19.2305],[-99.1518,19.2302],[-99.1519,19.2301],[-99.1519,19.2301],[-99.1519,19.2300],[-99.1520,19.2298],[-99.1521,19.2296],[-99.1522,19.2295],[-99.1523,19.2294],[-99.1524,19.2293],[-99.1524,19.2291],[-99.1524,19.2290],[-99.1525,19.2288],[-99.1525,19.2286],[-99.1525,19.2286],[-99.1526,19.2284],[-99.1526,19.2284],[-99.1526,19.2282],[-99.1527,19.2279],[-99.1527,19.2279],[-99.1528,19.2276],[-99.1528,19.2274],[-99.1529,19.2271],[-99.1529,19.2269],[-99.1530,19.2266],[-99.1531,19.2265],[-99.1532,19.2263],[-99.1533,19.2262],[-99.1534,19.2260],[-99.1533,19.2259],[-99.1532,19.2256],[-99.1531,19.2253],[-99.1530,19.2252],[-99.1530,19.2251],[-99.1529,19.2250],[-99.1528,19.2249],[-99.1528,19.2249],[-99.1527,19.2248],[-99.1527,19.2248],[-99.1526,19.2248],[-99.1525,19.2247],[-99.1525,19.2247],[-99.1524,19.2247],[-99.1523,19.2247],[-99.1522,19.2247],[-99.1521,19.2247],[-99.1520,19.2246],[-99.1519,19.2246],[-99.1517,19.2246],[-99.1517,19.2246],[-99.1516,19.2246],[-99.1516,19.2246],[-99.1515,19.2246],[-99.1515,19.2246],[-99.1514,19.2246],[-99.1514,19.2245],[-99.1513,19.2245],[-99.1513,19.2245],[-99.1512,19.2245],[-99.1512,19.2244],[-99.1512,19.2244],[-99.1511,19.2243],[-99.1511,19.2243],[-99.1511,19.2243],[-99.1511,19.2243],[-99.1511,19.2242],[-99.1511,19.2242],[-99.1511,19.2242],[-99.1511,19.2242],[-99.1511,19.2241],[-99.1511,19.2241],[-99.1511,19.2240],[-99.1511,19.2240],[-99.1511,19.2240],[-99.1511,19.2239],[-99.1511,19.2239],[-99.1512,19.2239],[-99.1512,19.2238],[-99.1512,19.2238],[-99.1512,19.2237],[-99.1512,19.2237],[-99.1512,19.2237],[-99.1512,19.2237],[-99.1512,19.2236],[-99.1512,19.2236],[-99.1512,19.2235],[-99.1512,19.2234],[-99.1512,19.2232],[-99.1513,19.2232],[-99.1514,19.2232],[-99.1514,19.2232],[-99.1514,19.2233],[-99.1514,19.2234],[-99.1515,19.2234],[-99.1515,19.2234],[-99.1515,19.2234],[-99.1516,19.2234],[-99.1516,19.2234],[-99.1517,19.2233],[-99.1517,19.2232],[-99.1517,19.2231],[-99.1518,19.2229],[-99.1518,19.2227],[-99.1519,19.2224],[-99.1520,19.2220],[-99.1520,19.2219],[-99.1520,19.2217],[-99.1521,19.2213],[-99.1523,19.2209],[-99.1523,19.2207],[-99.1525,19.2205],[-99.1526,19.2205],[-99.1528,19.2205],[-99.1528,19.2205],[-99.1529,19.2206],[-99.1531,19.2207],[-99.1532,19.2210],[-99.1533,19.2212],[-99.1534,19.2214],[-99.1535,19.2216],[-99.1535,19.2218],[-99.1544,19.2206],[-99.1496,19.2192],[-99.1496,19.2192],[-99.1495,19.2192],[-99.1383,19.2157],[-99.1344,19.2116],[-99.1339,19.2110],[-99.1339,19.2110],[-99.1336,19.2107],[-99.1336,19.2107],[-99.1333,19.2104],[-99.1333,19.2104],[-99.1330,19.2101],[-99.1330,19.2101],[-99.1330,19.2101],[-99.1329,19.2100],[-99.1328,19.2100],[-99.1329,19.2099],[-99.1329,19.2099],[-99.1329,19.2098],[-99.1329,19.2096],[-99.1328,19.2094],[-99.1328,19.2093],[-99.1328,19.2092],[-99.1328,19.2092],[-99.1328,19.2092],[-99.1328,19.2090],[-99.1328,19.2083],[-99.1327,19.2082],[-99.1327,19.2082],[-99.1326,19.2082],[-99.1325,19.2081],[-99.1325,19.2081],[-99.1324,19.2080],[-99.1324,19.2079],[-99.1323,19.2077],[-99.1323,19.2077],[-99.1323,19.2076],[-99.1323,19.2076],[-99.1323,19.2076],[-99.1324,19.2073],[-99.1325,19.2072],[-99.1325,19.2070],[-99.1325,19.2067],[-99.1324,19.2065],[-99.1324,19.2065],[-99.1323,19.2062],[-99.1321,19.2061],[-99.1321,19.2061],[-99.1320,19.2059],[-99.1316,19.2056],[-99.1316,19.2055],[-99.1315,19.2054],[-99.1314,19.2054],[-99.1314,19.2052],[-99.1313,19.2050],[-99.1312,19.2048],[-99.1312,19.2048],[-99.1312,19.2046],[-99.1309,19.2042],[-99.1308,19.2041],[-99.1308,19.2041],[-99.1308,19.2041],[-99.1306,19.2040],[-99.1305,19.2040],[-99.1304,19.2040],[-99.1301,19.2039],[-99.1301,19.2038],[-99.1301,19.2038],[-99.1301,19.2038],[-99.1302,19.2035],[-99.1302,19.2034],[-99.1303,19.2032],[-99.1302,19.2031],[-99.1301,19.2031],[-99.1299,19.2030],[-99.1297,19.2030],[-99.1296,19.2030],[-99.1293,19.2030],[-99.1293,19.2030],[-99.1294,19.2025],[-99.1294,19.2025],[-99.1294,19.2021],[-99.1295,19.2018],[-99.1295,19.2017],[-99.1295,19.2011],[-99.1295,19.2007],[-99.1295,19.2007],[-99.1295,19.2007],[-99.1295,19.2004],[-99.1295,19.2003],[-99.1294,19.2002],[-99.1294,19.2002],[-99.1293,19.2001],[-99.1293,19.2000],[-99.1293,19.1999],[-99.1293,19.1998],[-99.1293,19.1998],[-99.1292,19.1997],[-99.1291,19.1997],[-99.1291,19.1997],[-99.1291,19.1996],[-99.1291,19.1994],[-99.1291,19.1993],[-99.1291,19.1992],[-99.1292,19.1990],[-99.1293,19.1989],[-99.1294,19.1987],[-99.1294,19.1986],[-99.1295,19.1985],[-99.1295,19.1985],[-99.1295,19.1984],[-99.1295,19.1984],[-99.1295,19.1983],[-99.1295,19.1983],[-99.1295,19.1983],[-99.1295,19.1982],[-99.1294,19.1982],[-99.1293,19.1982],[-99.1293,19.1981],[-99.1293,19.1980],[-99.1293,19.1980],[-99.1293,19.1979],[-99.1294,19.1978],[-99.1295,19.1977],[-99.1295,19.1975],[-99.1295,19.1975],[-99.1295,19.1974],[-99.1295,19.1973],[-99.1296,19.1971],[-99.1300,19.1967],[-99.1302,19.1966],[-99.1304,19.1964],[-99.1305,19.1962],[-99.1304,19.1961],[-99.1304,19.1960],[-99.1304,19.1960],[-99.1302,19.1958],[-99.1301,19.1956],[-99.1300,19.1955],[-99.1299,19.1954],[-99.1300,19.1949],[-99.1301,19.1947],[-99.1301,19.1946],[-99.1301,19.1945],[-99.1301,19.1945],[-99.1302,19.1944],[-99.1303,19.1943],[-99.1305,19.1940],[-99.1305,19.1938],[-99.1305,19.1937],[-99.1306,19.1934],[-99.1306,19.1932],[-99.1308,19.1929],[-99.1306,19.1927],[-99.1307,19.1925],[-99.1306,19.1923],[-99.1307,19.1921],[-99.1307,19.1916],[-99.1307,19.1913],[-99.1305,19.1911],[-99.1301,19.1909],[-99.1300,19.1907],[-99.1300,19.1905],[-99.1299,19.1903],[-99.1293,19.1898],[-99.1287,19.1891],[-99.1282,19.1888],[-99.1277,19.1885],[-99.1276,19.1883],[-99.1274,19.1881],[-99.1273,19.1879],[-99.1271,19.1876],[-99.1271,19.1873],[-99.1273,19.1870],[-99.1274,19.1867],[-99.1275,19.1864],[-99.1279,19.1860],[-99.1284,19.1856],[-99.1287,19.1850],[-99.1289,19.1848],[-99.1290,19.1847],[-99.1291,19.1846],[-99.1294,19.1845],[-99.1295,19.1845],[-99.1296,19.1843],[-99.1297,19.1842],[-99.1298,19.1842],[-99.1299,19.1842],[-99.1300,19.1841],[-99.1301,19.1839],[-99.1302,19.1837],[-99.1302,19.1834],[-99.1303,19.1830],[-99.1303,19.1826],[-99.1305,19.1823],[-99.1308,19.1821],[-99.1310,19.1818],[-99.1313,19.1813],[-99.1315,19.1806],[-99.1316,19.1804],[-99.1319,19.1801],[-99.1320,19.1796],[-99.1321,19.1793],[-99.1322,19.1790],[-99.1322,19.1788],[-99.1324,19.1785],[-99.1324,19.1782],[-99.1323,19.1780],[-99.1323,19.1777],[-99.1323,19.1775],[-99.1323,19.1772],[-99.1324,19.1770],[-99.1325,19.1768],[-99.1325,19.1767],[-99.1324,19.1765],[-99.1323,19.1764],[-99.1322,19.1762],[-99.1322,19.1758],[-99.1321,19.1755],[-99.1321,19.1751],[-99.1320,19.1749],[-99.1318,19.1745],[-99.1316,19.1743],[-99.1314,19.1740],[-99.1311,19.1738],[-99.1309,19.1736],[-99.1308,19.1734],[-99.1305,19.1730],[-99.1302,19.1727],[-99.1301,19.1725],[-99.1300,19.1724],[-99.1299,19.1724],[-99.1300,19.1722],[-99.1300,19.1722],[-99.1300,19.1721],[-99.1301,19.1721],[-99.1302,19.1720],[-99.1303,19.1720],[-99.1304,19.1719],[-99.1305,19.1719],[-99.1305,19.1718],[-99.1305,19.1716],[-99.1305,19.1714],[-99.1305,19.1710],[-99.1305,19.1708],[-99.1305,19.1707],[-99.1305,19.1706],[-99.1305,19.1704],[-99.1303,19.1689],[-99.1302,19.1682],[-99.1302,19.1673],[-99.1302,19.1666],[-99.1303,19.1659],[-99.1305,19.1654],[-99.1306,19.1649],[-99.1311,19.1641],[-99.1317,19.1632],[-99.1318,19.1626],[-99.1320,19.1621],[-99.1322,19.1616],[-99.1324,19.1613],[-99.1325,19.1608],[-99.1327,19.1601],[-99.1327,19.1593],[-99.1328,19.1586],[-99.1329,19.1577],[-99.1328,19.1566],[-99.1328,19.1558],[-99.1328,19.1549],[-99.1326,19.1543],[-99.1325,19.1540],[-99.1326,19.1534],[-99.1326,19.1532],[-99.1326,19.1531],[-99.1325,19.1530],[-99.1321,19.1529],[-99.1317,19.1526],[-99.1314,19.1527],[-99.1311,19.1527],[-99.1302,19.1525]]]},"properties":{"cvegeo":"09013","match":"Municipality","name":"Xochimilco","state":"Ciudad de México","municipality":"Xochimilco","city":null,"neighborhood":null,"category":"Alcaldía","type":null,"postalcode":null,"population":"442178","dwellings":"131035","occupied_dwellings":null,"pricem2":null,"propertyprice":null,"ids_prom":"0.309","nse":"D","nse_label":"D (23%)","nse_score":"3.948","nse_ab":"13145","nse_cplus":"16680","nse_c":"16569","nse_cminus":"16750","nse_dplus":"15997","nse_d":"27026","nse_e":"8402","nse_total":"114569","nse_ab_pct":"11.47","nse_cplus_pct":"14.56","nse_c_pct":"14.46","nse_cminus_pct":"14.62","nse_dplus_pct":"13.96","nse_d_pct":"23.59","nse_e_pct":"7.33"}},{"type":"Feature","geometry":{"type":"Polygon","coordinates":[[[-99.1398,19.3569],[-99.1399,19.3571],[-99.1399,19.3574],[-99.1397,19.3584],[-99.1394,19.3595],[-99.1392,19.3605],[-99.1390,19.3611],[-99.1389,19.3618],[-99.1388,19.3625],[-99.1386,19.3631],[-99.1385,19.3636],[-99.1384,19.3643],[-99.1382,19.3649],[-99.1381,19.3655],[-99.1380,19.3661],[-99.1378,19.3667],[-99.1377,19.3672],[-99.1376,19.3680],[-99.1374,19.3686],[-99.1372,19.3696],[-99.1369,19.3708],[-99.1367,19.3716],[-99.1365,19.3729],[-99.1362,19.3738],[-99.1360,19.3749],[-99.1359,19.3752],[-99.1358,19.3759],[-99.1357,19.3762],[-99.1355,19.3772],[-99.1354,19.3774],[-99.1353,19.3780],[-99.1350,19.3793],[-99.1350,19.3793],[-99.1350,19.3794],[-99.1350,19.3794],[-99.1347,19.3806],[-99.1346,19.3813],[-99.1344,19.3819],[-99.1344,19.3820],[-99.1344,19.3821],[-99.1344,19.3822],[-99.1343,19.3825],[-99.1342,19.3832],[-99.1342,19.3833],[-99.1342,19.3833],[-99.1341,19.3834],[-99.1339,19.3845],[-99.1339,19.3845],[-99.1339,19.3845],[-99.1339,19.3846],[-99.1339,19.3847],[-99.1336,19.3857],[-99.1336,19.3857],[-99.1336,19.3858],[-99.1336,19.3858],[-99.1336,19.3860],[-99.1335,19.3865],[-99.1334,19.3867],[-99.1332,19.3875],[-99.1330,19.3884],[-99.1330,19.3885],[-99.1330,19.3886],[-99.1329,19.3892],[-99.1328,19.3897],[-99.1328,19.3898],[-99.1327,19.3900],[-99.1327,19.3902],[-99.1327,19.3902],[-99.1324,19.3911],[-99.1324,19.3912],[-99.1324,19.3913],[-99.1324,19.3913],[-99.1321,19.3925],[-99.1321,19.3925],[-99.1321,19.3925],[-99.1321,19.3925],[-99.1321,19.3925],[-99.1321,19.3926],[-99.1321,19.3927],[-99.1320,19.3928],[-99.1319,19.3935],[-99.1319,19.3935],[-99.1319,19.3937],[-99.1318,19.3938],[-99.1318,19.3939],[-99.1317,19.3945],[-99.1317,19.3945],[-99.1317,19.3945],[-99.1317,19.3947],[-99.1315,19.3956],[-99.1314,19.3957],[-99.1313,19.3963],[-99.1312,19.3965],[-99.1310,19.3967],[-99.1310,19.3976],[-99.1309,19.3990],[-99.1315,19.3990],[-99.1319,19.3990],[-99.1324,19.3990],[-99.1329,19.3990],[-99.1335,19.3990],[-99.1340,19.3990],[-99.1347,19.3991],[-99.1353,19.3991],[-99.1358,19.3991],[-99.1363,19.3991],[-99.1372,19.3992],[-99.1371,19.3999],[-99.1369,19.4009],[-99.1368,19.4013],[-99.1368,19.4016],[-99.1366,19.4028],[-99.1367,19.4028],[-99.1368,19.4029],[-99.1369,19.4029],[-99.1370,19.4030],[-99.1371,19.4031],[-99.1372,19.4032],[-99.1372,19.4032],[-99.1372,19.4033],[-99.1373,19.4034],[-99.1373,19.4034],[-99.1373,19.4034],[-99.1374,19.4035],[-99.1376,19.4035],[-99.1381,19.4035],[-99.1382,19.4035],[-99.1383,19.4035],[-99.1391,19.4036],[-99.1400,19.4036],[-99.1400,19.4036],[-99.1402,19.4036],[-99.1409,19.4037],[-99.1417,19.4037],[-99.1426,19.4038],[-99.1427,19.4038],[-99.1428,19.4038],[-99.1434,19.4038],[-99.1442,19.4038],[-99.1448,19.4039],[-99.1450,19.4039],[-99.1452,19.4039],[-99.1459,19.4039],[-99.1460,19.4039],[-99.1468,19.4040],[-99.1476,19.4040],[-99.1479,19.4040],[-99.1485,19.4040],[-99.1486,19.4040],[-99.1488,19.4040],[-99.1497,19.4040],[-99.1501,19.4040],[-99.1502,19.4040],[-99.1502,19.4040],[-99.1502,19.4040],[-99.1504,19.4040],[-99.1511,19.4041],[-99.1512,19.4041],[-99.1518,19.4041],[-99.1524,19.4041],[-99.1531,19.4041],[-99.1552,19.4041],[-99.1554,19.4041],[-99.1556,19.4041],[-99.1562,19.4041],[-99.1563,19.4041],[-99.1567,19.4040],[-99.1570,19.4040],[-99.1572,19.4039],[-99.1577,19.4038],[-99.1581,19.4037],[-99.1585,19.4035],[-99.1590,19.4034],[-99.1597,19.4032],[-99.1602,19.4031],[-99.1603,19.4030],[-99.1605,19.4030],[-99.1608,19.4029],[-99.1609,19.4028],[-99.1613,19.4027],[-99.1618,19.4026],[-99.1622,19.4024],[-99.1623,19.4024],[-99.1624,19.4024],[-99.1627,19.4023],[-99.1630,19.4022],[-99.1632,19.4021],[-99.1638,19.4019],[-99.1643,19.4017],[-99.1648,19.4015],[-99.1653,19.4013],[-99.1656,19.4012],[-99.1659,19.4011],[-99.1665,19.4009],[-99.1671,19.4006],[-99.1675,19.4005],[-99.1678,19.4004],[-99.1679,19.4004],[-99.1680,19.4004],[-99.1680,19.4004],[-99.1681,19.4003],[-99.1682,19.4003],[-99.1689,19.4001],[-99.1701,19.3999],[-99.1702,19.3998],[-99.1704,19.3998],[-99.1723,19.3992],[-99.1731,19.3990],[-99.1734,19.3989],[-99.1740,19.3987],[-99.1741,19.3987],[-99.1745,19.3986],[-99.1745,19.3986],[-99.1745,19.3985],[-99.1755,19.3981],[-99.1760,19.3980],[-99.1766,19.3978],[-99.1767,19.3978],[-99.1777,19.3976],[-99.1778,19.3976],[-99.1782,19.3975],[-99.1789,19.3974],[-99.1795,19.3974],[-99.1801,19.3973],[-99.1810,19.3971],[-99.1812,19.3971],[-99.1817,19.3970],[-99.1821,19.3970],[-99.1822,19.3969],[-99.1825,19.3968],[-99.1834,19.3964],[-99.1841,19.3962],[-99.1843,19.3961],[-99.1845,19.3961],[-99.1852,19.3960],[-99.1853,19.3959],[-99.1860,19.3958],[-99.1864,19.3956],[-99.1865,19.3956],[-99.1875,19.3957],[-99.1876,19.3957],[-99.1878,19.3957],[-99.1885,19.3956],[-99.1886,19.3956],[-99.1890,19.3956],[-99.1891,19.3956],[-99.1887,19.3947],[-99.1887,19.3947],[-99.1886,19.3944],[-99.1885,19.3941],[-99.1884,19.3940],[-99.1884,19.3939],[-99.1884,19.3938],[-99.1884,19.3936],[-99.1884,19.3934],[-99.1884,19.3932],[-99.1887,19.3924],[-99.1888,19.3920],[-99.1890,19.3912],[-99.1893,19.3901],[-99.1895,19.3895],[-99.1895,19.3894],[-99.1897,19.3888],[-99.1898,19.3882],[-99.1898,19.3881],[-99.1900,19.3875],[-99.1902,19.3869],[-99.1903,19.3862],[-99.1904,19.3860],[-99.1908,19.3850],[-99.1910,19.3846],[-99.1912,19.3841],[-99.1912,19.3841],[-99.1913,19.3839],[-99.1914,19.3837],[-99.1917,19.3830],[-99.1917,19.3830],[-99.1917,19.3829],[-99.1917,19.3827],[-99.1917,19.3816],[-99.1917,19.3813],[-99.1918,19.3808],[-99.1918,19.3804],[-99.1918,19.3796],[-99.1917,19.3789],[-99.1917,19.3788],[-99.1916,19.3781],[-99.1916,19.3779],[-99.1916,19.3777],[-99.1916,19.3774],[-99.1918,19.3763],[-99.1918,19.3761],[-99.1919,19.3753],[-99.1921,19.3742],[-99.1921,19.3736],[-99.1921,19.3734],[-99.1921,19.3733],[-99.1921,19.3732],[-99.1921,19.3731],[-99.1920,19.3728],[-99.1919,19.3726],[-99.1918,19.3724],[-99.1917,19.3722],[-99.1917,19.3720],[-99.1917,19.3719],[-99.1916,19.3717],[-99.1916,19.3715],[-99.1917,19.3707],[-99.1918,19.3702],[-99.1918,19.3700],[-99.1918,19.3697],[-99.1918,19.3695],[-99.1918,19.3693],[-99.1917,19.3691],[-99.1917,19.3689],[-99.1916,19.3688],[-99.1915,19.3685],[-99.1914,19.3684],[-99.1912,19.3680],[-99.1910,19.3676],[-99.1909,19.3674],[-99.1908,19.3673],[-99.1908,19.3671],[-99.1908,19.3670],[-99.1908,19.3669],[-99.1908,19.3668],[-99.1908,19.3664],[-99.1908,19.3659],[-99.1909,19.3648],[-99.1911,19.3635],[-99.1905,19.3633],[-99.1902,19.3632],[-99.1891,19.3630],[-99.1887,19.3630],[-99.1884,19.3630],[-99.1883,19.3630],[-99.1882,19.3630],[-99.1881,19.3630],[-99.1880,19.3629],[-99.1878,19.3629],[-99.1870,19.3623],[-99.1868,19.3622],[-99.1866,19.3621],[-99.1857,19.3617],[-99.1855,19.3617],[-99.1854,19.3617],[-99.1850,19.3618],[-99.1848,19.3618],[-99.1839,19.3617],[-99.1837,19.3617],[-99.1835,19.3618],[-99.1831,19.3621],[-99.1827,19.3623],[-99.1823,19.3626],[-99.1819,19.3627],[-99.1815,19.3628],[-99.1812,19.3629],[-99.1810,19.3629],[-99.1805,19.3629],[-99.1802,19.3629],[-99.1800,19.3630],[-99.1798,19.3630],[-99.1796,19.3631],[-99.1795,19.3633],[-99.1794,19.3634],[-99.1792,19.3638],[-99.1788,19.3642],[-99.1784,19.3646],[-99.1782,19.3648],[-99.1778,19.3651],[-99.1777,19.3651],[-99.1772,19.3646],[-99.1768,19.3642],[-99.1767,19.3641],[-99.1767,19.3641],[-99.1761,19.3635],[-99.1757,19.3632],[-99.1751,19.3626],[-99.1748,19.3623],[-99.1747,19.3622],[-99.1745,19.3620],[-99.1740,19.3614],[-99.1737,19.3611],[-99.1733,19.3606],[-99.1731,19.3604],[-99.1729,19.3603],[-99.1717,19.3596],[-99.1717,19.3596],[-99.1708,19.3590],[-99.1706,19.3589],[-99.1705,19.3589],[-99.1704,19.3588],[-99.1702,19.3587],[-99.1698,19.3587],[-99.1698,19.3587],[-99.1692,19.3586],[-99.1691,19.3586],[-99.1686,19.3586],[-99.1678,19.3585],[-99.1673,19.3585],[-99.1672,19.3585],[-99.1663,19.3584],[-99.1649,19.3584],[-99.1641,19.3583],[-99.1635,19.3583],[-99.1618,19.3582],[-99.1617,19.3582],[-99.1605,19.3581],[-99.1601,19.3581],[-99.1595,19.3581],[-99.1591,19.3580],[-99.1588,19.3580],[-99.1581,19.3580],[-99.1577,19.3579],[-99.1572,19.3579],[-99.1570,19.3579],[-99.1569,19.3579],[-99.1568,19.3579],[-99.1562,19.3579],[-99.1556,19.3578],[-99.1556,19.3578],[-99.1546,19.3578],[-99.1544,19.3578],[-99.1543,19.3578],[-99.1540,19.3577],[-99.1537,19.3577],[-99.1535,19.3577],[-99.1532,19.3577],[-99.1520,19.3576],[-99.1515,19.3576],[-99.1514,19.3576],[-99.1513,19.3576],[-99.1507,19.3576],[-99.1505,19.3576],[-99.1501,19.3575],[-99.1497,19.3575],[-99.1489,19.3575],[-99.1481,19.3574],[-99.1481,19.3574],[-99.1476,19.3574],[-99.1474,19.3574],[-99.1472,19.3574],[-99.1469,19.3574],[-99.1467,19.3574],[-99.1464,19.3574],[-99.1462,19.3574],[-99.1456,19.3573],[-99.1454,19.3573],[-99.1451,19.3573],[-99.1448,19.3573],[-99.1444,19.3573],[-99.1441,19.3573],[-99.1439,19.3573],[-99.1435,19.3572],[-99.1429,19.3572],[-99.1424,19.3572],[-99.1423,19.3572],[-99.1420,19.3571],[-99.1415,19.3571],[-99.1411,19.3570],[-99.1409,19.3570],[-99.1408,19.3570],[-99.1404,19.3570],[-99.1398,19.3569]]]},"properties":{"cvegeo":"09014","match":"Municipality","name":"Benito Juárez","state":"Ciudad de México","municipality":"Benito Juárez","city":null,"neighborhood":null,"category":"Alcaldía","type":null,"postalcode":null,"population":"434153","dwellings":"199993","occupied_dwellings":null,"pricem2":null,"propertyprice":null,"ids_prom":"0.061","nse":"C+","nse_label":"C+ (30%)","nse_score":"5.336","nse_ab":"42850","nse_cplus":"52639","nse_c":"34593","nse_cminus":"21918","nse_dplus":"12404","nse_d":"9783","nse_e":"855","nse_total":"175042","nse_ab_pct":"24.48","nse_cplus_pct":"30.07","nse_c_pct":"19.76","nse_cminus_pct":"12.52","nse_dplus_pct":"7.09","nse_d_pct":"5.59","nse_e_pct":"0.49"}},{"type":"Feature","geometry":{"type":"Polygon","coordinates":[[[-99.1704,19.3998],[-99.1702,19.3998],[-99.1701,19.3999],[-99.1689,19.4001],[-99.1682,19.4003],[-99.1681,19.4003],[-99.1680,19.4004],[-99.1680,19.4004],[-99.1679,19.4004],[-99.1678,19.4004],[-99.1675,19.4005],[-99.1671,19.4006],[-99.1665,19.4009],[-99.1659,19.4011],[-99.1656,19.4012],[-99.1653,19.4013],[-99.1648,19.4015],[-99.1643,19.4017],[-99.1638,19.4019],[-99.1632,19.4021],[-99.1630,19.4022],[-99.1627,19.4023],[-99.1624,19.4024],[-99.1623,19.4024],[-99.1622,19.4024],[-99.1618,19.4026],[-99.1613,19.4027],[-99.1609,19.4028],[-99.1608,19.4029],[-99.1605,19.4030],[-99.1603,19.4030],[-99.1602,19.4031],[-99.1597,19.4032],[-99.1590,19.4034],[-99.1585,19.4035],[-99.1581,19.4037],[-99.1577,19.4038],[-99.1572,19.4039],[-99.1570,19.4040],[-99.1567,19.4040],[-99.1563,19.4041],[-99.1562,19.4041],[-99.1556,19.4041],[-99.1554,19.4041],[-99.1552,19.4041],[-99.1531,19.4041],[-99.1524,19.4041],[-99.1518,19.4041],[-99.1512,19.4041],[-99.1511,19.4041],[-99.1504,19.4040],[-99.1502,19.4040],[-99.1502,19.4040],[-99.1502,19.4040],[-99.1501,19.4040],[-99.1497,19.4040],[-99.1488,19.4040],[-99.1486,19.4040],[-99.1485,19.4040],[-99.1479,19.4040],[-99.1476,19.4040],[-99.1468,19.4040],[-99.1460,19.4039],[-99.1459,19.4039],[-99.1452,19.4039],[-99.1450,19.4039],[-99.1448,19.4039],[-99.1442,19.4038],[-99.1434,19.4038],[-99.1428,19.4038],[-99.1427,19.4038],[-99.1426,19.4038],[-99.1417,19.4037],[-99.1409,19.4037],[-99.1402,19.4036],[-99.1400,19.4036],[-99.1400,19.4036],[-99.1391,19.4036],[-99.1383,19.4035],[-99.1382,19.4035],[-99.1381,19.4035],[-99.1376,19.4035],[-99.1374,19.4035],[-99.1373,19.4034],[-99.1373,19.4034],[-99.1373,19.4034],[-99.1372,19.4033],[-99.1372,19.4032],[-99.1372,19.4032],[-99.1371,19.4031],[-99.1370,19.4030],[-99.1369,19.4029],[-99.1368,19.4029],[-99.1367,19.4028],[-99.1366,19.4028],[-99.1364,19.4028],[-99.1363,19.4028],[-99.1360,19.4029],[-99.1359,19.4031],[-99.1357,19.4032],[-99.1357,19.4032],[-99.1357,19.4033],[-99.1356,19.4033],[-99.1355,19.4033],[-99.1354,19.4034],[-99.1352,19.4033],[-99.1347,19.4033],[-99.1343,19.4033],[-99.1339,19.4033],[-99.1339,19.4033],[-99.1339,19.4033],[-99.1338,19.4033],[-99.1338,19.4033],[-99.1337,19.4033],[-99.1337,19.4033],[-99.1337,19.4033],[-99.1332,19.4032],[-99.1329,19.4032],[-99.1327,19.4032],[-99.1325,19.4032],[-99.1322,19.4032],[-99.1320,19.4031],[-99.1316,19.4031],[-99.1315,19.4031],[-99.1311,19.4031],[-99.1311,19.4031],[-99.1309,19.4031],[-99.1306,19.4031],[-99.1305,19.4031],[-99.1303,19.4032],[-99.1300,19.4032],[-99.1298,19.4033],[-99.1295,19.4033],[-99.1291,19.4035],[-99.1291,19.4035],[-99.1290,19.4035],[-99.1289,19.4035],[-99.1288,19.4035],[-99.1287,19.4036],[-99.1287,19.4036],[-99.1287,19.4036],[-99.1283,19.4037],[-99.1281,19.4037],[-99.1279,19.4038],[-99.1277,19.4039],[-99.1275,19.4039],[-99.1271,19.4041],[-99.1265,19.4042],[-99.1264,19.4042],[-99.1260,19.4043],[-99.1259,19.4043],[-99.1259,19.4043],[-99.1257,19.4043],[-99.1257,19.4043],[-99.1257,19.4043],[-99.1259,19.4052],[-99.1261,19.4067],[-99.1262,19.4068],[-99.1263,19.4072],[-99.1264,19.4077],[-99.1265,19.4083],[-99.1267,19.4088],[-99.1272,19.4090],[-99.1272,19.4091],[-99.1272,19.4091],[-99.1272,19.4093],[-99.1272,19.4094],[-99.1272,19.4094],[-99.1272,19.4095],[-99.1272,19.4095],[-99.1272,19.4096],[-99.1273,19.4100],[-99.1273,19.4100],[-99.1274,19.4105],[-99.1276,19.4110],[-99.1276,19.4110],[-99.1276,19.4110],[-99.1276,19.4111],[-99.1277,19.4114],[-99.1278,19.4118],[-99.1278,19.4123],[-99.1279,19.4123],[-99.1280,19.4130],[-99.1280,19.4131],[-99.1281,19.4134],[-99.1282,19.4134],[-99.1282,19.4138],[-99.1281,19.4146],[-99.1279,19.4155],[-99.1278,19.4160],[-99.1278,19.4163],[-99.1276,19.4174],[-99.1274,19.4187],[-99.1274,19.4190],[-99.1271,19.4204],[-99.1270,19.4208],[-99.1266,19.4217],[-99.1262,19.4225],[-99.1261,19.4228],[-99.1260,19.4229],[-99.1259,19.4235],[-99.1258,19.4244],[-99.1256,19.4253],[-99.1256,19.4254],[-99.1256,19.4256],[-99.1255,19.4258],[-99.1255,19.4264],[-99.1255,19.4265],[-99.1254,19.4268],[-99.1253,19.4276],[-99.1252,19.4283],[-99.1251,19.4287],[-99.1250,19.4292],[-99.1249,19.4298],[-99.1249,19.4300],[-99.1248,19.4308],[-99.1247,19.4313],[-99.1246,19.4320],[-99.1245,19.4328],[-99.1243,19.4339],[-99.1242,19.4347],[-99.1241,19.4356],[-99.1241,19.4356],[-99.1241,19.4356],[-99.1241,19.4356],[-99.1239,19.4364],[-99.1238,19.4375],[-99.1236,19.4386],[-99.1234,19.4396],[-99.1234,19.4401],[-99.1234,19.4402],[-99.1233,19.4409],[-99.1232,19.4416],[-99.1231,19.4425],[-99.1231,19.4425],[-99.1231,19.4427],[-99.1238,19.4436],[-99.1239,19.4437],[-99.1240,19.4440],[-99.1241,19.4441],[-99.1242,19.4444],[-99.1245,19.4450],[-99.1254,19.4466],[-99.1256,19.4469],[-99.1257,19.4471],[-99.1258,19.4473],[-99.1259,19.4474],[-99.1259,19.4476],[-99.1259,19.4478],[-99.1259,19.4482],[-99.1257,19.4492],[-99.1256,19.4498],[-99.1255,19.4502],[-99.1252,19.4511],[-99.1251,19.4514],[-99.1250,19.4515],[-99.1250,19.4515],[-99.1248,19.4520],[-99.1244,19.4533],[-99.1243,19.4541],[-99.1242,19.4545],[-99.1241,19.4548],[-99.1238,19.4560],[-99.1237,19.4564],[-99.1237,19.4564],[-99.1236,19.4570],[-99.1234,19.4580],[-99.1233,19.4582],[-99.1232,19.4585],[-99.1228,19.4590],[-99.1222,19.4598],[-99.1222,19.4598],[-99.1224,19.4598],[-99.1229,19.4600],[-99.1233,19.4601],[-99.1237,19.4603],[-99.1242,19.4604],[-99.1246,19.4605],[-99.1255,19.4608],[-99.1264,19.4612],[-99.1274,19.4615],[-99.1276,19.4615],[-99.1281,19.4618],[-99.1285,19.4621],[-99.1288,19.4623],[-99.1292,19.4625],[-99.1295,19.4627],[-99.1304,19.4632],[-99.1309,19.4635],[-99.1314,19.4638],[-99.1324,19.4644],[-99.1329,19.4646],[-99.1331,19.4648],[-99.1333,19.4649],[-99.1337,19.4649],[-99.1338,19.4650],[-99.1342,19.4650],[-99.1349,19.4650],[-99.1361,19.4651],[-99.1375,19.4651],[-99.1386,19.4652],[-99.1392,19.4652],[-99.1398,19.4652],[-99.1408,19.4654],[-99.1410,19.4654],[-99.1411,19.4654],[-99.1412,19.4655],[-99.1413,19.4656],[-99.1414,19.4657],[-99.1415,19.4657],[-99.1417,19.4658],[-99.1417,19.4658],[-99.1419,19.4658],[-99.1421,19.4658],[-99.1424,19.4656],[-99.1425,19.4656],[-99.1431,19.4651],[-99.1452,19.4643],[-99.1458,19.4642],[-99.1463,19.4640],[-99.1466,19.4639],[-99.1468,19.4639],[-99.1473,19.4637],[-99.1477,19.4636],[-99.1480,19.4635],[-99.1483,19.4634],[-99.1487,19.4633],[-99.1500,19.4630],[-99.1503,19.4630],[-99.1506,19.4629],[-99.1508,19.4629],[-99.1517,19.4631],[-99.1524,19.4631],[-99.1529,19.4632],[-99.1532,19.4632],[-99.1535,19.4633],[-99.1536,19.4633],[-99.1545,19.4635],[-99.1550,19.4636],[-99.1557,19.4637],[-99.1561,19.4638],[-99.1565,19.4639],[-99.1571,19.4640],[-99.1573,19.4641],[-99.1576,19.4641],[-99.1579,19.4641],[-99.1582,19.4640],[-99.1587,19.4639],[-99.1589,19.4638],[-99.1591,19.4637],[-99.1593,19.4636],[-99.1595,19.4634],[-99.1595,19.4633],[-99.1597,19.4631],[-99.1600,19.4626],[-99.1603,19.4622],[-99.1604,19.4619],[-99.1607,19.4614],[-99.1609,19.4612],[-99.1611,19.4610],[-99.1613,19.4608],[-99.1616,19.4605],[-99.1621,19.4601],[-99.1623,19.4600],[-99.1626,19.4598],[-99.1627,19.4596],[-99.1628,19.4595],[-99.1629,19.4593],[-99.1631,19.4591],[-99.1632,19.4589],[-99.1633,19.4582],[-99.1635,19.4576],[-99.1636,19.4571],[-99.1637,19.4564],[-99.1637,19.4564],[-99.1637,19.4564],[-99.1638,19.4558],[-99.1638,19.4558],[-99.1638,19.4558],[-99.1639,19.4553],[-99.1640,19.4543],[-99.1641,19.4537],[-99.1642,19.4527],[-99.1642,19.4523],[-99.1642,19.4521],[-99.1643,19.4518],[-99.1643,19.4518],[-99.1643,19.4506],[-99.1643,19.4500],[-99.1644,19.4497],[-99.1645,19.4492],[-99.1647,19.4482],[-99.1648,19.4477],[-99.1649,19.4473],[-99.1650,19.4467],[-99.1651,19.4463],[-99.1652,19.4459],[-99.1653,19.4455],[-99.1654,19.4452],[-99.1655,19.4446],[-99.1657,19.4438],[-99.1658,19.4436],[-99.1659,19.4434],[-99.1664,19.4425],[-99.1669,19.4415],[-99.1674,19.4404],[-99.1676,19.4399],[-99.1679,19.4393],[-99.1682,19.4388],[-99.1685,19.4382],[-99.1688,19.4376],[-99.1691,19.4372],[-99.1697,19.4363],[-99.1706,19.4349],[-99.1712,19.4340],[-99.1714,19.4336],[-99.1717,19.4331],[-99.1722,19.4324],[-99.1726,19.4316],[-99.1730,19.4309],[-99.1738,19.4295],[-99.1743,19.4288],[-99.1744,19.4286],[-99.1747,19.4282],[-99.1747,19.4281],[-99.1756,19.4268],[-99.1757,19.4267],[-99.1762,19.4259],[-99.1765,19.4255],[-99.1767,19.4252],[-99.1771,19.4245],[-99.1776,19.4236],[-99.1776,19.4236],[-99.1769,19.4235],[-99.1768,19.4234],[-99.1765,19.4234],[-99.1765,19.4234],[-99.1765,19.4234],[-99.1765,19.4234],[-99.1762,19.4234],[-99.1759,19.4233],[-99.1757,19.4233],[-99.1752,19.4232],[-99.1751,19.4232],[-99.1751,19.4231],[-99.1751,19.4230],[-99.1753,19.4227],[-99.1753,19.4227],[-99.1753,19.4227],[-99.1754,19.4227],[-99.1755,19.4227],[-99.1756,19.4227],[-99.1757,19.4226],[-99.1763,19.4215],[-99.1763,19.4213],[-99.1764,19.4212],[-99.1763,19.4211],[-99.1763,19.4210],[-99.1764,19.4210],[-99.1764,19.4208],[-99.1764,19.4207],[-99.1765,19.4206],[-99.1765,19.4205],[-99.1766,19.4204],[-99.1766,19.4203],[-99.1767,19.4203],[-99.1767,19.4202],[-99.1769,19.4202],[-99.1770,19.4201],[-99.1771,19.4200],[-99.1775,19.4195],[-99.1776,19.4194],[-99.1778,19.4193],[-99.1779,19.4190],[-99.1781,19.4185],[-99.1783,19.4181],[-99.1783,19.4181],[-99.1790,19.4169],[-99.1795,19.4159],[-99.1797,19.4155],[-99.1803,19.4145],[-99.1805,19.4141],[-99.1810,19.4133],[-99.1811,19.4131],[-99.1814,19.4127],[-99.1816,19.4124],[-99.1821,19.4115],[-99.1823,19.4113],[-99.1825,19.4109],[-99.1827,19.4107],[-99.1829,19.4104],[-99.1830,19.4103],[-99.1835,19.4094],[-99.1835,19.4093],[-99.1843,19.4078],[-99.1843,19.4078],[-99.1838,19.4077],[-99.1838,19.4077],[-99.1832,19.4075],[-99.1825,19.4072],[-99.1807,19.4066],[-99.1798,19.4064],[-99.1789,19.4061],[-99.1779,19.4057],[-99.1777,19.4057],[-99.1771,19.4054],[-99.1762,19.4051],[-99.1753,19.4048],[-99.1749,19.4047],[-99.1744,19.4045],[-99.1741,19.4044],[-99.1736,19.4042],[-99.1735,19.4042],[-99.1726,19.4039],[-99.1718,19.4037],[-99.1717,19.4036],[-99.1711,19.4035],[-99.1711,19.4035],[-99.1710,19.4029],[-99.1710,19.4027],[-99.1709,19.4024],[-99.1709,19.4022],[-99.1709,19.4022],[-99.1708,19.4018],[-99.1708,19.4018],[-99.1707,19.4017],[-99.1707,19.4017],[-99.1704,19.4005],[-99.1704,19.4003],[-99.1704,19.4003],[-99.1704,19.4002],[-99.1704,19.4002],[-99.1704,19.4000],[-99.1704,19.3998]]]},"properties":{"cvegeo":"09015","match":"Municipality","name":"Cuauhtémoc","state":"Ciudad de México","municipality":"Cuauhtémoc","city":null,"neighborhood":null,"category":"Alcaldía","type":null,"postalcode":null,"population":"545884","dwellings":"227906","occupied_dwellings":null,"pricem2":null,"propertyprice":null,"ids_prom":"0.163","nse":"C","nse_label":"C (20%)","nse_score":"4.390","nse_ab":"19958","nse_cplus":"36796","nse_c":"40456","nse_cminus":"37248","nse_dplus":"29921","nse_d":"28731","nse_e":"3323","nse_total":"196433","nse_ab_pct":"10.16","nse_cplus_pct":"18.73","nse_c_pct":"20.60","nse_cminus_pct":"18.96","nse_dplus_pct":"15.23","nse_d_pct":"14.63","nse_e_pct":"1.69"}},{"type":"Feature","geometry":{"type":"Polygon","coordinates":[[[-99.2477,19.3860],[-99.2476,19.3860],[-99.2466,19.3868],[-99.2462,19.3871],[-99.2460,19.3872],[-99.2457,19.3873],[-99.2455,19.3874],[-99.2452,19.3874],[-99.2450,19.3874],[-99.2448,19.3873],[-99.2436,19.3870],[-99.2433,19.3869],[-99.2432,19.3869],[-99.2429,19.3870],[-99.2427,19.3870],[-99.2421,19.3874],[-99.2414,19.3880],[-99.2411,19.3881],[-99.2405,19.3885],[-99.2402,19.3887],[-99.2399,19.3889],[-99.2397,19.3891],[-99.2395,19.3894],[-99.2394,19.3896],[-99.2391,19.3904],[-99.2390,19.3907],[-99.2390,19.3911],[-99.2390,19.3917],[-99.2390,19.3923],[-99.2390,19.3925],[-99.2389,19.3927],[-99.2388,19.3928],[-99.2380,19.3934],[-99.2378,19.3935],[-99.2376,19.3936],[-99.2374,19.3936],[-99.2371,19.3936],[-99.2365,19.3935],[-99.2363,19.3935],[-99.2360,19.3936],[-99.2358,19.3936],[-99.2355,19.3937],[-99.2328,19.3948],[-99.2326,19.3949],[-99.2323,19.3949],[-99.2319,19.3949],[-99.2315,19.3949],[-99.2313,19.3949],[-99.2311,19.3949],[-99.2309,19.3949],[-99.2305,19.3951],[-99.2300,19.3953],[-99.2298,19.3953],[-99.2292,19.3954],[-99.2282,19.3956],[-99.2277,19.3957],[-99.2273,19.3958],[-99.2270,19.3958],[-99.2266,19.3958],[-99.2260,19.3957],[-99.2258,19.3957],[-99.2257,19.3957],[-99.2252,19.3956],[-99.2250,19.3956],[-99.2242,19.3957],[-99.2236,19.3959],[-99.2224,19.3962],[-99.2221,19.3963],[-99.2195,19.3972],[-99.2183,19.3976],[-99.2181,19.3976],[-99.2171,19.3980],[-99.2169,19.3980],[-99.2163,19.3983],[-99.2159,19.3984],[-99.2149,19.3987],[-99.2145,19.3988],[-99.2139,19.3991],[-99.2130,19.3996],[-99.2127,19.3998],[-99.2126,19.3998],[-99.2120,19.3999],[-99.2115,19.4001],[-99.2109,19.4003],[-99.2105,19.4004],[-99.2105,19.4004],[-99.2104,19.4004],[-99.2104,19.4004],[-99.2090,19.4007],[-99.2084,19.4008],[-99.2078,19.4009],[-99.2062,19.4011],[-99.2050,19.4012],[-99.2046,19.4013],[-99.2037,19.4014],[-99.2031,19.4014],[-99.2025,19.4015],[-99.2022,19.4015],[-99.2019,19.4016],[-99.2015,19.4016],[-99.2014,19.4017],[-99.2010,19.4018],[-99.2005,19.4020],[-99.1999,19.4023],[-99.1996,19.4024],[-99.1989,19.4027],[-99.1984,19.4029],[-99.1983,19.4029],[-99.1981,19.4030],[-99.1976,19.4031],[-99.1967,19.4032],[-99.1966,19.4032],[-99.1963,19.4032],[-99.1959,19.4033],[-99.1954,19.4033],[-99.1950,19.4034],[-99.1947,19.4035],[-99.1945,19.4035],[-99.1943,19.4035],[-99.1942,19.4035],[-99.1938,19.4036],[-99.1937,19.4036],[-99.1930,19.4037],[-99.1925,19.4037],[-99.1924,19.4037],[-99.1922,19.4037],[-99.1922,19.4037],[-99.1922,19.4032],[-99.1922,19.4031],[-99.1922,19.4026],[-99.1923,19.4024],[-99.1923,19.4017],[-99.1923,19.4014],[-99.1923,19.4013],[-99.1922,19.4011],[-99.1921,19.4010],[-99.1921,19.4010],[-99.1920,19.4009],[-99.1919,19.4007],[-99.1915,19.4004],[-99.1913,19.4003],[-99.1912,19.4001],[-99.1908,19.3997],[-99.1908,19.3996],[-99.1906,19.3993],[-99.1905,19.3990],[-99.1904,19.3988],[-99.1902,19.3983],[-99.1899,19.3977],[-99.1899,19.3976],[-99.1896,19.3969],[-99.1893,19.3961],[-99.1891,19.3957],[-99.1891,19.3956],[-99.1890,19.3956],[-99.1886,19.3956],[-99.1885,19.3956],[-99.1878,19.3957],[-99.1876,19.3957],[-99.1875,19.3957],[-99.1865,19.3956],[-99.1864,19.3956],[-99.1860,19.3958],[-99.1853,19.3959],[-99.1852,19.3960],[-99.1845,19.3961],[-99.1843,19.3961],[-99.1841,19.3962],[-99.1834,19.3964],[-99.1825,19.3968],[-99.1822,19.3969],[-99.1821,19.3970],[-99.1817,19.3970],[-99.1812,19.3971],[-99.1810,19.3971],[-99.1801,19.3973],[-99.1795,19.3974],[-99.1789,19.3974],[-99.1782,19.3975],[-99.1778,19.3976],[-99.1777,19.3976],[-99.1767,19.3978],[-99.1766,19.3978],[-99.1760,19.3980],[-99.1755,19.3981],[-99.1745,19.3985],[-99.1745,19.3986],[-99.1745,19.3986],[-99.1741,19.3987],[-99.1740,19.3987],[-99.1734,19.3989],[-99.1731,19.3990],[-99.1723,19.3992],[-99.1704,19.3998],[-99.1704,19.4000],[-99.1704,19.4002],[-99.1704,19.4002],[-99.1704,19.4003],[-99.1704,19.4003],[-99.1704,19.4005],[-99.1707,19.4017],[-99.1707,19.4017],[-99.1708,19.4018],[-99.1708,19.4018],[-99.1709,19.4022],[-99.1709,19.4022],[-99.1709,19.4024],[-99.1710,19.4027],[-99.1710,19.4029],[-99.1711,19.4035],[-99.1711,19.4035],[-99.1717,19.4036],[-99.1718,19.4037],[-99.1726,19.4039],[-99.1735,19.4042],[-99.1736,19.4042],[-99.1741,19.4044],[-99.1744,19.4045],[-99.1749,19.4047],[-99.1753,19.4048],[-99.1762,19.4051],[-99.1771,19.4054],[-99.1777,19.4057],[-99.1779,19.4057],[-99.1789,19.4061],[-99.1798,19.4064],[-99.1807,19.4066],[-99.1825,19.4072],[-99.1832,19.4075],[-99.1838,19.4077],[-99.1838,19.4077],[-99.1843,19.4078],[-99.1843,19.4078],[-99.1835,19.4093],[-99.1835,19.4094],[-99.1830,19.4103],[-99.1829,19.4104],[-99.1827,19.4107],[-99.1825,19.4109],[-99.1823,19.4113],[-99.1821,19.4115],[-99.1816,19.4124],[-99.1814,19.4127],[-99.1811,19.4131],[-99.1810,19.4133],[-99.1805,19.4141],[-99.1803,19.4145],[-99.1797,19.4155],[-99.1795,19.4159],[-99.1790,19.4169],[-99.1783,19.4181],[-99.1783,19.4181],[-99.1781,19.4185],[-99.1779,19.4190],[-99.1778,19.4193],[-99.1776,19.4194],[-99.1775,19.4195],[-99.1771,19.4200],[-99.1770,19.4201],[-99.1769,19.4202],[-99.1767,19.4202],[-99.1767,19.4203],[-99.1766,19.4203],[-99.1766,19.4204],[-99.1765,19.4205],[-99.1765,19.4206],[-99.1764,19.4207],[-99.1764,19.4208],[-99.1764,19.4210],[-99.1763,19.4210],[-99.1763,19.4211],[-99.1764,19.4212],[-99.1763,19.4213],[-99.1763,19.4215],[-99.1757,19.4226],[-99.1756,19.4227],[-99.1755,19.4227],[-99.1754,19.4227],[-99.1753,19.4227],[-99.1753,19.4227],[-99.1753,19.4227],[-99.1751,19.4230],[-99.1751,19.4231],[-99.1751,19.4232],[-99.1752,19.4232],[-99.1757,19.4233],[-99.1759,19.4233],[-99.1762,19.4234],[-99.1765,19.4234],[-99.1765,19.4234],[-99.1765,19.4234],[-99.1765,19.4234],[-99.1768,19.4234],[-99.1769,19.4235],[-99.1776,19.4236],[-99.1776,19.4236],[-99.1771,19.4245],[-99.1767,19.4252],[-99.1765,19.4255],[-99.1762,19.4259],[-99.1757,19.4267],[-99.1756,19.4268],[-99.1747,19.4281],[-99.1747,19.4282],[-99.1744,19.4286],[-99.1743,19.4288],[-99.1738,19.4295],[-99.1730,19.4309],[-99.1726,19.4316],[-99.1722,19.4324],[-99.1717,19.4331],[-99.1714,19.4336],[-99.1712,19.4340],[-99.1706,19.4349],[-99.1697,19.4363],[-99.1691,19.4372],[-99.1688,19.4376],[-99.1685,19.4382],[-99.1682,19.4388],[-99.1679,19.4393],[-99.1676,19.4399],[-99.1674,19.4404],[-99.1669,19.4415],[-99.1664,19.4425],[-99.1659,19.4434],[-99.1658,19.4436],[-99.1657,19.4438],[-99.1655,19.4446],[-99.1654,19.4452],[-99.1653,19.4455],[-99.1652,19.4459],[-99.1651,19.4463],[-99.1650,19.4467],[-99.1649,19.4473],[-99.1648,19.4477],[-99.1647,19.4482],[-99.1645,19.4492],[-99.1644,19.4497],[-99.1643,19.4500],[-99.1643,19.4506],[-99.1643,19.4518],[-99.1643,19.4518],[-99.1642,19.4521],[-99.1642,19.4523],[-99.1642,19.4527],[-99.1641,19.4537],[-99.1640,19.4543],[-99.1639,19.4553],[-99.1638,19.4558],[-99.1638,19.4558],[-99.1638,19.4558],[-99.1637,19.4564],[-99.1637,19.4564],[-99.1637,19.4564],[-99.1642,19.4565],[-99.1651,19.4567],[-99.1656,19.4567],[-99.1674,19.4570],[-99.1683,19.4572],[-99.1684,19.4572],[-99.1704,19.4575],[-99.1711,19.4576],[-99.1711,19.4576],[-99.1738,19.4581],[-99.1746,19.4582],[-99.1750,19.4583],[-99.1758,19.4584],[-99.1769,19.4586],[-99.1775,19.4587],[-99.1778,19.4587],[-99.1780,19.4588],[-99.1788,19.4589],[-99.1789,19.4590],[-99.1799,19.4591],[-99.1811,19.4593],[-99.1820,19.4595],[-99.1831,19.4596],[-99.1841,19.4598],[-99.1841,19.4598],[-99.1842,19.4599],[-99.1853,19.4600],[-99.1854,19.4600],[-99.1872,19.4605],[-99.1873,19.4605],[-99.1885,19.4608],[-99.1885,19.4608],[-99.1882,19.4623],[-99.1882,19.4624],[-99.1880,19.4637],[-99.1880,19.4638],[-99.1880,19.4638],[-99.1891,19.4642],[-99.1900,19.4644],[-99.1907,19.4647],[-99.1907,19.4647],[-99.1907,19.4651],[-99.1907,19.4657],[-99.1907,19.4659],[-99.1906,19.4679],[-99.1904,19.4704],[-99.1904,19.4705],[-99.1906,19.4705],[-99.1910,19.4706],[-99.1914,19.4708],[-99.1925,19.4710],[-99.1926,19.4710],[-99.1927,19.4711],[-99.1927,19.4711],[-99.1930,19.4711],[-99.1933,19.4712],[-99.1935,19.4713],[-99.1941,19.4714],[-99.1946,19.4715],[-99.1949,19.4716],[-99.1950,19.4716],[-99.1951,19.4717],[-99.1952,19.4717],[-99.1953,19.4717],[-99.1956,19.4718],[-99.1961,19.4720],[-99.1967,19.4721],[-99.1971,19.4723],[-99.1975,19.4724],[-99.1977,19.4724],[-99.1978,19.4725],[-99.1980,19.4725],[-99.1983,19.4726],[-99.1983,19.4726],[-99.1984,19.4726],[-99.1991,19.4729],[-99.1998,19.4731],[-99.2001,19.4732],[-99.2003,19.4732],[-99.2007,19.4733],[-99.2008,19.4734],[-99.2010,19.4734],[-99.2014,19.4732],[-99.2023,19.4730],[-99.2034,19.4727],[-99.2043,19.4724],[-99.2050,19.4722],[-99.2053,19.4720],[-99.2065,19.4714],[-99.2068,19.4712],[-99.2072,19.4696],[-99.2077,19.4697],[-99.2080,19.4698],[-99.2082,19.4699],[-99.2082,19.4699],[-99.2082,19.4699],[-99.2087,19.4700],[-99.2087,19.4700],[-99.2089,19.4701],[-99.2089,19.4701],[-99.2099,19.4694],[-99.2105,19.4688],[-99.2106,19.4687],[-99.2107,19.4685],[-99.2110,19.4683],[-99.2114,19.4680],[-99.2114,19.4680],[-99.2115,19.4680],[-99.2116,19.4674],[-99.2117,19.4671],[-99.2118,19.4671],[-99.2119,19.4671],[-99.2121,19.4671],[-99.2124,19.4664],[-99.2135,19.4629],[-99.2135,19.4629],[-99.2130,19.4626],[-99.2126,19.4625],[-99.2126,19.4624],[-99.2139,19.4604],[-99.2140,19.4595],[-99.2142,19.4587],[-99.2142,19.4586],[-99.2149,19.4574],[-99.2152,19.4565],[-99.2152,19.4564],[-99.2152,19.4564],[-99.2153,19.4563],[-99.2153,19.4562],[-99.2157,19.4556],[-99.2160,19.4553],[-99.2161,19.4552],[-99.2163,19.4549],[-99.2164,19.4547],[-99.2168,19.4543],[-99.2170,19.4541],[-99.2170,19.4541],[-99.2174,19.4537],[-99.2179,19.4534],[-99.2181,19.4533],[-99.2181,19.4532],[-99.2182,19.4532],[-99.2185,19.4531],[-99.2185,19.4531],[-99.2186,19.4530],[-99.2189,19.4530],[-99.2190,19.4530],[-99.2192,19.4529],[-99.2194,19.4529],[-99.2198,19.4529],[-99.2200,19.4529],[-99.2200,19.4522],[-99.2200,19.4519],[-99.2200,19.4515],[-99.2201,19.4490],[-99.2201,19.4480],[-99.2201,19.4473],[-99.2201,19.4464],[-99.2201,19.4463],[-99.2201,19.4461],[-99.2201,19.4460],[-99.2201,19.4458],[-99.2200,19.4456],[-99.2199,19.4454],[-99.2198,19.4454],[-99.2198,19.4452],[-99.2196,19.4451],[-99.2195,19.4450],[-99.2194,19.4449],[-99.2192,19.4448],[-99.2183,19.4443],[-99.2182,19.4442],[-99.2182,19.4442],[-99.2181,19.4441],[-99.2181,19.4441],[-99.2182,19.4441],[-99.2187,19.4440],[-99.2195,19.4439],[-99.2197,19.4438],[-99.2201,19.4438],[-99.2206,19.4437],[-99.2209,19.4434],[-99.2220,19.4427],[-99.2236,19.4416],[-99.2279,19.4386],[-99.2281,19.4384],[-99.2285,19.4381],[-99.2286,19.4381],[-99.2287,19.4380],[-99.2289,19.4378],[-99.2291,19.4378],[-99.2296,19.4374],[-99.2296,19.4374],[-99.2295,19.4373],[-99.2287,19.4369],[-99.2285,19.4368],[-99.2286,19.4368],[-99.2287,19.4367],[-99.2287,19.4367],[-99.2282,19.4360],[-99.2280,19.4362],[-99.2274,19.4359],[-99.2273,19.4359],[-99.2273,19.4358],[-99.2275,19.4352],[-99.2275,19.4351],[-99.2274,19.4349],[-99.2273,19.4348],[-99.2273,19.4348],[-99.2272,19.4347],[-99.2270,19.4345],[-99.2264,19.4342],[-99.2263,19.4341],[-99.2262,19.4341],[-99.2262,19.4340],[-99.2262,19.4340],[-99.2262,19.4339],[-99.2262,19.4337],[-99.2264,19.4328],[-99.2267,19.4323],[-99.2268,19.4319],[-99.2269,19.4316],[-99.2269,19.4314],[-99.2268,19.4313],[-99.2268,19.4313],[-99.2267,19.4312],[-99.2266,19.4312],[-99.2265,19.4311],[-99.2252,19.4305],[-99.2248,19.4303],[-99.2244,19.4301],[-99.2243,19.4300],[-99.2237,19.4297],[-99.2236,19.4296],[-99.2234,19.4295],[-99.2233,19.4294],[-99.2232,19.4293],[-99.2232,19.4293],[-99.2232,19.4292],[-99.2231,19.4291],[-99.2230,19.4287],[-99.2230,19.4286],[-99.2230,19.4285],[-99.2229,19.4281],[-99.2227,19.4277],[-99.2226,19.4273],[-99.2225,19.4273],[-99.2223,19.4271],[-99.2223,19.4271],[-99.2223,19.4270],[-99.2223,19.4269],[-99.2226,19.4267],[-99.2227,19.4266],[-99.2228,19.4264],[-99.2228,19.4264],[-99.2232,19.4266],[-99.2238,19.4268],[-99.2243,19.4270],[-99.2245,19.4271],[-99.2246,19.4270],[-99.2248,19.4268],[-99.2252,19.4267],[-99.2255,19.4266],[-99.2257,19.4264],[-99.2259,19.4262],[-99.2261,19.4258],[-99.2263,19.4252],[-99.2267,19.4247],[-99.2268,19.4245],[-99.2270,19.4243],[-99.2272,19.4243],[-99.2274,19.4243],[-99.2275,19.4242],[-99.2276,19.4242],[-99.2277,19.4242],[-99.2278,19.4241],[-99.2278,19.4241],[-99.2278,19.4240],[-99.2279,19.4238],[-99.2279,19.4237],[-99.2279,19.4236],[-99.2279,19.4236],[-99.2279,19.4236],[-99.2281,19.4235],[-99.2282,19.4235],[-99.2283,19.4235],[-99.2285,19.4234],[-99.2285,19.4233],[-99.2287,19.4232],[-99.2287,19.4230],[-99.2289,19.4227],[-99.2290,19.4226],[-99.2292,19.4225],[-99.2294,19.4222],[-99.2294,19.4222],[-99.2295,19.4222],[-99.2297,19.4221],[-99.2298,19.4220],[-99.2301,19.4218],[-99.2303,19.4218],[-99.2304,19.4218],[-99.2305,19.4218],[-99.2307,19.4217],[-99.2308,19.4217],[-99.2308,19.4217],[-99.2309,19.4216],[-99.2309,19.4215],[-99.2310,19.4214],[-99.2310,19.4213],[-99.2310,19.4211],[-99.2311,19.4210],[-99.2311,19.4209],[-99.2312,19.4209],[-99.2313,19.4208],[-99.2315,19.4208],[-99.2316,19.4207],[-99.2316,19.4206],[-99.2316,19.4203],[-99.2317,19.4202],[-99.2318,19.4200],[-99.2321,19.4199],[-99.2324,19.4198],[-99.2324,19.4197],[-99.2324,19.4196],[-99.2324,19.4195],[-99.2325,19.4194],[-99.2325,19.4194],[-99.2326,19.4194],[-99.2329,19.4194],[-99.2330,19.4194],[-99.2330,19.4193],[-99.2330,19.4190],[-99.2330,19.4189],[-99.2331,19.4187],[-99.2331,19.4186],[-99.2331,19.4185],[-99.2331,19.4184],[-99.2331,19.4183],[-99.2332,19.4182],[-99.2332,19.4180],[-99.2332,19.4178],[-99.2334,19.4178],[-99.2334,19.4176],[-99.2334,19.4175],[-99.2334,19.4172],[-99.2336,19.4166],[-99.2338,19.4167],[-99.2339,19.4168],[-99.2341,19.4168],[-99.2343,19.4167],[-99.2344,19.4166],[-99.2345,19.4164],[-99.2346,19.4160],[-99.2349,19.4157],[-99.2354,19.4154],[-99.2356,19.4152],[-99.2357,19.4150],[-99.2359,19.4145],[-99.2362,19.4141],[-99.2365,19.4136],[-99.2367,19.4131],[-99.2369,19.4127],[-99.2370,19.4126],[-99.2373,19.4124],[-99.2376,19.4122],[-99.2381,19.4121],[-99.2384,19.4120],[-99.2386,19.4120],[-99.2389,19.4120],[-99.2396,19.4122],[-99.2399,19.4122],[-99.2402,19.4121],[-99.2408,19.4119],[-99.2414,19.4117],[-99.2419,19.4115],[-99.2423,19.4113],[-99.2427,19.4111],[-99.2430,19.4108],[-99.2434,19.4107],[-99.2437,19.4105],[-99.2440,19.4102],[-99.2442,19.4099],[-99.2450,19.4097],[-99.2461,19.4093],[-99.2466,19.4091],[-99.2475,19.4088],[-99.2477,19.4088],[-99.2480,19.4088],[-99.2481,19.4087],[-99.2483,19.4086],[-99.2485,19.4085],[-99.2486,19.4083],[-99.2486,19.4083],[-99.2487,19.4083],[-99.2487,19.4083],[-99.2488,19.4082],[-99.2490,19.4080],[-99.2492,19.4077],[-99.2494,19.4075],[-99.2497,19.4074],[-99.2501,19.4072],[-99.2503,19.4070],[-99.2505,19.4068],[-99.2505,19.4067],[-99.2506,19.4067],[-99.2506,19.4067],[-99.2507,19.4066],[-99.2509,19.4064],[-99.2517,19.4062],[-99.2522,19.4060],[-99.2528,19.4057],[-99.2533,19.4051],[-99.2537,19.4050],[-99.2543,19.4049],[-99.2549,19.4046],[-99.2553,19.4041],[-99.2556,19.4038],[-99.2557,19.4037],[-99.2558,19.4036],[-99.2557,19.4033],[-99.2556,19.4031],[-99.2554,19.4026],[-99.2554,19.4025],[-99.2554,19.4024],[-99.2554,19.4023],[-99.2554,19.4022],[-99.2554,19.4020],[-99.2554,19.4019],[-99.2554,19.4019],[-99.2552,19.4015],[-99.2552,19.4013],[-99.2553,19.4011],[-99.2553,19.4010],[-99.2554,19.4007],[-99.2554,19.4004],[-99.2554,19.4001],[-99.2552,19.3995],[-99.2552,19.3991],[-99.2553,19.3987],[-99.2554,19.3982],[-99.2557,19.3973],[-99.2562,19.3967],[-99.2564,19.3965],[-99.2577,19.3956],[-99.2582,19.3952],[-99.2584,19.3951],[-99.2590,19.3948],[-99.2592,19.3947],[-99.2593,19.3946],[-99.2595,19.3945],[-99.2596,19.3944],[-99.2596,19.3943],[-99.2596,19.3943],[-99.2597,19.3942],[-99.2597,19.3941],[-99.2596,19.3940],[-99.2596,19.3938],[-99.2596,19.3937],[-99.2594,19.3932],[-99.2593,19.3927],[-99.2593,19.3926],[-99.2593,19.3926],[-99.2592,19.3926],[-99.2592,19.3926],[-99.2589,19.3924],[-99.2588,19.3924],[-99.2587,19.3925],[-99.2585,19.3927],[-99.2584,19.3927],[-99.2578,19.3928],[-99.2568,19.3928],[-99.2567,19.3929],[-99.2565,19.3929],[-99.2561,19.3933],[-99.2560,19.3934],[-99.2558,19.3935],[-99.2557,19.3935],[-99.2555,19.3935],[-99.2553,19.3935],[-99.2551,19.3936],[-99.2548,19.3937],[-99.2546,19.3939],[-99.2544,19.3940],[-99.2544,19.3941],[-99.2544,19.3941],[-99.2544,19.3942],[-99.2544,19.3943],[-99.2544,19.3943],[-99.2548,19.3947],[-99.2548,19.3947],[-99.2549,19.3948],[-99.2549,19.3950],[-99.2549,19.3951],[-99.2549,19.3952],[-99.2548,19.3952],[-99.2548,19.3952],[-99.2546,19.3952],[-99.2544,19.3951],[-99.2543,19.3950],[-99.2539,19.3947],[-99.2535,19.3942],[-99.2532,19.3940],[-99.2530,19.3937],[-99.2530,19.3937],[-99.2530,19.3936],[-99.2530,19.3936],[-99.2529,19.3936],[-99.2526,19.3935],[-99.2519,19.3935],[-99.2516,19.3935],[-99.2515,19.3935],[-99.2513,19.3935],[-99.2510,19.3936],[-99.2509,19.3937],[-99.2506,19.3937],[-99.2502,19.3937],[-99.2500,19.3937],[-99.2499,19.3936],[-99.2496,19.3936],[-99.2494,19.3935],[-99.2493,19.3934],[-99.2491,19.3935],[-99.2489,19.3935],[-99.2487,19.3937],[-99.2485,19.3938],[-99.2484,19.3940],[-99.2482,19.3941],[-99.2480,19.3943],[-99.2478,19.3943],[-99.2476,19.3943],[-99.2472,19.3943],[-99.2470,19.3942],[-99.2470,19.3942],[-99.2469,19.3941],[-99.2469,19.3941],[-99.2469,19.3940],[-99.2469,19.3940],[-99.2468,19.3939],[-99.2468,19.3937],[-99.2467,19.3935],[-99.2468,19.3932],[-99.2469,19.3928],[-99.2470,19.3927],[-99.2472,19.3924],[-99.2477,19.3920],[-99.2478,19.3919],[-99.2479,19.3918],[-99.2481,19.3913],[-99.2482,19.3911],[-99.2484,19.3908],[-99.2484,19.3907],[-99.2484,19.3907],[-99.2484,19.3907],[-99.2485,19.3906],[-99.2485,19.3904],[-99.2485,19.3903],[-99.2485,19.3902],[-99.2484,19.3888],[-99.2483,19.3877],[-99.2483,19.3875],[-99.2481,19.3871],[-99.2480,19.3868],[-99.2480,19.3868],[-99.2478,19.3865],[-99.2478,19.3865],[-99.2477,19.3863],[-99.2476,19.3862],[-99.2476,19.3862],[-99.2476,19.3862],[-99.2477,19.3860]]]},"properties":{"cvegeo":"09016","match":"Municipality","name":"Miguel Hidalgo","state":"Ciudad de México","municipality":"Miguel Hidalgo","city":null,"neighborhood":null,"category":"Alcaldía","type":null,"postalcode":null,"population":"414470","dwellings":"168191","occupied_dwellings":null,"pricem2":null,"propertyprice":null,"ids_prom":"0.117","nse":"C+","nse_label":"C+ (24%)","nse_score":"4.923","nse_ab":"28907","nse_cplus":"35149","nse_c":"26881","nse_cminus":"21222","nse_dplus":"15049","nse_d":"14633","nse_e":"2202","nse_total":"144043","nse_ab_pct":"20.07","nse_cplus_pct":"24.40","nse_c_pct":"18.66","nse_cminus_pct":"14.73","nse_dplus_pct":"10.45","nse_d_pct":"10.16","nse_e_pct":"1.53"}},{"type":"Feature","geometry":{"type":"Polygon","coordinates":[[[-99.1257,19.4043],[-99.1257,19.4043],[-99.1257,19.4043],[-99.1256,19.4043],[-99.1256,19.4044],[-99.1239,19.4046],[-99.1237,19.4047],[-99.1233,19.4048],[-99.1223,19.4049],[-99.1217,19.4050],[-99.1216,19.4050],[-99.1216,19.4050],[-99.1216,19.4051],[-99.1216,19.4051],[-99.1211,19.4051],[-99.1210,19.4052],[-99.1204,19.4052],[-99.1201,19.4053],[-99.1197,19.4054],[-99.1188,19.4055],[-99.1181,19.4055],[-99.1172,19.4055],[-99.1172,19.4055],[-99.1167,19.4055],[-99.1167,19.4055],[-99.1164,19.4055],[-99.1164,19.4055],[-99.1156,19.4055],[-99.1151,19.4056],[-99.1146,19.4056],[-99.1146,19.4056],[-99.1144,19.4056],[-99.1144,19.4057],[-99.1139,19.4058],[-99.1136,19.4058],[-99.1136,19.4058],[-99.1135,19.4059],[-99.1135,19.4059],[-99.1132,19.4059],[-99.1128,19.4060],[-99.1122,19.4061],[-99.1102,19.4065],[-99.1074,19.4071],[-99.1061,19.4074],[-99.1056,19.4075],[-99.1048,19.4077],[-99.1035,19.4079],[-99.1028,19.4081],[-99.1019,19.4083],[-99.1011,19.4084],[-99.0997,19.4087],[-99.0992,19.4088],[-99.0989,19.4089],[-99.0981,19.4089],[-99.0981,19.4089],[-99.0980,19.4091],[-99.0980,19.4091],[-99.0980,19.4091],[-99.0979,19.4091],[-99.0978,19.4092],[-99.0975,19.4092],[-99.0972,19.4092],[-99.0972,19.4092],[-99.0971,19.4092],[-99.0971,19.4092],[-99.0971,19.4092],[-99.0971,19.4092],[-99.0970,19.4092],[-99.0970,19.4092],[-99.0964,19.4091],[-99.0961,19.4091],[-99.0957,19.4091],[-99.0956,19.4090],[-99.0952,19.4090],[-99.0948,19.4089],[-99.0943,19.4089],[-99.0939,19.4088],[-99.0935,19.4088],[-99.0931,19.4087],[-99.0931,19.4087],[-99.0930,19.4087],[-99.0930,19.4087],[-99.0927,19.4086],[-99.0926,19.4086],[-99.0923,19.4086],[-99.0920,19.4086],[-99.0916,19.4085],[-99.0916,19.4085],[-99.0911,19.4084],[-99.0905,19.4083],[-99.0904,19.4083],[-99.0903,19.4083],[-99.0903,19.4083],[-99.0902,19.4083],[-99.0895,19.4082],[-99.0889,19.4081],[-99.0883,19.4080],[-99.0875,19.4079],[-99.0869,19.4078],[-99.0864,19.4077],[-99.0859,19.4077],[-99.0858,19.4077],[-99.0857,19.4076],[-99.0857,19.4076],[-99.0853,19.4076],[-99.0847,19.4075],[-99.0841,19.4074],[-99.0837,19.4074],[-99.0836,19.4073],[-99.0836,19.4073],[-99.0831,19.4073],[-99.0825,19.4072],[-99.0819,19.4071],[-99.0816,19.4071],[-99.0814,19.4070],[-99.0813,19.4070],[-99.0811,19.4070],[-99.0809,19.4070],[-99.0808,19.4070],[-99.0802,19.4069],[-99.0799,19.4069],[-99.0798,19.4069],[-99.0797,19.4069],[-99.0795,19.4069],[-99.0791,19.4070],[-99.0790,19.4070],[-99.0785,19.4070],[-99.0782,19.4071],[-99.0781,19.4071],[-99.0781,19.4071],[-99.0780,19.4071],[-99.0776,19.4077],[-99.0771,19.4084],[-99.0771,19.4084],[-99.0773,19.4085],[-99.0773,19.4085],[-99.0772,19.4087],[-99.0772,19.4087],[-99.0771,19.4088],[-99.0770,19.4090],[-99.0769,19.4091],[-99.0769,19.4091],[-99.0769,19.4091],[-99.0769,19.4091],[-99.0769,19.4091],[-99.0769,19.4092],[-99.0768,19.4093],[-99.0767,19.4094],[-99.0767,19.4094],[-99.0767,19.4095],[-99.0766,19.4095],[-99.0763,19.4099],[-99.0763,19.4100],[-99.0761,19.4103],[-99.0759,19.4106],[-99.0756,19.4110],[-99.0755,19.4113],[-99.0753,19.4115],[-99.0751,19.4118],[-99.0750,19.4120],[-99.0748,19.4124],[-99.0744,19.4129],[-99.0740,19.4135],[-99.0738,19.4139],[-99.0735,19.4143],[-99.0735,19.4143],[-99.0734,19.4144],[-99.0734,19.4144],[-99.0733,19.4145],[-99.0733,19.4146],[-99.0733,19.4146],[-99.0732,19.4147],[-99.0732,19.4147],[-99.0731,19.4148],[-99.0723,19.4162],[-99.0722,19.4163],[-99.0720,19.4167],[-99.0720,19.4167],[-99.0715,19.4175],[-99.0714,19.4176],[-99.0714,19.4176],[-99.0713,19.4177],[-99.0707,19.4187],[-99.0706,19.4188],[-99.0703,19.4193],[-99.0699,19.4199],[-99.0698,19.4201],[-99.0695,19.4203],[-99.0693,19.4204],[-99.0690,19.4205],[-99.0687,19.4206],[-99.0684,19.4207],[-99.0682,19.4208],[-99.0680,19.4208],[-99.0679,19.4208],[-99.0657,19.4208],[-99.0648,19.4208],[-99.0637,19.4208],[-99.0617,19.4208],[-99.0599,19.4208],[-99.0579,19.4209],[-99.0579,19.4209],[-99.0578,19.4209],[-99.0576,19.4210],[-99.0574,19.4211],[-99.0573,19.4211],[-99.0571,19.4212],[-99.0570,19.4212],[-99.0569,19.4213],[-99.0568,19.4214],[-99.0567,19.4214],[-99.0566,19.4216],[-99.0564,19.4217],[-99.0563,19.4218],[-99.0562,19.4220],[-99.0561,19.4221],[-99.0561,19.4221],[-99.0560,19.4222],[-99.0559,19.4222],[-99.0558,19.4221],[-99.0556,19.4227],[-99.0553,19.4239],[-99.0553,19.4239],[-99.0552,19.4243],[-99.0549,19.4248],[-99.0548,19.4251],[-99.0547,19.4253],[-99.0547,19.4254],[-99.0544,19.4260],[-99.0544,19.4260],[-99.0542,19.4263],[-99.0541,19.4267],[-99.0540,19.4268],[-99.0526,19.4300],[-99.0524,19.4303],[-99.0523,19.4306],[-99.0513,19.4330],[-99.0510,19.4338],[-99.0506,19.4347],[-99.0499,19.4360],[-99.0485,19.4391],[-99.0482,19.4396],[-99.0478,19.4403],[-99.0473,19.4411],[-99.0472,19.4412],[-99.0469,19.4417],[-99.0467,19.4421],[-99.0467,19.4421],[-99.0465,19.4424],[-99.0471,19.4431],[-99.0474,19.4438],[-99.0474,19.4439],[-99.0475,19.4440],[-99.0478,19.4446],[-99.0479,19.4448],[-99.0479,19.4448],[-99.0487,19.4463],[-99.0488,19.4464],[-99.0489,19.4466],[-99.0494,19.4474],[-99.0498,19.4481],[-99.0498,19.4482],[-99.0499,19.4485],[-99.0507,19.4499],[-99.0507,19.4499],[-99.0507,19.4500],[-99.0508,19.4501],[-99.0508,19.4501],[-99.0508,19.4501],[-99.0509,19.4502],[-99.0509,19.4502],[-99.0511,19.4500],[-99.0511,19.4499],[-99.0515,19.4495],[-99.0520,19.4491],[-99.0520,19.4490],[-99.0523,19.4487],[-99.0526,19.4484],[-99.0533,19.4481],[-99.0539,19.4479],[-99.0547,19.4476],[-99.0554,19.4473],[-99.0555,19.4473],[-99.0558,19.4472],[-99.0560,19.4471],[-99.0562,19.4470],[-99.0570,19.4467],[-99.0573,19.4466],[-99.0580,19.4464],[-99.0580,19.4464],[-99.0586,19.4461],[-99.0595,19.4458],[-99.0604,19.4455],[-99.0613,19.4451],[-99.0622,19.4448],[-99.0623,19.4448],[-99.0626,19.4449],[-99.0628,19.4450],[-99.0634,19.4452],[-99.0640,19.4454],[-99.0647,19.4456],[-99.0652,19.4458],[-99.0672,19.4465],[-99.0674,19.4466],[-99.0678,19.4465],[-99.0681,19.4464],[-99.0682,19.4464],[-99.0684,19.4464],[-99.0685,19.4465],[-99.0686,19.4465],[-99.0692,19.4467],[-99.0698,19.4469],[-99.0704,19.4471],[-99.0710,19.4473],[-99.0745,19.4485],[-99.0753,19.4488],[-99.0755,19.4488],[-99.0757,19.4489],[-99.0770,19.4494],[-99.0781,19.4497],[-99.0787,19.4497],[-99.0791,19.4498],[-99.0793,19.4498],[-99.0803,19.4501],[-99.0806,19.4501],[-99.0809,19.4502],[-99.0812,19.4500],[-99.0815,19.4498],[-99.0819,19.4495],[-99.0827,19.4489],[-99.0830,19.4487],[-99.0839,19.4481],[-99.0842,19.4478],[-99.0853,19.4471],[-99.0853,19.4471],[-99.0869,19.4460],[-99.0872,19.4458],[-99.0873,19.4461],[-99.0875,19.4464],[-99.0877,19.4466],[-99.0879,19.4469],[-99.0882,19.4471],[-99.0885,19.4474],[-99.0886,19.4475],[-99.0889,19.4477],[-99.0890,19.4479],[-99.0894,19.4482],[-99.0897,19.4485],[-99.0898,19.4486],[-99.0901,19.4488],[-99.0904,19.4492],[-99.0906,19.4494],[-99.0908,19.4495],[-99.0912,19.4499],[-99.0913,19.4500],[-99.0915,19.4501],[-99.0916,19.4502],[-99.0918,19.4504],[-99.0919,19.4506],[-99.0921,19.4508],[-99.0925,19.4511],[-99.0927,19.4512],[-99.0929,19.4514],[-99.0930,19.4515],[-99.0932,19.4516],[-99.0935,19.4517],[-99.0937,19.4517],[-99.0938,19.4518],[-99.0939,19.4518],[-99.0942,19.4518],[-99.0945,19.4518],[-99.0947,19.4518],[-99.0949,19.4517],[-99.0953,19.4516],[-99.0954,19.4516],[-99.0959,19.4514],[-99.0959,19.4513],[-99.0965,19.4511],[-99.0970,19.4510],[-99.0975,19.4508],[-99.0979,19.4506],[-99.0980,19.4506],[-99.0984,19.4504],[-99.0988,19.4503],[-99.0990,19.4502],[-99.0994,19.4501],[-99.0997,19.4499],[-99.0998,19.4499],[-99.1003,19.4498],[-99.1005,19.4498],[-99.1006,19.4498],[-99.1008,19.4498],[-99.1011,19.4499],[-99.1013,19.4499],[-99.1014,19.4499],[-99.1014,19.4500],[-99.1014,19.4500],[-99.1019,19.4501],[-99.1020,19.4502],[-99.1020,19.4502],[-99.1020,19.4502],[-99.1022,19.4502],[-99.1025,19.4504],[-99.1030,19.4505],[-99.1031,19.4506],[-99.1035,19.4507],[-99.1039,19.4509],[-99.1041,19.4509],[-99.1043,19.4510],[-99.1047,19.4512],[-99.1054,19.4514],[-99.1056,19.4515],[-99.1060,19.4516],[-99.1064,19.4518],[-99.1067,19.4519],[-99.1067,19.4519],[-99.1069,19.4519],[-99.1071,19.4520],[-99.1073,19.4521],[-99.1077,19.4522],[-99.1079,19.4523],[-99.1081,19.4524],[-99.1086,19.4526],[-99.1086,19.4526],[-99.1086,19.4527],[-99.1086,19.4527],[-99.1085,19.4528],[-99.1087,19.4528],[-99.1089,19.4529],[-99.1089,19.4527],[-99.1095,19.4529],[-99.1097,19.4530],[-99.1098,19.4530],[-99.1099,19.4531],[-99.1101,19.4532],[-99.1103,19.4532],[-99.1104,19.4533],[-99.1105,19.4533],[-99.1107,19.4534],[-99.1109,19.4534],[-99.1112,19.4535],[-99.1114,19.4536],[-99.1114,19.4536],[-99.1116,19.4537],[-99.1118,19.4538],[-99.1119,19.4538],[-99.1120,19.4539],[-99.1122,19.4540],[-99.1123,19.4541],[-99.1126,19.4544],[-99.1127,19.4545],[-99.1130,19.4547],[-99.1134,19.4550],[-99.1135,19.4551],[-99.1139,19.4554],[-99.1140,19.4555],[-99.1144,19.4559],[-99.1147,19.4561],[-99.1150,19.4563],[-99.1155,19.4567],[-99.1158,19.4570],[-99.1160,19.4571],[-99.1162,19.4573],[-99.1163,19.4573],[-99.1167,19.4577],[-99.1169,19.4578],[-99.1170,19.4579],[-99.1171,19.4579],[-99.1171,19.4580],[-99.1173,19.4581],[-99.1173,19.4581],[-99.1175,19.4582],[-99.1175,19.4582],[-99.1177,19.4582],[-99.1180,19.4584],[-99.1185,19.4585],[-99.1185,19.4585],[-99.1190,19.4587],[-99.1190,19.4587],[-99.1194,19.4588],[-99.1198,19.4590],[-99.1203,19.4591],[-99.1203,19.4591],[-99.1211,19.4594],[-99.1216,19.4595],[-99.1218,19.4596],[-99.1220,19.4597],[-99.1221,19.4597],[-99.1222,19.4598],[-99.1222,19.4598],[-99.1222,19.4598],[-99.1228,19.4590],[-99.1232,19.4585],[-99.1233,19.4582],[-99.1234,19.4580],[-99.1236,19.4570],[-99.1237,19.4564],[-99.1237,19.4564],[-99.1238,19.4560],[-99.1241,19.4548],[-99.1242,19.4545],[-99.1243,19.4541],[-99.1244,19.4533],[-99.1248,19.4520],[-99.1250,19.4515],[-99.1250,19.4515],[-99.1251,19.4514],[-99.1252,19.4511],[-99.1255,19.4502],[-99.1256,19.4498],[-99.1257,19.4492],[-99.1259,19.4482],[-99.1259,19.4478],[-99.1259,19.4476],[-99.1259,19.4474],[-99.1258,19.4473],[-99.1257,19.4471],[-99.1256,19.4469],[-99.1254,19.4466],[-99.1245,19.4450],[-99.1242,19.4444],[-99.1241,19.4441],[-99.1240,19.4440],[-99.1239,19.4437],[-99.1238,19.4436],[-99.1231,19.4427],[-99.1231,19.4425],[-99.1231,19.4425],[-99.1232,19.4416],[-99.1233,19.4409],[-99.1234,19.4402],[-99.1234,19.4401],[-99.1234,19.4396],[-99.1236,19.4386],[-99.1238,19.4375],[-99.1239,19.4364],[-99.1241,19.4356],[-99.1241,19.4356],[-99.1241,19.4356],[-99.1241,19.4356],[-99.1242,19.4347],[-99.1243,19.4339],[-99.1245,19.4328],[-99.1246,19.4320],[-99.1247,19.4313],[-99.1248,19.4308],[-99.1249,19.4300],[-99.1249,19.4298],[-99.1250,19.4292],[-99.1251,19.4287],[-99.1252,19.4283],[-99.1253,19.4276],[-99.1254,19.4268],[-99.1255,19.4265],[-99.1255,19.4264],[-99.1255,19.4258],[-99.1256,19.4256],[-99.1256,19.4254],[-99.1256,19.4253],[-99.1258,19.4244],[-99.1259,19.4235],[-99.1260,19.4229],[-99.1261,19.4228],[-99.1262,19.4225],[-99.1266,19.4217],[-99.1270,19.4208],[-99.1271,19.4204],[-99.1274,19.4190],[-99.1274,19.4187],[-99.1276,19.4174],[-99.1278,19.4163],[-99.1278,19.4160],[-99.1279,19.4155],[-99.1281,19.4146],[-99.1282,19.4138],[-99.1282,19.4134],[-99.1281,19.4134],[-99.1280,19.4131],[-99.1280,19.4130],[-99.1279,19.4123],[-99.1278,19.4123],[-99.1278,19.4118],[-99.1277,19.4114],[-99.1276,19.4111],[-99.1276,19.4110],[-99.1276,19.4110],[-99.1276,19.4110],[-99.1274,19.4105],[-99.1273,19.4100],[-99.1273,19.4100],[-99.1272,19.4096],[-99.1272,19.4095],[-99.1272,19.4095],[-99.1272,19.4094],[-99.1272,19.4094],[-99.1272,19.4093],[-99.1272,19.4091],[-99.1272,19.4091],[-99.1272,19.4090],[-99.1267,19.4088],[-99.1265,19.4083],[-99.1264,19.4077],[-99.1263,19.4072],[-99.1262,19.4068],[-99.1261,19.4067],[-99.1259,19.4052],[-99.1257,19.4043]]]},"properties":{"cvegeo":"09017","match":"Municipality","name":"Venustiano Carranza","state":"Ciudad de México","municipality":"Venustiano Carranza","city":null,"neighborhood":null,"category":"Alcaldía","type":null,"postalcode":null,"population":"443704","dwellings":"151569","occupied_dwellings":null,"pricem2":null,"propertyprice":null,"ids_prom":"0.209","nse":"C-","nse_label":"C- (19%)","nse_score":"4.165","nse_ab":"12587","nse_cplus":"21459","nse_c":"24499","nse_cminus":"25729","nse_dplus":"22571","nse_d":"24557","nse_e":"3753","nse_total":"135155","nse_ab_pct":"9.31","nse_cplus_pct":"15.88","nse_c_pct":"18.13","nse_cminus_pct":"19.04","nse_dplus_pct":"16.70","nse_d_pct":"18.17","nse_e_pct":"2.78"}}]}