{"type":"FeatureCollection","crs":{"type":"name","properties":{"name":"EPSG:4326"}},"features":[{"type":"Feature","geometry":{"type":"Polygon","coordinates":[[[-99.0690,19.2850],[-99.0688,19.2851],[-99.0686,19.2853],[-99.0686,19.2854],[-99.0685,19.2855],[-99.0683,19.2857],[-99.0681,19.2859],[-99.0681,19.2860],[-99.0679,19.2861],[-99.0678,19.2863],[-99.0676,19.2865],[-99.0674,19.2867],[-99.0672,19.2869],[-99.0671,19.2870],[-99.0670,19.2871],[-99.0670,19.2871],[-99.0667,19.2874],[-99.0664,19.2877],[-99.0662,19.2879],[-99.0660,19.2880],[-99.0660,19.2881],[-99.0658,19.2883],[-99.0657,19.2884],[-99.0655,19.2886],[-99.0654,19.2887],[-99.0650,19.2891],[-99.0649,19.2891],[-99.0647,19.2893],[-99.0644,19.2897],[-99.0643,19.2898],[-99.0642,19.2899],[-99.0637,19.2904],[-99.0635,19.2906],[-99.0634,19.2907],[-99.0634,19.2907],[-99.0631,19.2910],[-99.0628,19.2913],[-99.0625,19.2916],[-99.0621,19.2921],[-99.0617,19.2925],[-99.0617,19.2926],[-99.0616,19.2926],[-99.0616,19.2927],[-99.0616,19.2931],[-99.0616,19.2936],[-99.0616,19.2941],[-99.0617,19.2942],[-99.0620,19.2944],[-99.0621,19.2948],[-99.0623,19.2957],[-99.0624,19.2957],[-99.0624,19.2959],[-99.0624,19.2960],[-99.0625,19.2961],[-99.0625,19.2962],[-99.0625,19.2963],[-99.0626,19.2967],[-99.0626,19.2968],[-99.0626,19.2970],[-99.0626,19.2973],[-99.0628,19.2976],[-99.0630,19.2978],[-99.0634,19.2984],[-99.0636,19.2987],[-99.0639,19.2995],[-99.0644,19.3005],[-99.0644,19.3006],[-99.0646,19.3011],[-99.0648,19.3016],[-99.0645,19.3025],[-99.0645,19.3025],[-99.0643,19.3030],[-99.0642,19.3035],[-99.0640,19.3039],[-99.0638,19.3045],[-99.0637,19.3048],[-99.0634,19.3056],[-99.0634,19.3056],[-99.0634,19.3057],[-99.0627,19.3054],[-99.0609,19.3049],[-99.0605,19.3047],[-99.0599,19.3044],[-99.0584,19.3063],[-99.0569,19.3081],[-99.0562,19.3090],[-99.0561,19.3091],[-99.0558,19.3095],[-99.0555,19.3098],[-99.0553,19.3100],[-99.0552,19.3102],[-99.0551,19.3103],[-99.0549,19.3105],[-99.0547,19.3108],[-99.0544,19.3111],[-99.0542,19.3114],[-99.0542,19.3114],[-99.0540,19.3116],[-99.0540,19.3116],[-99.0538,19.3119],[-99.0523,19.3108],[-99.0521,19.3110],[-99.0521,19.3110],[-99.0509,19.3124],[-99.0509,19.3125],[-99.0507,19.3127],[-99.0504,19.3130],[-99.0503,19.3129],[-99.0503,19.3129],[-99.0496,19.3124],[-99.0494,19.3123],[-99.0489,19.3119],[-99.0489,19.3119],[-99.0484,19.3124],[-99.0481,19.3128],[-99.0477,19.3134],[-99.0475,19.3136],[-99.0471,19.3141],[-99.0467,19.3147],[-99.0466,19.3149],[-99.0463,19.3145],[-99.0461,19.3143],[-99.0459,19.3142],[-99.0458,19.3140],[-99.0457,19.3139],[-99.0457,19.3138],[-99.0456,19.3138],[-99.0454,19.3136],[-99.0453,19.3134],[-99.0449,19.3129],[-99.0448,19.3128],[-99.0448,19.3128],[-99.0447,19.3130],[-99.0446,19.3129],[-99.0436,19.3122],[-99.0435,19.3123],[-99.0433,19.3126],[-99.0430,19.3129],[-99.0428,19.3132],[-99.0428,19.3132],[-99.0426,19.3134],[-99.0426,19.3134],[-99.0425,19.3135],[-99.0424,19.3137],[-99.0422,19.3139],[-99.0422,19.3139],[-99.0420,19.3142],[-99.0420,19.3142],[-99.0418,19.3144],[-99.0417,19.3143],[-99.0407,19.3152],[-99.0404,19.3154],[-99.0401,19.3151],[-99.0401,19.3151],[-99.0399,19.3149],[-99.0398,19.3148],[-99.0396,19.3147],[-99.0395,19.3147],[-99.0394,19.3149],[-99.0394,19.3149],[-99.0393,19.3150],[-99.0393,19.3150],[-99.0392,19.3151],[-99.0392,19.3151],[-99.0392,19.3152],[-99.0391,19.3153],[-99.0390,19.3154],[-99.0390,19.3155],[-99.0389,19.3156],[-99.0388,19.3157],[-99.0387,19.3157],[-99.0349,19.3168],[-99.0260,19.3193],[-99.0260,19.3193],[-99.0187,19.3216],[-99.0094,19.3246],[-99.0076,19.3252],[-99.0014,19.3271],[-99.0014,19.3271],[-98.9980,19.3270],[-98.9929,19.3267],[-98.9894,19.3266],[-98.9865,19.3264],[-98.9809,19.3262],[-98.9799,19.3261],[-98.9796,19.3258],[-98.9801,19.3252],[-98.9803,19.3250],[-98.9806,19.3247],[-98.9803,19.3242],[-98.9802,19.3241],[-98.9797,19.3240],[-98.9793,19.3240],[-98.9792,19.3239],[-98.9792,19.3240],[-98.9790,19.3239],[-98.9788,19.3239],[-98.9787,19.3239],[-98.9786,19.3241],[-98.9786,19.3246],[-98.9785,19.3246],[-98.9785,19.3246],[-98.9784,19.3247],[-98.9783,19.3251],[-98.9786,19.3251],[-98.9785,19.3253],[-98.9785,19.3254],[-98.9783,19.3255],[-98.9781,19.3256],[-98.9778,19.3257],[-98.9777,19.3258],[-98.9775,19.3256],[-98.9776,19.3253],[-98.9774,19.3253],[-98.9774,19.3252],[-98.9774,19.3252],[-98.9774,19.3252],[-98.9769,19.3251],[-98.9766,19.3249],[-98.9765,19.3243],[-98.9762,19.3243],[-98.9763,19.3249],[-98.9762,19.3249],[-98.9762,19.3249],[-98.9760,19.3249],[-98.9753,19.3256],[-98.9747,19.3257],[-98.9712,19.3254],[-98.9708,19.3252],[-98.9704,19.3249],[-98.9699,19.3249],[-98.9693,19.3248],[-98.9690,19.3248],[-98.9690,19.3247],[-98.9690,19.3247],[-98.9686,19.3252],[-98.9683,19.3257],[-98.9683,19.3257],[-98.9683,19.3257],[-98.9664,19.3257],[-98.9666,19.3264],[-98.9666,19.3267],[-98.9666,19.3267],[-98.9666,19.3269],[-98.9665,19.3269],[-98.9665,19.3269],[-98.9665,19.3269],[-98.9663,19.3269],[-98.9659,19.3269],[-98.9658,19.3269],[-98.9657,19.3270],[-98.9650,19.3267],[-98.9650,19.3267],[-98.9650,19.3267],[-98.9650,19.3267],[-98.9649,19.3272],[-98.9646,19.3272],[-98.9642,19.3271],[-98.9640,19.3270],[-98.9639,19.3274],[-98.9630,19.3275],[-98.9630,19.3275],[-98.9638,19.3282],[-98.9640,19.3284],[-98.9653,19.3294],[-98.9653,19.3295],[-98.9654,19.3295],[-98.9654,19.3296],[-98.9657,19.3298],[-98.9661,19.3301],[-98.9665,19.3305],[-98.9668,19.3307],[-98.9669,19.3308],[-98.9672,19.3310],[-98.9673,19.3311],[-98.9677,19.3314],[-98.9677,19.3314],[-98.9680,19.3317],[-98.9680,19.3317],[-98.9681,19.3318],[-98.9683,19.3320],[-98.9684,19.3320],[-98.9698,19.3332],[-98.9699,19.3333],[-98.9702,19.3336],[-98.9706,19.3339],[-98.9712,19.3344],[-98.9716,19.3348],[-98.9719,19.3350],[-98.9726,19.3355],[-98.9728,19.3357],[-98.9728,19.3357],[-98.9729,19.3358],[-98.9733,19.3362],[-98.9739,19.3366],[-98.9739,19.3366],[-98.9739,19.3366],[-98.9739,19.3367],[-98.9740,19.3368],[-98.9740,19.3368],[-98.9741,19.3369],[-98.9741,19.3369],[-98.9742,19.3369],[-98.9743,19.3370],[-98.9743,19.3370],[-98.9743,19.3370],[-98.9743,19.3370],[-98.9743,19.3370],[-98.9743,19.3370],[-98.9743,19.3370],[-98.9743,19.3370],[-98.9743,19.3370],[-98.9743,19.3370],[-98.9743,19.3370],[-98.9746,19.3374],[-98.9750,19.3377],[-98.9752,19.3380],[-98.9755,19.3383],[-98.9758,19.3389],[-98.9758,19.3389],[-98.9761,19.3393],[-98.9765,19.3398],[-98.9772,19.3410],[-98.9773,19.3412],[-98.9775,19.3416],[-98.9778,19.3421],[-98.9778,19.3421],[-98.9781,19.3424],[-98.9781,19.3424],[-98.9781,19.3424],[-98.9781,19.3424],[-98.9785,19.3430],[-98.9788,19.3433],[-98.9790,19.3435],[-98.9790,19.3435],[-98.9792,19.3437],[-98.9795,19.3440],[-98.9796,19.3441],[-98.9799,19.3443],[-98.9806,19.3450],[-98.9807,19.3451],[-98.9813,19.3457],[-98.9815,19.3459],[-98.9822,19.3466],[-98.9824,19.3468],[-98.9826,19.3469],[-98.9839,19.3482],[-98.9845,19.3488],[-98.9847,19.3490],[-98.9848,19.3491],[-98.9852,19.3495],[-98.9855,19.3497],[-98.9859,19.3501],[-98.9860,19.3503],[-98.9872,19.3514],[-98.9876,19.3518],[-98.9876,19.3518],[-98.9881,19.3522],[-98.9888,19.3529],[-98.9892,19.3533],[-98.9896,19.3537],[-98.9901,19.3542],[-98.9906,19.3546],[-98.9907,19.3548],[-98.9909,19.3549],[-98.9910,19.3550],[-98.9914,19.3554],[-98.9915,19.3555],[-98.9916,19.3556],[-98.9925,19.3563],[-98.9925,19.3563],[-98.9938,19.3574],[-98.9943,19.3579],[-98.9946,19.3581],[-98.9945,19.3586],[-98.9944,19.3588],[-98.9942,19.3590],[-98.9941,19.3593],[-98.9936,19.3601],[-98.9935,19.3603],[-98.9935,19.3604],[-98.9934,19.3607],[-98.9931,19.3616],[-98.9931,19.3617],[-98.9930,19.3621],[-98.9930,19.3622],[-98.9929,19.3624],[-98.9929,19.3625],[-98.9929,19.3626],[-98.9929,19.3627],[-98.9928,19.3630],[-98.9928,19.3630],[-98.9927,19.3631],[-98.9927,19.3634],[-98.9926,19.3635],[-98.9926,19.3636],[-98.9926,19.3637],[-98.9926,19.3638],[-98.9925,19.3641],[-98.9925,19.3643],[-98.9924,19.3645],[-98.9923,19.3648],[-98.9923,19.3650],[-98.9923,19.3651],[-98.9922,19.3654],[-98.9921,19.3659],[-98.9920,19.3660],[-98.9920,19.3662],[-98.9920,19.3663],[-98.9919,19.3664],[-98.9919,19.3665],[-98.9919,19.3666],[-98.9919,19.3667],[-98.9918,19.3669],[-98.9918,19.3670],[-98.9918,19.3675],[-98.9919,19.3676],[-98.9919,19.3676],[-98.9922,19.3677],[-98.9923,19.3678],[-98.9923,19.3678],[-98.9923,19.3678],[-98.9926,19.3680],[-98.9926,19.3680],[-98.9926,19.3680],[-98.9926,19.3680],[-98.9926,19.3680],[-98.9926,19.3680],[-98.9929,19.3682],[-98.9930,19.3683],[-98.9932,19.3684],[-98.9934,19.3685],[-98.9936,19.3686],[-98.9939,19.3687],[-98.9940,19.3688],[-98.9941,19.3689],[-98.9942,19.3689],[-98.9943,19.3690],[-98.9943,19.3690],[-98.9943,19.3690],[-98.9943,19.3690],[-98.9943,19.3690],[-98.9943,19.3690],[-98.9946,19.3692],[-98.9947,19.3692],[-98.9949,19.3693],[-98.9951,19.3695],[-98.9953,19.3696],[-98.9954,19.3696],[-98.9956,19.3698],[-98.9956,19.3698],[-98.9956,19.3698],[-98.9956,19.3698],[-98.9958,19.3699],[-98.9960,19.3700],[-98.9962,19.3701],[-98.9964,19.3702],[-98.9965,19.3703],[-98.9968,19.3705],[-98.9968,19.3705],[-98.9968,19.3705],[-98.9968,19.3705],[-98.9968,19.3705],[-98.9968,19.3705],[-98.9968,19.3705],[-98.9972,19.3707],[-98.9972,19.3707],[-98.9975,19.3709],[-98.9975,19.3709],[-98.9976,19.3709],[-98.9976,19.3709],[-98.9976,19.3709],[-98.9978,19.3710],[-98.9979,19.3711],[-98.9981,19.3712],[-98.9982,19.3713],[-98.9983,19.3714],[-98.9986,19.3715],[-98.9990,19.3718],[-98.9994,19.3720],[-98.9995,19.3720],[-98.9998,19.3722],[-99.0001,19.3724],[-99.0002,19.3724],[-99.0002,19.3725],[-99.0006,19.3727],[-99.0010,19.3729],[-99.0014,19.3732],[-99.0018,19.3734],[-99.0022,19.3736],[-99.0026,19.3739],[-99.0029,19.3740],[-99.0029,19.3740],[-99.0033,19.3743],[-99.0038,19.3745],[-99.0042,19.3748],[-99.0042,19.3748],[-99.0046,19.3750],[-99.0048,19.3751],[-99.0050,19.3753],[-99.0054,19.3755],[-99.0057,19.3757],[-99.0058,19.3757],[-99.0062,19.3759],[-99.0065,19.3762],[-99.0069,19.3764],[-99.0073,19.3766],[-99.0075,19.3767],[-99.0077,19.3768],[-99.0077,19.3769],[-99.0077,19.3769],[-99.0080,19.3770],[-99.0080,19.3771],[-99.0084,19.3773],[-99.0084,19.3773],[-99.0086,19.3774],[-99.0086,19.3774],[-99.0087,19.3774],[-99.0088,19.3775],[-99.0090,19.3776],[-99.0090,19.3776],[-99.0091,19.3777],[-99.0092,19.3778],[-99.0092,19.3778],[-99.0092,19.3778],[-99.0093,19.3778],[-99.0093,19.3778],[-99.0093,19.3778],[-99.0094,19.3779],[-99.0095,19.3779],[-99.0096,19.3780],[-99.0096,19.3780],[-99.0099,19.3781],[-99.0102,19.3783],[-99.0105,19.3785],[-99.0110,19.3787],[-99.0110,19.3788],[-99.0115,19.3790],[-99.0118,19.3792],[-99.0119,19.3792],[-99.0124,19.3795],[-99.0125,19.3796],[-99.0128,19.3797],[-99.0133,19.3800],[-99.0133,19.3800],[-99.0137,19.3802],[-99.0141,19.3804],[-99.0142,19.3804],[-99.0146,19.3807],[-99.0147,19.3807],[-99.0151,19.3809],[-99.0151,19.3809],[-99.0156,19.3812],[-99.0158,19.3813],[-99.0160,19.3814],[-99.0164,19.3816],[-99.0165,19.3817],[-99.0169,19.3819],[-99.0170,19.3819],[-99.0172,19.3820],[-99.0172,19.3820],[-99.0172,19.3820],[-99.0175,19.3822],[-99.0179,19.3824],[-99.0179,19.3824],[-99.0180,19.3824],[-99.0183,19.3826],[-99.0187,19.3828],[-99.0188,19.3828],[-99.0191,19.3830],[-99.0196,19.3832],[-99.0196,19.3833],[-99.0199,19.3834],[-99.0201,19.3835],[-99.0203,19.3836],[-99.0203,19.3836],[-99.0208,19.3838],[-99.0211,19.3840],[-99.0212,19.3840],[-99.0216,19.3842],[-99.0219,19.3844],[-99.0220,19.3844],[-99.0224,19.3845],[-99.0224,19.3845],[-99.0227,19.3847],[-99.0228,19.3847],[-99.0232,19.3849],[-99.0235,19.3851],[-99.0236,19.3851],[-99.0240,19.3853],[-99.0244,19.3855],[-99.0248,19.3856],[-99.0249,19.3857],[-99.0250,19.3857],[-99.0252,19.3858],[-99.0255,19.3860],[-99.0259,19.3861],[-99.0262,19.3863],[-99.0263,19.3863],[-99.0267,19.3865],[-99.0270,19.3867],[-99.0275,19.3869],[-99.0277,19.3869],[-99.0279,19.3871],[-99.0283,19.3872],[-99.0287,19.3874],[-99.0287,19.3874],[-99.0291,19.3876],[-99.0291,19.3876],[-99.0291,19.3876],[-99.0291,19.3876],[-99.0291,19.3876],[-99.0291,19.3876],[-99.0291,19.3876],[-99.0291,19.3876],[-99.0291,19.3876],[-99.0295,19.3878],[-99.0299,19.3879],[-99.0300,19.3880],[-99.0303,19.3881],[-99.0307,19.3883],[-99.0308,19.3883],[-99.0310,19.3885],[-99.0314,19.3886],[-99.0315,19.3887],[-99.0319,19.3888],[-99.0323,19.3890],[-99.0327,19.3892],[-99.0329,19.3893],[-99.0331,19.3894],[-99.0335,19.3896],[-99.0336,19.3896],[-99.0339,19.3898],[-99.0346,19.3901],[-99.0346,19.3901],[-99.0349,19.3902],[-99.0353,19.3904],[-99.0357,19.3906],[-99.0357,19.3906],[-99.0362,19.3908],[-99.0365,19.3910],[-99.0369,19.3912],[-99.0371,19.3913],[-99.0373,19.3913],[-99.0377,19.3915],[-99.0381,19.3917],[-99.0382,19.3917],[-99.0385,19.3919],[-99.0385,19.3919],[-99.0385,19.3919],[-99.0385,19.3919],[-99.0385,19.3919],[-99.0389,19.3921],[-99.0393,19.3923],[-99.0397,19.3924],[-99.0400,19.3926],[-99.0402,19.3926],[-99.0404,19.3928],[-99.0408,19.3930],[-99.0409,19.3930],[-99.0412,19.3931],[-99.0416,19.3933],[-99.0418,19.3934],[-99.0418,19.3934],[-99.0423,19.3936],[-99.0423,19.3936],[-99.0423,19.3936],[-99.0423,19.3936],[-99.0423,19.3936],[-99.0427,19.3938],[-99.0431,19.3940],[-99.0433,19.3941],[-99.0435,19.3942],[-99.0439,19.3944],[-99.0443,19.3946],[-99.0445,19.3946],[-99.0446,19.3947],[-99.0447,19.3947],[-99.0453,19.3950],[-99.0457,19.3952],[-99.0458,19.3952],[-99.0463,19.3955],[-99.0469,19.3957],[-99.0470,19.3958],[-99.0474,19.3959],[-99.0478,19.3961],[-99.0479,19.3962],[-99.0479,19.3962],[-99.0480,19.3962],[-99.0482,19.3963],[-99.0485,19.3964],[-99.0488,19.3966],[-99.0492,19.3967],[-99.0492,19.3968],[-99.0496,19.3970],[-99.0501,19.3972],[-99.0505,19.3974],[-99.0507,19.3974],[-99.0509,19.3975],[-99.0513,19.3977],[-99.0514,19.3978],[-99.0519,19.3980],[-99.0525,19.3982],[-99.0526,19.3983],[-99.0529,19.3984],[-99.0533,19.3986],[-99.0538,19.3989],[-99.0539,19.3989],[-99.0542,19.3990],[-99.0549,19.3994],[-99.0549,19.3994],[-99.0549,19.3994],[-99.0549,19.3994],[-99.0550,19.3994],[-99.0556,19.3996],[-99.0561,19.3999],[-99.0563,19.3999],[-99.0576,19.4005],[-99.0579,19.4006],[-99.0581,19.4007],[-99.0581,19.4007],[-99.0581,19.4007],[-99.0583,19.4007],[-99.0583,19.4007],[-99.0583,19.4003],[-99.0584,19.4000],[-99.0584,19.3998],[-99.0585,19.3986],[-99.0585,19.3985],[-99.0585,19.3985],[-99.0586,19.3983],[-99.0586,19.3983],[-99.0586,19.3982],[-99.0586,19.3982],[-99.0586,19.3980],[-99.0586,19.3978],[-99.0587,19.3971],[-99.0588,19.3961],[-99.0588,19.3957],[-99.0589,19.3951],[-99.0590,19.3946],[-99.0590,19.3945],[-99.0590,19.3943],[-99.0591,19.3938],[-99.0592,19.3934],[-99.0592,19.3933],[-99.0592,19.3930],[-99.0594,19.3923],[-99.0594,19.3919],[-99.0594,19.3917],[-99.0595,19.3914],[-99.0595,19.3912],[-99.0596,19.3907],[-99.0597,19.3903],[-99.0597,19.3903],[-99.0597,19.3900],[-99.0598,19.3896],[-99.0598,19.3893],[-99.0598,19.3893],[-99.0599,19.3891],[-99.0599,19.3887],[-99.0599,19.3887],[-99.0599,19.3887],[-99.0600,19.3883],[-99.0600,19.3880],[-99.0602,19.3873],[-99.0602,19.3870],[-99.0603,19.3867],[-99.0603,19.3862],[-99.0604,19.3861],[-99.0604,19.3857],[-99.0605,19.3853],[-99.0606,19.3843],[-99.0608,19.3837],[-99.0608,19.3837],[-99.0608,19.3837],[-99.0608,19.3835],[-99.0608,19.3835],[-99.0608,19.3835],[-99.0608,19.3833],[-99.0608,19.3831],[-99.0608,19.3831],[-99.0608,19.3830],[-99.0608,19.3830],[-99.0608,19.3826],[-99.0610,19.3826],[-99.0615,19.3827],[-99.0624,19.3829],[-99.0632,19.3830],[-99.0634,19.3830],[-99.0637,19.3831],[-99.0641,19.3831],[-99.0650,19.3833],[-99.0655,19.3834],[-99.0655,19.3834],[-99.0655,19.3834],[-99.0658,19.3835],[-99.0662,19.3835],[-99.0662,19.3835],[-99.0664,19.3835],[-99.0666,19.3836],[-99.0667,19.3837],[-99.0676,19.3842],[-99.0690,19.3849],[-99.0695,19.3851],[-99.0699,19.3854],[-99.0704,19.3856],[-99.0707,19.3858],[-99.0709,19.3859],[-99.0714,19.3861],[-99.0717,19.3863],[-99.0721,19.3865],[-99.0725,19.3867],[-99.0730,19.3870],[-99.0735,19.3872],[-99.0739,19.3874],[-99.0741,19.3875],[-99.0741,19.3875],[-99.0743,19.3876],[-99.0745,19.3877],[-99.0745,19.3877],[-99.0748,19.3879],[-99.0759,19.3885],[-99.0763,19.3887],[-99.0768,19.3889],[-99.0773,19.3891],[-99.0779,19.3895],[-99.0784,19.3897],[-99.0788,19.3899],[-99.0789,19.3900],[-99.0794,19.3902],[-99.0794,19.3902],[-99.0799,19.3905],[-99.0804,19.3908],[-99.0804,19.3908],[-99.0807,19.3909],[-99.0809,19.3910],[-99.0811,19.3911],[-99.0814,19.3913],[-99.0814,19.3913],[-99.0818,19.3915],[-99.0819,19.3916],[-99.0821,19.3917],[-99.0824,19.3918],[-99.0824,19.3918],[-99.0828,19.3920],[-99.0831,19.3922],[-99.0832,19.3922],[-99.0836,19.3924],[-99.0836,19.3925],[-99.0838,19.3925],[-99.0840,19.3926],[-99.0840,19.3925],[-99.0841,19.3919],[-99.0842,19.3915],[-99.0843,19.3911],[-99.0843,19.3910],[-99.0844,19.3906],[-99.0845,19.3899],[-99.0846,19.3895],[-99.0849,19.3897],[-99.0864,19.3901],[-99.0865,19.3902],[-99.0866,19.3901],[-99.0867,19.3901],[-99.0868,19.3901],[-99.0869,19.3901],[-99.0871,19.3901],[-99.0875,19.3902],[-99.0879,19.3902],[-99.0882,19.3903],[-99.0886,19.3903],[-99.0887,19.3904],[-99.0888,19.3904],[-99.0890,19.3901],[-99.0891,19.3899],[-99.0893,19.3896],[-99.0895,19.3893],[-99.0897,19.3890],[-99.0899,19.3887],[-99.0902,19.3882],[-99.0904,19.3879],[-99.0905,19.3878],[-99.0905,19.3877],[-99.0907,19.3874],[-99.0909,19.3871],[-99.0912,19.3867],[-99.0916,19.3861],[-99.0919,19.3855],[-99.0922,19.3850],[-99.0923,19.3849],[-99.0928,19.3841],[-99.0928,19.3841],[-99.0929,19.3839],[-99.0929,19.3839],[-99.0929,19.3839],[-99.0930,19.3838],[-99.0930,19.3837],[-99.0931,19.3835],[-99.0932,19.3833],[-99.0935,19.3829],[-99.0939,19.3823],[-99.0944,19.3816],[-99.0946,19.3813],[-99.0947,19.3811],[-99.0948,19.3809],[-99.0949,19.3808],[-99.0951,19.3805],[-99.0953,19.3802],[-99.0955,19.3798],[-99.0956,19.3796],[-99.0957,19.3796],[-99.0960,19.3797],[-99.0963,19.3798],[-99.0967,19.3798],[-99.0970,19.3798],[-99.0973,19.3798],[-99.0976,19.3799],[-99.0980,19.3799],[-99.0983,19.3800],[-99.0987,19.3800],[-99.0991,19.3800],[-99.0995,19.3801],[-99.0995,19.3801],[-99.1008,19.3802],[-99.1011,19.3802],[-99.1011,19.3802],[-99.1013,19.3802],[-99.1030,19.3804],[-99.1034,19.3805],[-99.1038,19.3806],[-99.1043,19.3806],[-99.1048,19.3807],[-99.1051,19.3807],[-99.1054,19.3808],[-99.1057,19.3808],[-99.1057,19.3808],[-99.1059,19.3808],[-99.1061,19.3808],[-99.1063,19.3809],[-99.1066,19.3809],[-99.1067,19.3809],[-99.1069,19.3809],[-99.1069,19.3809],[-99.1070,19.3809],[-99.1072,19.3809],[-99.1073,19.3809],[-99.1074,19.3809],[-99.1074,19.3809],[-99.1077,19.3810],[-99.1080,19.3810],[-99.1085,19.3811],[-99.1086,19.3811],[-99.1088,19.3811],[-99.1089,19.3811],[-99.1092,19.3811],[-99.1094,19.3812],[-99.1094,19.3812],[-99.1094,19.3812],[-99.1104,19.3813],[-99.1104,19.3813],[-99.1105,19.3813],[-99.1105,19.3813],[-99.1106,19.3813],[-99.1106,19.3813],[-99.1107,19.3813],[-99.1109,19.3814],[-99.1111,19.3814],[-99.1113,19.3814],[-99.1116,19.3815],[-99.1117,19.3815],[-99.1120,19.3815],[-99.1120,19.3816],[-99.1122,19.3816],[-99.1124,19.3816],[-99.1126,19.3816],[-99.1127,19.3817],[-99.1128,19.3817],[-99.1131,19.3817],[-99.1131,19.3817],[-99.1134,19.3817],[-99.1136,19.3817],[-99.1138,19.3817],[-99.1139,19.3818],[-99.1141,19.3818],[-99.1144,19.3818],[-99.1145,19.3818],[-99.1147,19.3819],[-99.1148,19.3819],[-99.1150,19.3819],[-99.1151,19.3819],[-99.1153,19.3820],[-99.1154,19.3820],[-99.1156,19.3820],[-99.1157,19.3820],[-99.1158,19.3820],[-99.1160,19.3820],[-99.1161,19.3821],[-99.1163,19.3821],[-99.1165,19.3821],[-99.1167,19.3821],[-99.1168,19.3821],[-99.1169,19.3821],[-99.1170,19.3821],[-99.1172,19.3821],[-99.1174,19.3821],[-99.1176,19.3822],[-99.1177,19.3822],[-99.1177,19.3822],[-99.1178,19.3822],[-99.1178,19.3822],[-99.1179,19.3822],[-99.1181,19.3822],[-99.1182,19.3822],[-99.1184,19.3822],[-99.1188,19.3822],[-99.1191,19.3822],[-99.1194,19.3823],[-99.1198,19.3823],[-99.1201,19.3823],[-99.1204,19.3823],[-99.1206,19.3823],[-99.1209,19.3823],[-99.1211,19.3823],[-99.1225,19.3824],[-99.1225,19.3824],[-99.1226,19.3815],[-99.1226,19.3813],[-99.1226,19.3803],[-99.1226,19.3803],[-99.1226,19.3801],[-99.1226,19.3800],[-99.1226,19.3800],[-99.1226,19.3789],[-99.1226,19.3781],[-99.1226,19.3779],[-99.1226,19.3779],[-99.1226,19.3777],[-99.1226,19.3776],[-99.1226,19.3774],[-99.1225,19.3759],[-99.1225,19.3757],[-99.1227,19.3757],[-99.1232,19.3758],[-99.1236,19.3759],[-99.1240,19.3760],[-99.1241,19.3760],[-99.1244,19.3761],[-99.1245,19.3761],[-99.1246,19.3761],[-99.1250,19.3762],[-99.1253,19.3762],[-99.1254,19.3763],[-99.1256,19.3763],[-99.1259,19.3763],[-99.1260,19.3763],[-99.1260,19.3763],[-99.1262,19.3764],[-99.1264,19.3764],[-99.1264,19.3764],[-99.1266,19.3765],[-99.1267,19.3765],[-99.1268,19.3765],[-99.1272,19.3766],[-99.1273,19.3766],[-99.1274,19.3766],[-99.1276,19.3766],[-99.1278,19.3767],[-99.1283,19.3768],[-99.1284,19.3768],[-99.1284,19.3768],[-99.1291,19.3769],[-99.1295,19.3770],[-99.1295,19.3770],[-99.1296,19.3770],[-99.1297,19.3770],[-99.1301,19.3771],[-99.1302,19.3771],[-99.1306,19.3771],[-99.1308,19.3771],[-99.1311,19.3772],[-99.1314,19.3772],[-99.1315,19.3772],[-99.1320,19.3773],[-99.1324,19.3773],[-99.1329,19.3773],[-99.1333,19.3774],[-99.1339,19.3774],[-99.1342,19.3775],[-99.1350,19.3774],[-99.1354,19.3773],[-99.1355,19.3772],[-99.1357,19.3762],[-99.1358,19.3759],[-99.1359,19.3752],[-99.1360,19.3749],[-99.1362,19.3738],[-99.1365,19.3729],[-99.1367,19.3716],[-99.1369,19.3708],[-99.1372,19.3696],[-99.1374,19.3686],[-99.1376,19.3680],[-99.1377,19.3672],[-99.1378,19.3667],[-99.1380,19.3661],[-99.1381,19.3655],[-99.1382,19.3649],[-99.1384,19.3643],[-99.1385,19.3636],[-99.1386,19.3631],[-99.1388,19.3625],[-99.1389,19.3618],[-99.1390,19.3611],[-99.1392,19.3605],[-99.1394,19.3595],[-99.1397,19.3584],[-99.1399,19.3574],[-99.1399,19.3571],[-99.1398,19.3569],[-99.1392,19.3569],[-99.1377,19.3568],[-99.1373,19.3567],[-99.1369,19.3567],[-99.1366,19.3567],[-99.1363,19.3567],[-99.1359,19.3566],[-99.1355,19.3566],[-99.1350,19.3566],[-99.1347,19.3566],[-99.1346,19.3566],[-99.1344,19.3565],[-99.1343,19.3565],[-99.1340,19.3565],[-99.1337,19.3566],[-99.1335,19.3566],[-99.1331,19.3567],[-99.1329,19.3568],[-99.1327,19.3569],[-99.1325,19.3570],[-99.1324,19.3571],[-99.1323,19.3572],[-99.1321,19.3573],[-99.1319,19.3575],[-99.1318,19.3577],[-99.1314,19.3583],[-99.1314,19.3584],[-99.1312,19.3587],[-99.1309,19.3586],[-99.1303,19.3586],[-99.1301,19.3585],[-99.1299,19.3585],[-99.1295,19.3585],[-99.1294,19.3585],[-99.1291,19.3584],[-99.1289,19.3584],[-99.1287,19.3584],[-99.1284,19.3584],[-99.1283,19.3583],[-99.1278,19.3583],[-99.1277,19.3583],[-99.1272,19.3582],[-99.1271,19.3582],[-99.1267,19.3582],[-99.1266,19.3582],[-99.1263,19.3581],[-99.1261,19.3581],[-99.1259,19.3581],[-99.1256,19.3581],[-99.1251,19.3580],[-99.1246,19.3579],[-99.1238,19.3579],[-99.1236,19.3578],[-99.1227,19.3577],[-99.1226,19.3577],[-99.1225,19.3577],[-99.1224,19.3577],[-99.1224,19.3577],[-99.1220,19.3577],[-99.1220,19.3577],[-99.1220,19.3577],[-99.1220,19.3577],[-99.1220,19.3577],[-99.1220,19.3577],[-99.1220,19.3576],[-99.1220,19.3576],[-99.1219,19.3570],[-99.1216,19.3546],[-99.1215,19.3539],[-99.1213,19.3533],[-99.1209,19.3523],[-99.1208,19.3518],[-99.1205,19.3512],[-99.1205,19.3511],[-99.1204,19.3508],[-99.1204,19.3508],[-99.1202,19.3506],[-99.1201,19.3504],[-99.1198,19.3500],[-99.1196,19.3496],[-99.1195,19.3496],[-99.1195,19.3495],[-99.1189,19.3486],[-99.1182,19.3476],[-99.1181,19.3475],[-99.1181,19.3474],[-99.1178,19.3468],[-99.1174,19.3462],[-99.1173,19.3459],[-99.1171,19.3456],[-99.1171,19.3456],[-99.1164,19.3444],[-99.1162,19.3441],[-99.1161,19.3440],[-99.1159,19.3437],[-99.1157,19.3435],[-99.1157,19.3434],[-99.1156,19.3433],[-99.1154,19.3429],[-99.1153,19.3427],[-99.1152,19.3425],[-99.1152,19.3423],[-99.1151,19.3422],[-99.1150,19.3419],[-99.1145,19.3410],[-99.1145,19.3408],[-99.1144,19.3407],[-99.1144,19.3406],[-99.1144,19.3404],[-99.1143,19.3401],[-99.1143,19.3398],[-99.1142,19.3392],[-99.1142,19.3390],[-99.1142,19.3390],[-99.1141,19.3386],[-99.1141,19.3382],[-99.1140,19.3381],[-99.1140,19.3380],[-99.1140,19.3376],[-99.1139,19.3373],[-99.1138,19.3369],[-99.1136,19.3366],[-99.1132,19.3360],[-99.1130,19.3356],[-99.1130,19.3354],[-99.1129,19.3354],[-99.1124,19.3346],[-99.1122,19.3342],[-99.1119,19.3340],[-99.1116,19.3337],[-99.1113,19.3334],[-99.1107,19.3331],[-99.1106,19.3331],[-99.1105,19.3330],[-99.1104,19.3330],[-99.1103,19.3329],[-99.1102,19.3327],[-99.1101,19.3326],[-99.1100,19.3323],[-99.1100,19.3323],[-99.1098,19.3318],[-99.1098,19.3317],[-99.1097,19.3315],[-99.1096,19.3313],[-99.1093,19.3309],[-99.1091,19.3306],[-99.1089,19.3303],[-99.1086,19.3298],[-99.1084,19.3294],[-99.1083,19.3294],[-99.1080,19.3289],[-99.1079,19.3287],[-99.1076,19.3283],[-99.1071,19.3277],[-99.1068,19.3275],[-99.1065,19.3272],[-99.1064,19.3271],[-99.1061,19.3267],[-99.1061,19.3267],[-99.1060,19.3267],[-99.1058,19.3264],[-99.1058,19.3263],[-99.1057,19.3263],[-99.1057,19.3263],[-99.1055,19.3261],[-99.1054,19.3260],[-99.1052,19.3258],[-99.1052,19.3258],[-99.1052,19.3258],[-99.1051,19.3257],[-99.1049,19.3255],[-99.1049,19.3255],[-99.1043,19.3249],[-99.1042,19.3248],[-99.1040,19.3247],[-99.1038,19.3246],[-99.1038,19.3246],[-99.1035,19.3244],[-99.1033,19.3244],[-99.1032,19.3243],[-99.1028,19.3241],[-99.1024,19.3238],[-99.1021,19.3236],[-99.1020,19.3236],[-99.1017,19.3234],[-99.1014,19.3232],[-99.1012,19.3231],[-99.1010,19.3230],[-99.1008,19.3228],[-99.1007,19.3227],[-99.1004,19.3224],[-99.1000,19.3219],[-99.0996,19.3215],[-99.0995,19.3214],[-99.0995,19.3214],[-99.0994,19.3212],[-99.0993,19.3211],[-99.0992,19.3210],[-99.0992,19.3209],[-99.0991,19.3207],[-99.0991,19.3204],[-99.0991,19.3204],[-99.0991,19.3204],[-99.0991,19.3204],[-99.0988,19.3204],[-99.0987,19.3196],[-99.0985,19.3190],[-99.0986,19.3190],[-99.0987,19.3188],[-99.0987,19.3187],[-99.0986,19.3186],[-99.0984,19.3183],[-99.0982,19.3180],[-99.0977,19.3172],[-99.0974,19.3168],[-99.0968,19.3160],[-99.0959,19.3148],[-99.0950,19.3137],[-99.0943,19.3128],[-99.0941,19.3129],[-99.0939,19.3127],[-99.0936,19.3122],[-99.0934,19.3120],[-99.0932,19.3118],[-99.0932,19.3117],[-99.0931,19.3115],[-99.0928,19.3113],[-99.0927,19.3111],[-99.0927,19.3111],[-99.0927,19.3111],[-99.0926,19.3110],[-99.0924,19.3108],[-99.0923,19.3107],[-99.0923,19.3106],[-99.0922,19.3106],[-99.0920,19.3102],[-99.0919,19.3102],[-99.0918,19.3101],[-99.0917,19.3100],[-99.0914,19.3096],[-99.0914,19.3096],[-99.0912,19.3093],[-99.0908,19.3088],[-99.0908,19.3088],[-99.0908,19.3088],[-99.0906,19.3085],[-99.0905,19.3084],[-99.0904,19.3082],[-99.0904,19.3082],[-99.0903,19.3081],[-99.0900,19.3079],[-99.0899,19.3077],[-99.0898,19.3076],[-99.0897,19.3075],[-99.0896,19.3074],[-99.0896,19.3073],[-99.0895,19.3071],[-99.0894,19.3070],[-99.0893,19.3069],[-99.0892,19.3069],[-99.0890,19.3066],[-99.0890,19.3066],[-99.0890,19.3065],[-99.0888,19.3064],[-99.0887,19.3062],[-99.0886,19.3062],[-99.0885,19.3061],[-99.0884,19.3060],[-99.0884,19.3059],[-99.0884,19.3059],[-99.0883,19.3058],[-99.0881,19.3056],[-99.0879,19.3053],[-99.0879,19.3053],[-99.0877,19.3047],[-99.0877,19.3047],[-99.0875,19.3045],[-99.0872,19.3042],[-99.0872,19.3041],[-99.0867,19.3038],[-99.0863,19.3036],[-99.0862,19.3035],[-99.0859,19.3032],[-99.0856,19.3029],[-99.0854,19.3026],[-99.0851,19.3023],[-99.0849,19.3020],[-99.0846,19.3017],[-99.0845,19.3015],[-99.0844,19.3014],[-99.0841,19.3010],[-99.0838,19.3007],[-99.0836,19.3004],[-99.0834,19.3001],[-99.0832,19.2997],[-99.0823,19.2986],[-99.0804,19.2962],[-99.0800,19.2958],[-99.0797,19.2955],[-99.0792,19.2949],[-99.0790,19.2946],[-99.0787,19.2942],[-99.0780,19.2935],[-99.0777,19.2932],[-99.0773,19.2930],[-99.0772,19.2928],[-99.0759,19.2910],[-99.0752,19.2901],[-99.0749,19.2897],[-99.0745,19.2894],[-99.0741,19.2891],[-99.0724,19.2879],[-99.0722,19.2878],[-99.0715,19.2872],[-99.0714,19.2871],[-99.0699,19.2857],[-99.0692,19.2851],[-99.0690,19.2850]]]},"properties":{"cvegeo":"090070001","match":"City","name":"Iztapalapa","state":"Ciudad de México","municipality":"Iztapalapa","city":"Iztapalapa","neighborhood":"","category":"Ciudad","type":"Urbana","postal_code":"","population":"1835486","dwellings":"537596","occupied_dwellings":null,"price_m2":null,"property_price":null,"ids_prom":"0.282","nse":null,"nse_label":null,"nse_score":null,"nse_ab":null,"nse_cplus":null,"nse_c":null,"nse_cminus":null,"nse_dplus":null,"nse_d":null,"nse_e":null,"nse_total":null,"nse_ab_pct":null,"nse_cplus_pct":null,"nse_c_pct":null,"nse_cminus_pct":null,"nse_dplus_pct":null,"nse_d_pct":null,"nse_e_pct":null}},{"type":"Feature","geometry":{"type":"Polygon","coordinates":[[[-99.069622,19.353660],[-99.069561,19.353902],[-99.069364,19.354765],[-99.069240,19.354740],[-99.068765,19.356216],[-99.068307,19.357634],[-99.067824,19.359114],[-99.067009,19.361667],[-99.067328,19.361752],[-99.067492,19.361772],[-99.067949,19.360283],[-99.068307,19.359203],[-99.068784,19.357726],[-99.069235,19.356318],[-99.069691,19.354832],[-99.069953,19.354004],[-99.069622,19.353660]]]},"properties":{"cvegeo":"0900700010001","match":"Neighborhood","name":"Albarrada","state":"Ciudad de México","municipality":"Iztapalapa","city":"Iztapalapa","neighborhood":"Albarrada","category":"Colonia","type":"U","postal_code":"09350","population":"3876","dwellings":null,"occupied_dwellings":null,"price_m2":null,"property_price":null,"ids_prom":"406.273","nse":"D","nse_label":"D (20%)","nse_score":"4.063","nse_ab":"21","nse_cplus":"35","nse_c":"47","nse_cminus":"48","nse_dplus":"43","nse_d":"50","nse_e":"7","nse_total":"254","nse_ab_pct":"8.48","nse_cplus_pct":"13.92","nse_c_pct":"18.74","nse_cminus_pct":"19.01","nse_dplus_pct":"16.96","nse_d_pct":"19.82","nse_e_pct":"3.06"}},{"type":"Feature","geometry":{"type":"Polygon","coordinates":[[[-99.034989,19.369639],[-99.034647,19.370051],[-99.034445,19.370294],[-99.034266,19.370524],[-99.034135,19.370694],[-99.033990,19.370877],[-99.033820,19.371093],[-99.033627,19.371333],[-99.033475,19.371523],[-99.033334,19.371698],[-99.033125,19.371962],[-99.032959,19.372171],[-99.032685,19.372509],[-99.032510,19.372729],[-99.032415,19.372944],[-99.032402,19.373112],[-99.032417,19.373213],[-99.032477,19.373369],[-99.032569,19.373494],[-99.032657,19.373569],[-99.032853,19.373649],[-99.033898,19.373929],[-99.034056,19.374009],[-99.034515,19.374002],[-99.034439,19.374193],[-99.034251,19.374778],[-99.034191,19.374983],[-99.034264,19.375134],[-99.034496,19.375577],[-99.034817,19.375708],[-99.035161,19.375811],[-99.035456,19.375893],[-99.035637,19.375943],[-99.035806,19.375990],[-99.036052,19.376058],[-99.036157,19.376087],[-99.036469,19.376174],[-99.036537,19.376193],[-99.036837,19.376276],[-99.036926,19.376300],[-99.037049,19.376334],[-99.037111,19.376351],[-99.037217,19.376381],[-99.037510,19.376462],[-99.037811,19.376546],[-99.037830,19.376553],[-99.038003,19.376610],[-99.038607,19.375582],[-99.038788,19.375277],[-99.039308,19.374378],[-99.039554,19.373948],[-99.040057,19.373041],[-99.040214,19.372758],[-99.039550,19.372371],[-99.039236,19.372182],[-99.038936,19.372009],[-99.038642,19.371832],[-99.038326,19.371648],[-99.038011,19.371475],[-99.037703,19.371300],[-99.037388,19.371115],[-99.037119,19.370947],[-99.037097,19.370933],[-99.036922,19.370820],[-99.036759,19.370716],[-99.036708,19.370683],[-99.036653,19.370653],[-99.036357,19.370478],[-99.036069,19.370303],[-99.035893,19.370188],[-99.034989,19.369639]]]},"properties":{"cvegeo":"0900700010003","match":"Neighborhood","name":"Álvaro Obregón","state":"Ciudad de México","municipality":"Iztapalapa","city":"Iztapalapa","neighborhood":"Álvaro Obregón","category":"Colonia","type":"U","postal_code":"09230","population":"28743","dwellings":null,"occupied_dwellings":null,"price_m2":null,"property_price":null,"ids_prom":"387.831","nse":"D","nse_label":"D (23%)","nse_score":"3.878","nse_ab":"140","nse_cplus":"269","nse_c":"320","nse_cminus":"389","nse_dplus":"351","nse_d":"457","nse_e":"87","nse_total":"2016","nse_ab_pct":"6.97","nse_cplus_pct":"13.38","nse_c_pct":"15.92","nse_cminus_pct":"19.30","nse_dplus_pct":"17.43","nse_d_pct":"22.66","nse_e_pct":"4.34"}},{"type":"Feature","geometry":{"type":"Polygon","coordinates":[[[-99.064742,19.338878],[-99.064386,19.338997],[-99.064128,19.339124],[-99.063753,19.339238],[-99.063340,19.339324],[-99.062926,19.339406],[-99.062461,19.339510],[-99.062017,19.339616],[-99.061792,19.339669],[-99.061554,19.339713],[-99.061437,19.339738],[-99.061087,19.339814],[-99.060153,19.340017],[-99.060098,19.340027],[-99.059820,19.340087],[-99.059610,19.340131],[-99.059048,19.340270],[-99.058622,19.340347],[-99.058538,19.340358],[-99.058231,19.340418],[-99.057960,19.340474],[-99.057481,19.340580],[-99.057764,19.341040],[-99.058383,19.341929],[-99.058867,19.341993],[-99.059345,19.342051],[-99.059757,19.342114],[-99.059854,19.342128],[-99.060153,19.342167],[-99.060367,19.342190],[-99.060550,19.342213],[-99.060945,19.342267],[-99.061339,19.342320],[-99.061849,19.342397],[-99.062063,19.342435],[-99.062176,19.342295],[-99.062294,19.342150],[-99.062453,19.341954],[-99.062726,19.341629],[-99.062954,19.341347],[-99.062986,19.341305],[-99.063441,19.340733],[-99.064236,19.339736],[-99.064590,19.339454],[-99.064645,19.339380],[-99.065008,19.338947],[-99.064742,19.338878]]]},"properties":{"cvegeo":"0900700010006","match":"Neighborhood","name":"Los Ángeles Apanoaya","state":"Ciudad de México","municipality":"Iztapalapa","city":"Iztapalapa","neighborhood":"Los Ángeles Apanoaya","category":"Colonia","type":"U","postal_code":"09710","population":"2864","dwellings":null,"occupied_dwellings":null,"price_m2":null,"property_price":null,"ids_prom":"418.689","nse":"D","nse_label":"D (19%)","nse_score":"4.187","nse_ab":"82","nse_cplus":"156","nse_c":"165","nse_cminus":"161","nse_dplus":"122","nse_d":"166","nse_e":"34","nse_total":"888","nse_ab_pct":"9.25","nse_cplus_pct":"17.58","nse_c_pct":"18.60","nse_cminus_pct":"18.23","nse_dplus_pct":"13.74","nse_d_pct":"18.73","nse_e_pct":"3.88"}},{"type":"Feature","geometry":{"type":"Polygon","coordinates":[[[-99.065008,19.338947],[-99.064645,19.339380],[-99.064590,19.339454],[-99.064236,19.339736],[-99.063441,19.340733],[-99.062986,19.341305],[-99.062954,19.341347],[-99.062726,19.341629],[-99.062453,19.341954],[-99.062294,19.342150],[-99.062176,19.342295],[-99.062063,19.342435],[-99.061743,19.342845],[-99.061579,19.343201],[-99.061374,19.343501],[-99.060762,19.344371],[-99.060650,19.344630],[-99.061070,19.344828],[-99.061257,19.344916],[-99.061408,19.344988],[-99.061789,19.345172],[-99.062655,19.345588],[-99.062939,19.345717],[-99.063505,19.345997],[-99.064086,19.346274],[-99.064698,19.346525],[-99.066094,19.347105],[-99.066908,19.347476],[-99.067302,19.347650],[-99.067868,19.347910],[-99.068127,19.348027],[-99.069892,19.348779],[-99.070942,19.349276],[-99.073230,19.350339],[-99.073860,19.350627],[-99.074863,19.351059],[-99.075863,19.349428],[-99.076822,19.347790],[-99.076482,19.347640],[-99.076201,19.347526],[-99.075739,19.347302],[-99.075904,19.346585],[-99.075036,19.346192],[-99.074565,19.345887],[-99.074440,19.345807],[-99.074131,19.345616],[-99.073906,19.345462],[-99.073680,19.345362],[-99.073237,19.345221],[-99.072749,19.345101],[-99.072274,19.344985],[-99.071790,19.344868],[-99.071475,19.344789],[-99.071299,19.344753],[-99.070997,19.344670],[-99.070863,19.344447],[-99.070481,19.343958],[-99.070105,19.343514],[-99.069751,19.343093],[-99.069637,19.342958],[-99.069373,19.342644],[-99.069306,19.342572],[-99.068961,19.342203],[-99.068519,19.341724],[-99.068124,19.341283],[-99.067719,19.340875],[-99.067553,19.340722],[-99.067294,19.340536],[-99.067051,19.340362],[-99.066969,19.340294],[-99.066867,19.340219],[-99.066572,19.340018],[-99.066377,19.339898],[-99.066037,19.339700],[-99.065822,19.339560],[-99.065709,19.339472],[-99.065435,19.339157],[-99.065352,19.339053],[-99.065008,19.338947]]]},"properties":{"cvegeo":"0900700010007","match":"Neighborhood","name":"Los Ángeles","state":"Ciudad de México","municipality":"Iztapalapa","city":"Iztapalapa","neighborhood":"Los Ángeles","category":"Colonia","type":"U","postal_code":"09830","population":"4893","dwellings":null,"occupied_dwellings":null,"price_m2":null,"property_price":null,"ids_prom":"398.173","nse":"D","nse_label":"D (21%)","nse_score":"3.982","nse_ab":"305","nse_cplus":"637","nse_c":"783","nse_cminus":"880","nse_dplus":"734","nse_d":"910","nse_e":"167","nse_total":"4417","nse_ab_pct":"6.92","nse_cplus_pct":"14.43","nse_c_pct":"17.74","nse_cminus_pct":"19.92","nse_dplus_pct":"16.62","nse_d_pct":"20.60","nse_e_pct":"3.78"}},{"type":"Feature","geometry":{"type":"Polygon","coordinates":[[[-99.073384,19.316536],[-99.073036,19.317344],[-99.072966,19.317527],[-99.072936,19.317588],[-99.072903,19.317680],[-99.072726,19.318093],[-99.072624,19.318349],[-99.072507,19.318627],[-99.072395,19.318911],[-99.072280,19.319195],[-99.072167,19.319495],[-99.072121,19.319609],[-99.072026,19.319834],[-99.071874,19.320195],[-99.071713,19.320576],[-99.071535,19.320998],[-99.071354,19.321427],[-99.071119,19.321983],[-99.071965,19.322365],[-99.072375,19.322530],[-99.072740,19.322107],[-99.072843,19.321975],[-99.073041,19.321732],[-99.073377,19.321347],[-99.075732,19.318490],[-99.075529,19.318376],[-99.075441,19.318288],[-99.073384,19.316536]]]},"properties":{"cvegeo":"0900700010008","match":"Neighborhood","name":"Año de Juárez","state":"Ciudad de México","municipality":"Iztapalapa","city":"Iztapalapa","neighborhood":"Año de Juárez","category":"Colonia","type":"U","postal_code":"09780","population":"314","dwellings":null,"occupied_dwellings":null,"price_m2":null,"property_price":null,"ids_prom":"382.648","nse":"D","nse_label":"D (23%)","nse_score":"3.827","nse_ab":"55","nse_cplus":"117","nse_c":"163","nse_cminus":"168","nse_dplus":"167","nse_d":"209","nse_e":"46","nse_total":"929","nse_ab_pct":"6.01","nse_cplus_pct":"12.59","nse_c_pct":"17.65","nse_cminus_pct":"18.13","nse_dplus_pct":"18.04","nse_d_pct":"22.54","nse_e_pct":"5.03"}},{"type":"Feature","geometry":{"type":"Polygon","coordinates":[[[-99.114754,19.377037],[-99.114695,19.377311],[-99.114403,19.377259],[-99.114048,19.378466],[-99.113481,19.378317],[-99.113111,19.378220],[-99.112515,19.378084],[-99.111118,19.377722],[-99.111080,19.377931],[-99.111003,19.378481],[-99.111000,19.378497],[-99.110941,19.378943],[-99.110882,19.379235],[-99.110842,19.379517],[-99.110800,19.379668],[-99.110795,19.379701],[-99.110759,19.379915],[-99.110742,19.379999],[-99.110702,19.380248],[-99.110693,19.380315],[-99.110678,19.380543],[-99.110688,19.380647],[-99.110699,19.380751],[-99.110759,19.381026],[-99.110936,19.381356],[-99.111123,19.381401],[-99.111334,19.381442],[-99.111560,19.381483],[-99.111730,19.381510],[-99.111960,19.381544],[-99.112046,19.381555],[-99.112210,19.381579],[-99.112381,19.381610],[-99.112599,19.381642],[-99.112721,19.381659],[-99.112833,19.381672],[-99.113058,19.381678],[-99.113114,19.381680],[-99.113379,19.381694],[-99.113566,19.381709],[-99.113760,19.381731],[-99.113915,19.381755],[-99.114097,19.381783],[-99.114405,19.381828],[-99.114465,19.381836],[-99.114740,19.381884],[-99.114805,19.381893],[-99.115041,19.381919],[-99.115127,19.381933],[-99.115307,19.381953],[-99.115411,19.381962],[-99.115589,19.381975],[-99.115730,19.382000],[-99.115835,19.382017],[-99.116018,19.382037],[-99.116142,19.382052],[-99.116320,19.382065],[-99.116475,19.382081],[-99.116671,19.382093],[-99.116769,19.382106],[-99.116921,19.382122],[-99.117029,19.382128],[-99.117196,19.382138],[-99.117369,19.382146],[-99.117566,19.382153],[-99.117663,19.382158],[-99.117715,19.382161],[-99.117783,19.382161],[-99.117824,19.382164],[-99.117930,19.382168],[-99.118089,19.382176],[-99.118174,19.382182],[-99.118431,19.382199],[-99.118803,19.382226],[-99.119083,19.382240],[-99.119366,19.382253],[-99.119786,19.382278],[-99.120114,19.382295],[-99.120388,19.382310],[-99.120554,19.382316],[-99.120852,19.382330],[-99.121127,19.382348],[-99.122477,19.382441],[-99.122479,19.382409],[-99.122557,19.381498],[-99.122563,19.381312],[-99.122593,19.380275],[-99.120674,19.380076],[-99.120344,19.380039],[-99.120314,19.380038],[-99.119881,19.380011],[-99.119490,19.379975],[-99.119175,19.379938],[-99.118903,19.379892],[-99.118647,19.379873],[-99.118370,19.379851],[-99.118335,19.379848],[-99.118126,19.379832],[-99.118450,19.378567],[-99.118047,19.378468],[-99.117819,19.378415],[-99.117669,19.378375],[-99.117407,19.378306],[-99.117380,19.378299],[-99.117127,19.378221],[-99.116912,19.378156],[-99.116350,19.377982],[-99.116039,19.377897],[-99.115439,19.377726],[-99.115529,19.377207],[-99.115136,19.377120],[-99.114754,19.377037]]]},"properties":{"cvegeo":"0900700010009","match":"Neighborhood","name":"Apatlaco","state":"Ciudad de México","municipality":"Iztapalapa","city":"Iztapalapa","neighborhood":"Apatlaco","category":"Colonia","type":"U","postal_code":"09430","population":"2016","dwellings":null,"occupied_dwellings":null,"price_m2":null,"property_price":null,"ids_prom":"404.879","nse":"D","nse_label":"D (20%)","nse_score":"4.049","nse_ab":"239","nse_cplus":"425","nse_c":"505","nse_cminus":"476","nse_dplus":"444","nse_d":"569","nse_e":"118","nse_total":"2780","nse_ab_pct":"8.61","nse_cplus_pct":"15.31","nse_c_pct":"18.20","nse_cminus_pct":"17.15","nse_dplus_pct":"15.99","nse_d_pct":"20.47","nse_e_pct":"4.28"}},{"type":"Feature","geometry":{"type":"Polygon","coordinates":[[[-99.135785,19.359136],[-99.135478,19.361038],[-99.135458,19.361138],[-99.135404,19.361433],[-99.135387,19.361524],[-99.135124,19.363192],[-99.134828,19.364963],[-99.135450,19.365066],[-99.135461,19.365067],[-99.136034,19.365159],[-99.136066,19.365159],[-99.136701,19.365269],[-99.136382,19.367041],[-99.136968,19.367123],[-99.137739,19.367211],[-99.137830,19.366704],[-99.137950,19.366091],[-99.138079,19.365503],[-99.138225,19.364911],[-99.138382,19.364288],[-99.138519,19.363631],[-99.138638,19.363081],[-99.138767,19.362461],[-99.138904,19.361808],[-99.139040,19.361126],[-99.139188,19.360486],[-99.139400,19.359537],[-99.138710,19.359457],[-99.138287,19.359405],[-99.138093,19.359385],[-99.137652,19.359338],[-99.137413,19.359314],[-99.137038,19.359273],[-99.136602,19.359223],[-99.136420,19.359205],[-99.136261,19.359188],[-99.135897,19.359148],[-99.135785,19.359136]]]},"properties":{"cvegeo":"0900700010010","match":"Neighborhood","name":"Banjidal","state":"Ciudad de México","municipality":"Iztapalapa","city":"Iztapalapa","neighborhood":"Banjidal","category":"Colonia","type":"U","postal_code":"09450","population":"3701","dwellings":null,"occupied_dwellings":null,"price_m2":null,"property_price":null,"ids_prom":"514.771","nse":"C+","nse_label":"C+ (28%)","nse_score":"5.148","nse_ab":"226","nse_cplus":"299","nse_c":"208","nse_cminus":"137","nse_dplus":"98","nse_d":"82","nse_e":"2","nse_total":"1056","nse_ab_pct":"21.45","nse_cplus_pct":"28.34","nse_c_pct":"19.72","nse_cminus_pct":"13.03","nse_dplus_pct":"9.35","nse_d_pct":"7.79","nse_e_pct":"0.26"}},{"type":"Feature","geometry":{"type":"Polygon","coordinates":[[[-99.091383,19.360767],[-99.091098,19.361724],[-99.090799,19.362729],[-99.090655,19.363210],[-99.090682,19.363274],[-99.090998,19.363353],[-99.091124,19.363384],[-99.091155,19.363629],[-99.091182,19.363763],[-99.090967,19.364438],[-99.090731,19.365198],[-99.090689,19.365223],[-99.090584,19.365636],[-99.090686,19.365779],[-99.090620,19.365973],[-99.090565,19.366150],[-99.090339,19.366083],[-99.090261,19.366295],[-99.090065,19.366828],[-99.091918,19.366861],[-99.092063,19.366584],[-99.092121,19.366455],[-99.092229,19.366153],[-99.092670,19.366287],[-99.092835,19.366324],[-99.093178,19.366392],[-99.093622,19.366520],[-99.094083,19.365034],[-99.093601,19.364907],[-99.093434,19.364863],[-99.093480,19.364698],[-99.093645,19.364733],[-99.093689,19.364568],[-99.093733,19.364576],[-99.093802,19.364247],[-99.093837,19.364094],[-99.093941,19.363636],[-99.093960,19.363512],[-99.093923,19.363439],[-99.093825,19.363375],[-99.093766,19.363338],[-99.093375,19.363151],[-99.093534,19.362759],[-99.093795,19.362119],[-99.093889,19.361890],[-99.094137,19.361293],[-99.093709,19.361164],[-99.093340,19.361051],[-99.092955,19.360932],[-99.092790,19.361159],[-99.091383,19.360767]]]},"properties":{"cvegeo":"0900700010011","match":"Neighborhood","name":"La Asunción","state":"Ciudad de México","municipality":"Iztapalapa","city":"Iztapalapa","neighborhood":"La Asunción","category":"Barrio","type":"U","postal_code":"09000","population":"8262","dwellings":null,"occupied_dwellings":null,"price_m2":null,"property_price":null,"ids_prom":"354.955","nse":"D","nse_label":"D (28%)","nse_score":"3.550","nse_ab":"48","nse_cplus":"83","nse_c":"105","nse_cminus":"121","nse_dplus":"144","nse_d":"221","nse_e":"61","nse_total":"786","nse_ab_pct":"6.11","nse_cplus_pct":"10.66","nse_c_pct":"13.42","nse_cminus_pct":"15.47","nse_dplus_pct":"18.38","nse_d_pct":"28.11","nse_e_pct":"7.84"}},{"type":"Feature","geometry":{"type":"Polygon","coordinates":[[[-99.069735,19.309976],[-99.069762,19.310163],[-99.069770,19.310387],[-99.069779,19.310501],[-99.069792,19.311045],[-99.069793,19.311066],[-99.069814,19.311748],[-99.069865,19.312975],[-99.069892,19.313275],[-99.069944,19.313485],[-99.070018,19.313680],[-99.070256,19.313913],[-99.070671,19.314249],[-99.070961,19.314491],[-99.071128,19.314632],[-99.071648,19.314003],[-99.072228,19.313314],[-99.072403,19.313091],[-99.073169,19.312118],[-99.073440,19.311790],[-99.073871,19.311248],[-99.073182,19.311119],[-99.073390,19.310477],[-99.073401,19.310433],[-99.072407,19.310275],[-99.071420,19.310101],[-99.070778,19.310025],[-99.069849,19.309981],[-99.069735,19.309976]]]},"properties":{"cvegeo":"0900700010012","match":"Neighborhood","name":"Guadalupe","state":"Ciudad de México","municipality":"Iztapalapa","city":"Iztapalapa","neighborhood":"Guadalupe","category":"Barrio","type":"U","postal_code":"09900","population":"17150","dwellings":null,"occupied_dwellings":null,"price_m2":null,"property_price":null,"ids_prom":"388.043","nse":"D","nse_label":"D (23%)","nse_score":"3.880","nse_ab":"49","nse_cplus":"98","nse_c":"117","nse_cminus":"129","nse_dplus":"122","nse_d":"164","nse_e":"31","nse_total":"712","nse_ab_pct":"6.89","nse_cplus_pct":"13.77","nse_c_pct":"16.51","nse_cminus_pct":"18.14","nse_dplus_pct":"17.14","nse_d_pct":"23.15","nse_e_pct":"4.41"}},{"type":"Feature","geometry":{"type":"Polygon","coordinates":[[[-99.071842,19.299157],[-99.071654,19.299683],[-99.071485,19.300212],[-99.071306,19.300758],[-99.071134,19.301287],[-99.070974,19.301818],[-99.070813,19.302358],[-99.070635,19.302875],[-99.070442,19.303465],[-99.070224,19.304096],[-99.069929,19.305010],[-99.069820,19.305302],[-99.069638,19.305789],[-99.069475,19.306255],[-99.069303,19.306750],[-99.069142,19.307249],[-99.068737,19.308498],[-99.069158,19.308899],[-99.069383,19.309146],[-99.069418,19.309190],[-99.069522,19.309353],[-99.069655,19.309650],[-99.069735,19.309976],[-99.069849,19.309981],[-99.070778,19.310025],[-99.071420,19.310101],[-99.072407,19.310275],[-99.073401,19.310433],[-99.073390,19.310477],[-99.073182,19.311119],[-99.073871,19.311248],[-99.074393,19.310602],[-99.075115,19.309711],[-99.075703,19.309005],[-99.075880,19.308793],[-99.076326,19.308233],[-99.076494,19.308018],[-99.077131,19.307203],[-99.077259,19.307039],[-99.078076,19.305993],[-99.078179,19.305861],[-99.078972,19.304861],[-99.078699,19.304673],[-99.078369,19.304445],[-99.078332,19.304421],[-99.077974,19.304201],[-99.077935,19.304177],[-99.077764,19.304072],[-99.077661,19.304006],[-99.077369,19.303828],[-99.077319,19.303797],[-99.077024,19.303615],[-99.076985,19.303591],[-99.076698,19.303414],[-99.076479,19.303678],[-99.076127,19.303386],[-99.075963,19.303267],[-99.075810,19.303151],[-99.075549,19.302954],[-99.075515,19.302918],[-99.075250,19.302710],[-99.075070,19.302568],[-99.074792,19.302365],[-99.074504,19.302138],[-99.074287,19.302044],[-99.073282,19.301960],[-99.073501,19.301445],[-99.073719,19.300933],[-99.073946,19.300414],[-99.074173,19.299894],[-99.074385,19.299370],[-99.071842,19.299157]]]},"properties":{"cvegeo":"0900700010013","match":"Neighborhood","name":"San Antonio","state":"Ciudad de México","municipality":"Iztapalapa","city":"Iztapalapa","neighborhood":"San Antonio","category":"Barrio","type":"U","postal_code":"09900","population":"9557","dwellings":null,"occupied_dwellings":null,"price_m2":null,"property_price":null,"ids_prom":"347.803","nse":"D","nse_label":"D (28%)","nse_score":"3.478","nse_ab":"218","nse_cplus":"385","nse_c":"506","nse_cminus":"625","nse_dplus":"673","nse_d":"1073","nse_e":"375","nse_total":"3857","nse_ab_pct":"5.65","nse_cplus_pct":"9.99","nse_c_pct":"13.14","nse_cminus_pct":"16.22","nse_dplus_pct":"17.46","nse_d_pct":"27.82","nse_e_pct":"9.72"}},{"type":"Feature","geometry":{"type":"Polygon","coordinates":[[[-99.108896,19.338082],[-99.108904,19.339279],[-99.108846,19.339617],[-99.108714,19.340174],[-99.108502,19.340848],[-99.109636,19.341140],[-99.109609,19.341538],[-99.110299,19.341975],[-99.111905,19.343296],[-99.112270,19.343599],[-99.112232,19.343767],[-99.112348,19.343810],[-99.113371,19.344397],[-99.114240,19.344769],[-99.114905,19.345071],[-99.114997,19.345112],[-99.115221,19.345194],[-99.115556,19.345313],[-99.116011,19.345462],[-99.115949,19.345770],[-99.117151,19.346120],[-99.117392,19.346189],[-99.117261,19.345945],[-99.117067,19.345584],[-99.117052,19.345556],[-99.116405,19.344394],[-99.116219,19.344116],[-99.116082,19.343964],[-99.115875,19.343706],[-99.115731,19.343532],[-99.115658,19.343433],[-99.115572,19.343264],[-99.115416,19.342911],[-99.115307,19.342666],[-99.115243,19.342517],[-99.115163,19.342333],[-99.115115,19.342234],[-99.114953,19.341872],[-99.114549,19.340971],[-99.114475,19.340790],[-99.114447,19.340679],[-99.114432,19.340585],[-99.114397,19.340421],[-99.114345,19.340072],[-99.114312,19.339831],[-99.114216,19.339230],[-99.114183,19.339015],[-99.112933,19.338762],[-99.111504,19.338464],[-99.110446,19.338269],[-99.110405,19.338261],[-99.109629,19.338130],[-99.108896,19.338082]]]},"properties":{"cvegeo":"0900700010014","match":"Neighborhood","name":"San Antonio Culhuacan","state":"Ciudad de México","municipality":"Iztapalapa","city":"Iztapalapa","neighborhood":"San Antonio Culhuacan","category":"Barrio","type":"U","postal_code":"09800","population":"3273","dwellings":null,"occupied_dwellings":null,"price_m2":null,"property_price":null,"ids_prom":"395.025","nse":"D","nse_label":"D (21%)","nse_score":"3.950","nse_ab":"127","nse_cplus":"207","nse_c":"265","nse_cminus":"275","nse_dplus":"243","nse_d":"323","nse_e":"83","nse_total":"1526","nse_ab_pct":"8.36","nse_cplus_pct":"13.58","nse_c_pct":"17.41","nse_cminus_pct":"18.07","nse_dplus_pct":"15.98","nse_d_pct":"21.16","nse_e_pct":"5.44"}},{"type":"Feature","geometry":{"type":"Polygon","coordinates":[[[-99.094137,19.361293],[-99.093889,19.361890],[-99.093795,19.362119],[-99.093534,19.362759],[-99.093375,19.363151],[-99.093766,19.363338],[-99.093825,19.363375],[-99.093923,19.363439],[-99.093960,19.363512],[-99.093941,19.363636],[-99.093837,19.364094],[-99.093802,19.364247],[-99.093733,19.364576],[-99.093689,19.364568],[-99.093645,19.364733],[-99.093480,19.364698],[-99.093434,19.364863],[-99.093601,19.364907],[-99.094083,19.365034],[-99.093622,19.366520],[-99.093178,19.366392],[-99.092835,19.366324],[-99.092670,19.366287],[-99.092229,19.366153],[-99.092121,19.366455],[-99.092063,19.366584],[-99.091918,19.366861],[-99.094085,19.366926],[-99.094542,19.366952],[-99.095019,19.366965],[-99.095558,19.367008],[-99.096203,19.367085],[-99.096699,19.367186],[-99.097017,19.367277],[-99.097802,19.367515],[-99.098242,19.367650],[-99.099932,19.368165],[-99.100064,19.367525],[-99.100116,19.367312],[-99.100174,19.367111],[-99.100337,19.366467],[-99.100347,19.366417],[-99.099743,19.366245],[-99.099801,19.366099],[-99.099874,19.365949],[-99.100004,19.365667],[-99.100089,19.365431],[-99.100150,19.365294],[-99.100225,19.365030],[-99.100272,19.364843],[-99.100316,19.364668],[-99.100427,19.364210],[-99.100530,19.363756],[-99.100323,19.363661],[-99.100147,19.363570],[-99.099987,19.363419],[-99.099900,19.363338],[-99.100081,19.362918],[-99.099128,19.362685],[-99.098829,19.362608],[-99.098413,19.362501],[-99.098339,19.362480],[-99.098073,19.362404],[-99.096292,19.361901],[-99.095514,19.361682],[-99.094910,19.361511],[-99.094137,19.361293]]]},"properties":{"cvegeo":"0900700010015","match":"Neighborhood","name":"San Ignacio","state":"Ciudad de México","municipality":"Iztapalapa","city":"Iztapalapa","neighborhood":"San Ignacio","category":"Barrio","type":"U","postal_code":"09000","population":"9592","dwellings":null,"occupied_dwellings":null,"price_m2":null,"property_price":null,"ids_prom":"344.731","nse":"D","nse_label":"D (29%)","nse_score":"3.447","nse_ab":"112","nse_cplus":"196","nse_c":"264","nse_cminus":"306","nse_dplus":"345","nse_d":"589","nse_e":"194","nse_total":"2010","nse_ab_pct":"5.61","nse_cplus_pct":"9.78","nse_c_pct":"13.17","nse_cminus_pct":"15.27","nse_dplus_pct":"17.19","nse_d_pct":"29.31","nse_e_pct":"9.67"}},{"type":"Feature","geometry":{"type":"Polygon","coordinates":[[[-99.089524,19.362971],[-99.089419,19.363213],[-99.089003,19.363089],[-99.088106,19.363091],[-99.087936,19.363712],[-99.087919,19.363791],[-99.087927,19.363882],[-99.087633,19.363773],[-99.087284,19.363638],[-99.087223,19.363788],[-99.087219,19.363850],[-99.087264,19.363991],[-99.087254,19.364121],[-99.087137,19.364102],[-99.086869,19.364901],[-99.086812,19.365067],[-99.087472,19.365281],[-99.086933,19.366849],[-99.087278,19.366815],[-99.088176,19.366803],[-99.089119,19.366809],[-99.090065,19.366828],[-99.090261,19.366295],[-99.090339,19.366083],[-99.090565,19.366150],[-99.090620,19.365973],[-99.090686,19.365779],[-99.090584,19.365636],[-99.090689,19.365223],[-99.090731,19.365198],[-99.090967,19.364438],[-99.091182,19.363763],[-99.091155,19.363629],[-99.091124,19.363384],[-99.090998,19.363353],[-99.090682,19.363274],[-99.090655,19.363210],[-99.090267,19.363203],[-99.090244,19.363196],[-99.089524,19.362971]]]},"properties":{"cvegeo":"0900700010016","match":"Neighborhood","name":"San José","state":"Ciudad de México","municipality":"Iztapalapa","city":"Iztapalapa","neighborhood":"San José","category":"Barrio","type":"U","postal_code":"09000","population":"3120","dwellings":null,"occupied_dwellings":null,"price_m2":null,"property_price":null,"ids_prom":"345.660","nse":"D","nse_label":"D (30%)","nse_score":"3.457","nse_ab":"31","nse_cplus":"47","nse_c":"62","nse_cminus":"78","nse_dplus":"97","nse_d":"154","nse_e":"41","nse_total":"513","nse_ab_pct":"6.09","nse_cplus_pct":"9.32","nse_c_pct":"12.13","nse_cminus_pct":"15.28","nse_dplus_pct":"19.02","nse_d_pct":"30.17","nse_e_pct":"8.00"}},{"type":"Feature","geometry":{"type":"Polygon","coordinates":[[[-99.070418,19.299023],[-99.070250,19.299574],[-99.068616,19.299425],[-99.068188,19.299406],[-99.067849,19.299463],[-99.067967,19.299961],[-99.068027,19.300515],[-99.068011,19.301083],[-99.067987,19.301627],[-99.067960,19.302170],[-99.067429,19.302164],[-99.067461,19.302710],[-99.067469,19.302967],[-99.067471,19.303345],[-99.067470,19.303488],[-99.067481,19.303954],[-99.067490,19.304291],[-99.067501,19.304749],[-99.067515,19.305330],[-99.067525,19.306628],[-99.067517,19.307298],[-99.067791,19.307564],[-99.067996,19.307767],[-99.068326,19.308097],[-99.068737,19.308498],[-99.069142,19.307249],[-99.069303,19.306750],[-99.069475,19.306255],[-99.069638,19.305789],[-99.069820,19.305302],[-99.069929,19.305010],[-99.070224,19.304096],[-99.070442,19.303465],[-99.070635,19.302875],[-99.070813,19.302358],[-99.070974,19.301818],[-99.071134,19.301287],[-99.071306,19.300758],[-99.071485,19.300212],[-99.071654,19.299683],[-99.071842,19.299157],[-99.070418,19.299023]]]},"properties":{"cvegeo":"0900700010017","match":"Neighborhood","name":"San Lorenzo","state":"Ciudad de México","municipality":"Iztapalapa","city":"Iztapalapa","neighborhood":"San Lorenzo","category":"Barrio","type":"U","postal_code":"09900","population":"3586","dwellings":null,"occupied_dwellings":null,"price_m2":null,"property_price":null,"ids_prom":"347.264","nse":"D","nse_label":"D (28%)","nse_score":"3.473","nse_ab":"66","nse_cplus":"120","nse_c":"190","nse_cminus":"238","nse_dplus":"227","nse_d":"371","nse_e":"122","nse_total":"1337","nse_ab_pct":"4.97","nse_cplus_pct":"9.02","nse_c_pct":"14.27","nse_cminus_pct":"17.83","nse_dplus_pct":"16.99","nse_d_pct":"27.76","nse_e_pct":"9.16"}},{"type":"Feature","geometry":{"type":"Polygon","coordinates":[[[-99.098700,19.355423],[-99.098654,19.355423],[-99.098123,19.355430],[-99.097474,19.355505],[-99.096798,19.355593],[-99.096430,19.355640],[-99.095980,19.355698],[-99.095898,19.355710],[-99.095197,19.355810],[-99.095036,19.355833],[-99.094709,19.355878],[-99.094198,19.355938],[-99.093693,19.355998],[-99.093435,19.356034],[-99.093346,19.356383],[-99.093536,19.357285],[-99.093545,19.357771],[-99.092986,19.357912],[-99.092112,19.358139],[-99.092067,19.358293],[-99.092007,19.358521],[-99.091815,19.359295],[-99.091608,19.360011],[-99.091383,19.360767],[-99.092790,19.361159],[-99.092955,19.360932],[-99.093340,19.361051],[-99.093709,19.361164],[-99.094137,19.361293],[-99.094910,19.361511],[-99.095514,19.361682],[-99.096292,19.361901],[-99.098073,19.362404],[-99.098339,19.362480],[-99.098413,19.362501],[-99.098829,19.362608],[-99.099128,19.362685],[-99.099632,19.361549],[-99.099788,19.361211],[-99.099832,19.361118],[-99.100225,19.360295],[-99.099240,19.360042],[-99.099470,19.359275],[-99.099552,19.359055],[-99.099567,19.359014],[-99.099784,19.358357],[-99.099991,19.357789],[-99.100088,19.357524],[-99.100289,19.356983],[-99.100597,19.356144],[-99.099635,19.356275],[-99.098820,19.356383],[-99.098266,19.356457],[-99.098500,19.356168],[-99.098515,19.356111],[-99.098700,19.355423]]]},"properties":{"cvegeo":"0900700010018","match":"Neighborhood","name":"San Lucas","state":"Ciudad de México","municipality":"Iztapalapa","city":"Iztapalapa","neighborhood":"San Lucas","category":"Barrio","type":"U","postal_code":"09000","population":"973","dwellings":null,"occupied_dwellings":null,"price_m2":null,"property_price":null,"ids_prom":"386.963","nse":"D","nse_label":"D (22%)","nse_score":"3.870","nse_ab":"189","nse_cplus":"323","nse_c":"399","nse_cminus":"441","nse_dplus":"431","nse_d":"551","nse_e":"134","nse_total":"2471","nse_ab_pct":"7.67","nse_cplus_pct":"13.10","nse_c_pct":"16.16","nse_cminus_pct":"17.85","nse_dplus_pct":"17.47","nse_d_pct":"22.30","nse_e_pct":"5.44"}},{"type":"Feature","geometry":{"type":"Polygon","coordinates":[[[-99.069892,19.348779],[-99.069686,19.349399],[-99.069344,19.350424],[-99.068975,19.350348],[-99.068708,19.351416],[-99.068245,19.351159],[-99.068095,19.350931],[-99.067982,19.351492],[-99.067920,19.351815],[-99.068503,19.352448],[-99.068939,19.352954],[-99.069396,19.353433],[-99.071548,19.353932],[-99.071478,19.354299],[-99.072098,19.354532],[-99.072605,19.354708],[-99.072448,19.355326],[-99.072133,19.356407],[-99.072605,19.356862],[-99.073000,19.357273],[-99.073724,19.358087],[-99.073899,19.358392],[-99.074136,19.358916],[-99.074309,19.359359],[-99.074371,19.359720],[-99.074400,19.360045],[-99.074409,19.360146],[-99.074419,19.360257],[-99.074422,19.360285],[-99.074467,19.360837],[-99.075208,19.361033],[-99.077223,19.361691],[-99.079665,19.362474],[-99.081160,19.362968],[-99.081867,19.363219],[-99.082239,19.363403],[-99.083184,19.363864],[-99.083667,19.362543],[-99.084068,19.361465],[-99.084339,19.360753],[-99.084517,19.360465],[-99.084642,19.360268],[-99.084724,19.360112],[-99.084762,19.360041],[-99.084826,19.359919],[-99.085262,19.359090],[-99.085709,19.358243],[-99.086568,19.356638],[-99.086613,19.356530],[-99.086462,19.356177],[-99.085672,19.355766],[-99.085391,19.355870],[-99.085258,19.355789],[-99.084967,19.355631],[-99.082796,19.354650],[-99.082036,19.354310],[-99.081326,19.353973],[-99.080649,19.353667],[-99.080177,19.353455],[-99.079323,19.353049],[-99.078456,19.352647],[-99.077516,19.352245],[-99.076209,19.351685],[-99.075686,19.351442],[-99.075395,19.351307],[-99.074863,19.351059],[-99.073860,19.350627],[-99.073230,19.350339],[-99.070942,19.349276],[-99.069892,19.348779]]]},"properties":{"cvegeo":"0900700010019","match":"Neighborhood","name":"San Miguel","state":"Ciudad de México","municipality":"Iztapalapa","city":"Iztapalapa","neighborhood":"San Miguel","category":"Barrio","type":"U","postal_code":"09360","population":"25654","dwellings":null,"occupied_dwellings":null,"price_m2":null,"property_price":null,"ids_prom":"430.096","nse":"C","nse_label":"C (20%)","nse_score":"4.301","nse_ab":"615","nse_cplus":"1242","nse_c":"1341","nse_cminus":"1339","nse_dplus":"1022","nse_d":"1038","nse_e":"176","nse_total":"6777","nse_ab_pct":"9.08","nse_cplus_pct":"18.33","nse_c_pct":"19.79","nse_cminus_pct":"19.77","nse_dplus_pct":"15.08","nse_d_pct":"15.32","nse_e_pct":"2.60"}},{"type":"Feature","geometry":{"type":"Polygon","coordinates":[[[-99.093435,19.356034],[-99.092529,19.356143],[-99.091454,19.356275],[-99.090005,19.356457],[-99.089300,19.356545],[-99.089036,19.356577],[-99.088296,19.356669],[-99.087594,19.356646],[-99.086960,19.356530],[-99.086613,19.356530],[-99.086568,19.356638],[-99.085709,19.358243],[-99.085262,19.359090],[-99.084826,19.359919],[-99.084762,19.360041],[-99.085189,19.360226],[-99.085299,19.360155],[-99.085444,19.360201],[-99.086212,19.360411],[-99.086555,19.360504],[-99.086898,19.360615],[-99.086933,19.360538],[-99.087587,19.360778],[-99.087646,19.360798],[-99.088371,19.360993],[-99.089090,19.361188],[-99.089149,19.361204],[-99.089677,19.361357],[-99.090088,19.361459],[-99.090693,19.361617],[-99.091098,19.361724],[-99.091383,19.360767],[-99.091608,19.360011],[-99.091815,19.359295],[-99.092007,19.358521],[-99.092067,19.358293],[-99.092112,19.358139],[-99.092986,19.357912],[-99.093545,19.357771],[-99.093536,19.357285],[-99.093346,19.356383],[-99.093435,19.356034]]]},"properties":{"cvegeo":"0900700010021","match":"Neighborhood","name":"San Pablo","state":"Ciudad de México","municipality":"Iztapalapa","city":"Iztapalapa","neighborhood":"San Pablo","category":"Barrio","type":"U","postal_code":"09000","population":"6753","dwellings":null,"occupied_dwellings":null,"price_m2":null,"property_price":null,"ids_prom":"391.326","nse":"D","nse_label":"D (21%)","nse_score":"3.913","nse_ab":"109","nse_cplus":"202","nse_c":"271","nse_cminus":"281","nse_dplus":"281","nse_d":"325","nse_e":"68","nse_total":"1540","nse_ab_pct":"7.10","nse_cplus_pct":"13.16","nse_c_pct":"17.61","nse_cminus_pct":"18.25","nse_dplus_pct":"18.29","nse_d_pct":"21.15","nse_e_pct":"4.45"}},{"type":"Feature","geometry":{"type":"Polygon","coordinates":[[[-99.084762,19.360041],[-99.084724,19.360112],[-99.084642,19.360268],[-99.084517,19.360465],[-99.084339,19.360753],[-99.084068,19.361465],[-99.083667,19.362543],[-99.083184,19.363864],[-99.082956,19.364488],[-99.082905,19.364628],[-99.082875,19.364708],[-99.082446,19.365884],[-99.081840,19.367537],[-99.080729,19.370401],[-99.080558,19.370839],[-99.080415,19.371281],[-99.080321,19.371573],[-99.080635,19.371738],[-99.080806,19.371802],[-99.081169,19.371878],[-99.081511,19.371872],[-99.081923,19.371801],[-99.082085,19.371751],[-99.082397,19.371584],[-99.082739,19.371343],[-99.083049,19.371003],[-99.083426,19.370550],[-99.083675,19.370251],[-99.083885,19.369989],[-99.084116,19.369702],[-99.084343,19.369419],[-99.084522,19.369196],[-99.084847,19.368790],[-99.084949,19.368662],[-99.085795,19.367650],[-99.085931,19.367493],[-99.086320,19.367108],[-99.086933,19.366849],[-99.087472,19.365281],[-99.086812,19.365067],[-99.086869,19.364901],[-99.087137,19.364102],[-99.087254,19.364121],[-99.087264,19.363991],[-99.087219,19.363850],[-99.087223,19.363788],[-99.087284,19.363638],[-99.087633,19.363773],[-99.087927,19.363882],[-99.087919,19.363791],[-99.087936,19.363712],[-99.088106,19.363091],[-99.089003,19.363089],[-99.089419,19.363213],[-99.089524,19.362971],[-99.090244,19.363196],[-99.090267,19.363203],[-99.090655,19.363210],[-99.090799,19.362729],[-99.091098,19.361724],[-99.090693,19.361617],[-99.090088,19.361459],[-99.089677,19.361357],[-99.089149,19.361204],[-99.089090,19.361188],[-99.088371,19.360993],[-99.087646,19.360798],[-99.087587,19.360778],[-99.086933,19.360538],[-99.086898,19.360615],[-99.086555,19.360504],[-99.086212,19.360411],[-99.085444,19.360201],[-99.085299,19.360155],[-99.085189,19.360226],[-99.084762,19.360041]]]},"properties":{"cvegeo":"0900700010022","match":"Neighborhood","name":"San Pedro","state":"Ciudad de México","municipality":"Iztapalapa","city":"Iztapalapa","neighborhood":"San Pedro","category":"Barrio","type":"U","postal_code":"09000","population":"6147","dwellings":null,"occupied_dwellings":null,"price_m2":null,"property_price":null,"ids_prom":"359.020","nse":"D","nse_label":"D (28%)","nse_score":"3.590","nse_ab":"140","nse_cplus":"226","nse_c":"285","nse_cminus":"336","nse_dplus":"395","nse_d":"591","nse_e":"151","nse_total":"2127","nse_ab_pct":"6.62","nse_cplus_pct":"10.64","nse_c_pct":"13.42","nse_cminus_pct":"15.81","nse_dplus_pct":"18.60","nse_d_pct":"27.79","nse_e_pct":"7.12"}},{"type":"Feature","geometry":{"type":"Polygon","coordinates":[[[-99.105082,19.333527],[-99.104665,19.333551],[-99.104539,19.333557],[-99.104145,19.333592],[-99.102879,19.333668],[-99.102528,19.333699],[-99.102148,19.333733],[-99.102102,19.333738],[-99.101538,19.333797],[-99.100935,19.333862],[-99.100747,19.333882],[-99.100471,19.333926],[-99.100804,19.336452],[-99.100819,19.336563],[-99.100994,19.337686],[-99.101406,19.337621],[-99.101717,19.337576],[-99.102205,19.337512],[-99.102283,19.337503],[-99.102816,19.337435],[-99.103339,19.337373],[-99.103700,19.337350],[-99.103647,19.336811],[-99.104120,19.336760],[-99.104394,19.336729],[-99.104518,19.336725],[-99.104956,19.336844],[-99.104966,19.336801],[-99.104776,19.336519],[-99.104718,19.336127],[-99.105191,19.336098],[-99.105323,19.335716],[-99.105671,19.334697],[-99.105932,19.334764],[-99.106406,19.334851],[-99.107828,19.334858],[-99.107818,19.334444],[-99.106606,19.334041],[-99.105110,19.333532],[-99.105082,19.333527]]]},"properties":{"cvegeo":"0900700010023","match":"Neighborhood","name":"San Simón Culhuacan","state":"Ciudad de México","municipality":"Iztapalapa","city":"Iztapalapa","neighborhood":"San Simón Culhuacan","category":"Barrio","type":"U","postal_code":"09800","population":"10025","dwellings":null,"occupied_dwellings":null,"price_m2":null,"property_price":null,"ids_prom":"389.422","nse":"D","nse_label":"D (21%)","nse_score":"3.894","nse_ab":"100","nse_cplus":"201","nse_c":"229","nse_cminus":"269","nse_dplus":"258","nse_d":"295","nse_e":"79","nse_total":"1434","nse_ab_pct":"7.03","nse_cplus_pct":"14.07","nse_c_pct":"16.00","nse_cminus_pct":"18.76","nse_dplus_pct":"17.99","nse_d_pct":"20.59","nse_e_pct":"5.55"}},{"type":"Feature","geometry":{"type":"Polygon","coordinates":[[[-99.102640,19.355856],[-99.102306,19.355894],[-99.101785,19.355971],[-99.100597,19.356144],[-99.100289,19.356983],[-99.100088,19.357524],[-99.099991,19.357789],[-99.099784,19.358357],[-99.099567,19.359014],[-99.099552,19.359055],[-99.099470,19.359275],[-99.099240,19.360042],[-99.100225,19.360295],[-99.099832,19.361118],[-99.099788,19.361211],[-99.099632,19.361549],[-99.099128,19.362685],[-99.100081,19.362918],[-99.099900,19.363338],[-99.099987,19.363419],[-99.100147,19.363570],[-99.100323,19.363661],[-99.100530,19.363756],[-99.100427,19.364210],[-99.100316,19.364668],[-99.100272,19.364843],[-99.100225,19.365030],[-99.100150,19.365294],[-99.100089,19.365431],[-99.100004,19.365667],[-99.099874,19.365949],[-99.099801,19.366099],[-99.099743,19.366245],[-99.100347,19.366417],[-99.100337,19.366467],[-99.100174,19.367111],[-99.100116,19.367312],[-99.100064,19.367525],[-99.099932,19.368165],[-99.100611,19.368449],[-99.100676,19.368294],[-99.101254,19.368477],[-99.101510,19.368590],[-99.102165,19.368810],[-99.102626,19.368987],[-99.103021,19.367999],[-99.103533,19.366686],[-99.103643,19.366405],[-99.103786,19.366047],[-99.103997,19.365520],[-99.104217,19.364856],[-99.104352,19.364397],[-99.104363,19.364214],[-99.104443,19.364169],[-99.104635,19.363827],[-99.104823,19.363430],[-99.104883,19.363297],[-99.105177,19.362659],[-99.105578,19.361732],[-99.105639,19.361574],[-99.105627,19.361500],[-99.105453,19.361406],[-99.105251,19.361307],[-99.105205,19.361243],[-99.105201,19.361200],[-99.105353,19.360702],[-99.105408,19.360528],[-99.105500,19.360222],[-99.105660,19.359701],[-99.105763,19.359359],[-99.105808,19.359221],[-99.105910,19.358903],[-99.106037,19.358507],[-99.106160,19.358151],[-99.106339,19.357607],[-99.106385,19.357507],[-99.106780,19.356194],[-99.105759,19.356104],[-99.105687,19.356098],[-99.104555,19.355997],[-99.104368,19.355980],[-99.103843,19.355934],[-99.103365,19.355892],[-99.103278,19.355884],[-99.102906,19.355860],[-99.102640,19.355856]]]},"properties":{"cvegeo":"0900700010024","match":"Neighborhood","name":"Santa Bárbara","state":"Ciudad de México","municipality":"Iztapalapa","city":"Iztapalapa","neighborhood":"Santa Bárbara","category":"Barrio","type":"U","postal_code":"09000","population":"4062","dwellings":null,"occupied_dwellings":null,"price_m2":null,"property_price":null,"ids_prom":"352.419","nse":"D","nse_label":"D (27%)","nse_score":"3.524","nse_ab":"231","nse_cplus":"427","nse_c":"587","nse_cminus":"702","nse_dplus":"773","nse_d":"1157","nse_e":"354","nse_total":"4234","nse_ab_pct":"5.47","nse_cplus_pct":"10.10","nse_c_pct":"13.87","nse_cminus_pct":"16.60","nse_dplus_pct":"18.27","nse_d_pct":"27.34","nse_e_pct":"8.36"}},{"type":"Feature","geometry":{"type":"Polygon","coordinates":[[[-99.112158,19.334218],[-99.112035,19.334338],[-99.111547,19.335482],[-99.110405,19.338261],[-99.110446,19.338269],[-99.111504,19.338464],[-99.112933,19.338762],[-99.114183,19.339015],[-99.114178,19.338970],[-99.114136,19.338637],[-99.114068,19.338250],[-99.114039,19.338136],[-99.114020,19.337960],[-99.113957,19.337637],[-99.113907,19.337336],[-99.113764,19.336924],[-99.113597,19.336648],[-99.113215,19.335977],[-99.113022,19.335559],[-99.112964,19.335429],[-99.112935,19.335368],[-99.112439,19.334634],[-99.112158,19.334218]]]},"properties":{"cvegeo":"0900700010025","match":"Neighborhood","name":"Tula","state":"Ciudad de México","municipality":"Iztapalapa","city":"Iztapalapa","neighborhood":"Tula","category":"Barrio","type":"U","postal_code":"09800","population":"732","dwellings":null,"occupied_dwellings":null,"price_m2":null,"property_price":null,"ids_prom":"395.681","nse":"D","nse_label":"D (21%)","nse_score":"3.957","nse_ab":"40","nse_cplus":"64","nse_c":"83","nse_cminus":"86","nse_dplus":"75","nse_d":"100","nse_e":"25","nse_total":"477","nse_ab_pct":"8.42","nse_cplus_pct":"13.51","nse_c_pct":"17.57","nse_cminus_pct":"18.19","nse_dplus_pct":"15.89","nse_d_pct":"21.01","nse_e_pct":"5.42"}},{"type":"Feature","geometry":{"type":"Polygon","coordinates":[[[-99.070489,19.329049],[-99.070482,19.329106],[-99.070398,19.329445],[-99.070342,19.329750],[-99.070278,19.330101],[-99.070223,19.330398],[-99.070185,19.330605],[-99.070128,19.330914],[-99.070195,19.330922],[-99.071111,19.331085],[-99.071402,19.331137],[-99.072822,19.331388],[-99.073379,19.331487],[-99.074426,19.331675],[-99.074950,19.331775],[-99.075055,19.329883],[-99.073707,19.329626],[-99.073559,19.329592],[-99.073208,19.329531],[-99.073116,19.329515],[-99.072867,19.329469],[-99.072374,19.329385],[-99.072101,19.329334],[-99.070489,19.329049]]]},"properties":{"cvegeo":"0900700010026","match":"Neighborhood","name":"Bellavista","state":"Ciudad de México","municipality":"Iztapalapa","city":"Iztapalapa","neighborhood":"Bellavista","category":"Colonia","type":"U","postal_code":"09860","population":"14932","dwellings":null,"occupied_dwellings":null,"price_m2":null,"property_price":null,"ids_prom":"464.251","nse":"C","nse_label":"C (22%)","nse_score":"4.643","nse_ab":"105","nse_cplus":"166","nse_c":"168","nse_cminus":"127","nse_dplus":"109","nse_d":"93","nse_e":"7","nse_total":"776","nse_ab_pct":"13.53","nse_cplus_pct":"21.40","nse_c_pct":"21.67","nse_cminus_pct":"16.40","nse_dplus_pct":"14.07","nse_d_pct":"12.01","nse_e_pct":"0.91"}},{"type":"Feature","geometry":{"type":"Polygon","coordinates":[[[-99.079524,19.328759],[-99.079170,19.330593],[-99.079350,19.330622],[-99.079395,19.330630],[-99.079722,19.330682],[-99.080100,19.330752],[-99.080474,19.330820],[-99.080853,19.330884],[-99.081291,19.330952],[-99.081642,19.331012],[-99.082020,19.331078],[-99.082384,19.329285],[-99.081650,19.329147],[-99.081215,19.329078],[-99.080819,19.329014],[-99.080443,19.328941],[-99.080078,19.328877],[-99.079707,19.328794],[-99.079524,19.328759]]]},"properties":{"cvegeo":"0900700010027","match":"Neighborhood","name":"Benito Juárez","state":"Ciudad de México","municipality":"Iztapalapa","city":"Iztapalapa","neighborhood":"Benito Juárez","category":"Colonia","type":"U","postal_code":"09859","population":"32137","dwellings":null,"occupied_dwellings":null,"price_m2":null,"property_price":null,"ids_prom":"399.392","nse":"D","nse_label":"D (20%)","nse_score":"3.994","nse_ab":"18","nse_cplus":"32","nse_c":"42","nse_cminus":"45","nse_dplus":"39","nse_d":"47","nse_e":"10","nse_total":"235","nse_ab_pct":"7.89","nse_cplus_pct":"13.63","nse_c_pct":"18.15","nse_cminus_pct":"19.30","nse_dplus_pct":"16.60","nse_d_pct":"20.18","nse_e_pct":"4.25"}},{"type":"Feature","geometry":{"type":"Polygon","coordinates":[[[-99.027592,19.320087],[-99.027417,19.320237],[-99.027071,19.320539],[-99.026823,19.320696],[-99.026297,19.321194],[-99.025573,19.321889],[-99.025445,19.322096],[-99.025060,19.322217],[-99.024264,19.322523],[-99.024003,19.322676],[-99.024164,19.322789],[-99.024146,19.322841],[-99.024045,19.322934],[-99.023930,19.323112],[-99.023892,19.323376],[-99.023997,19.323462],[-99.023954,19.323756],[-99.023665,19.324279],[-99.023641,19.324324],[-99.023851,19.324419],[-99.023989,19.324524],[-99.023624,19.325155],[-99.023808,19.325305],[-99.023921,19.325381],[-99.024068,19.325444],[-99.023973,19.325733],[-99.023963,19.325759],[-99.023899,19.326047],[-99.023889,19.326091],[-99.023902,19.326461],[-99.023921,19.326740],[-99.023947,19.327096],[-99.024017,19.327372],[-99.024165,19.327887],[-99.024182,19.327990],[-99.024351,19.328068],[-99.024660,19.328270],[-99.024800,19.328427],[-99.024901,19.328548],[-99.025156,19.328881],[-99.025370,19.329250],[-99.025616,19.329569],[-99.025768,19.329715],[-99.026048,19.329986],[-99.026208,19.330312],[-99.026358,19.330635],[-99.026713,19.330919],[-99.026976,19.331125],[-99.027179,19.331292],[-99.027425,19.331513],[-99.027480,19.331554],[-99.027794,19.331698],[-99.027932,19.331755],[-99.028203,19.331864],[-99.028434,19.331965],[-99.028647,19.332132],[-99.028835,19.332415],[-99.028896,19.332558],[-99.028988,19.332857],[-99.028999,19.332949],[-99.029082,19.333183],[-99.029141,19.333360],[-99.029195,19.333514],[-99.029231,19.333680],[-99.029234,19.333697],[-99.029380,19.334083],[-99.029420,19.334160],[-99.029589,19.334427],[-99.029695,19.334481],[-99.030075,19.334562],[-99.030318,19.334611],[-99.030743,19.334696],[-99.031039,19.334755],[-99.031248,19.334808],[-99.031362,19.334835],[-99.031756,19.334925],[-99.032111,19.334994],[-99.032481,19.335070],[-99.032915,19.335163],[-99.032999,19.334882],[-99.033043,19.334765],[-99.033174,19.334367],[-99.033301,19.334031],[-99.033419,19.333719],[-99.033548,19.333327],[-99.033654,19.333002],[-99.033779,19.332641],[-99.033908,19.332271],[-99.034047,19.331871],[-99.034151,19.331576],[-99.034202,19.331423],[-99.034306,19.331136],[-99.034396,19.330863],[-99.034598,19.330714],[-99.034736,19.330468],[-99.034987,19.329811],[-99.035152,19.329267],[-99.035230,19.329028],[-99.035282,19.328892],[-99.035587,19.328100],[-99.036034,19.326764],[-99.036139,19.326700],[-99.036388,19.325992],[-99.036335,19.325989],[-99.035942,19.325990],[-99.035857,19.325991],[-99.035567,19.325991],[-99.035496,19.325991],[-99.035292,19.325990],[-99.035081,19.325989],[-99.034917,19.325991],[-99.034609,19.325991],[-99.034408,19.325991],[-99.033958,19.325986],[-99.033454,19.325990],[-99.033159,19.325998],[-99.032994,19.326003],[-99.033986,19.322936],[-99.033564,19.323140],[-99.033473,19.323471],[-99.033410,19.323615],[-99.032957,19.323498],[-99.032776,19.323444],[-99.032452,19.323449],[-99.032117,19.323392],[-99.031481,19.323249],[-99.030872,19.323089],[-99.030817,19.323054],[-99.030489,19.322975],[-99.030161,19.322818],[-99.029996,19.322739],[-99.030044,19.322553],[-99.030177,19.322277],[-99.029873,19.322056],[-99.029510,19.321799],[-99.029156,19.321512],[-99.028848,19.321281],[-99.028515,19.320944],[-99.027592,19.320087]]]},"properties":{"cvegeo":"0900700010029","match":"Neighborhood","name":"Buenavista","state":"Ciudad de México","municipality":"Iztapalapa","city":"Iztapalapa","neighborhood":"Buenavista","category":"Colonia","type":"U","postal_code":"09700","population":"12794","dwellings":null,"occupied_dwellings":null,"price_m2":null,"property_price":null,"ids_prom":"320.766","nse":"D","nse_label":"D (33%)","nse_score":"3.208","nse_ab":"287","nse_cplus":"561","nse_c":"982","nse_cminus":"1274","nse_dplus":"1547","nse_d":"2693","nse_e":"840","nse_total":"8187","nse_ab_pct":"3.51","nse_cplus_pct":"6.86","nse_c_pct":"12.00","nse_cminus_pct":"15.56","nse_dplus_pct":"18.90","nse_d_pct":"32.90","nse_e_pct":"10.26"}},{"type":"Feature","geometry":{"type":"Polygon","coordinates":[[[-99.066132,19.330199],[-99.066048,19.330302],[-99.065843,19.330551],[-99.065786,19.330620],[-99.065621,19.330821],[-99.065591,19.330857],[-99.065400,19.331091],[-99.065276,19.331241],[-99.065179,19.331359],[-99.064993,19.331590],[-99.064663,19.332000],[-99.064576,19.332119],[-99.064390,19.332373],[-99.063442,19.333549],[-99.063525,19.333577],[-99.063760,19.333679],[-99.064442,19.333977],[-99.064440,19.333683],[-99.065230,19.333830],[-99.065499,19.333880],[-99.066556,19.334073],[-99.067549,19.334264],[-99.068698,19.334486],[-99.069017,19.334549],[-99.069479,19.334631],[-99.069698,19.334669],[-99.070054,19.332911],[-99.069829,19.332866],[-99.070195,19.330922],[-99.070128,19.330914],[-99.069716,19.330843],[-99.068466,19.330625],[-99.068283,19.330589],[-99.067974,19.330532],[-99.067698,19.330479],[-99.067411,19.330427],[-99.067293,19.330405],[-99.067071,19.330367],[-99.066761,19.330312],[-99.066132,19.330199]]]},"properties":{"cvegeo":"0900700010038","match":"Neighborhood","name":"Casa Blanca","state":"Ciudad de México","municipality":"Iztapalapa","city":"Iztapalapa","neighborhood":"Casa Blanca","category":"Colonia","type":"U","postal_code":"09860","population":"1609","dwellings":null,"occupied_dwellings":null,"price_m2":null,"property_price":null,"ids_prom":"417.277","nse":"C-","nse_label":"C- (20%)","nse_score":"4.173","nse_ab":"115","nse_cplus":"230","nse_c":"274","nse_cminus":"278","nse_dplus":"230","nse_d":"239","nse_e":"42","nse_total":"1412","nse_ab_pct":"8.20","nse_cplus_pct":"16.30","nse_c_pct":"19.42","nse_cminus_pct":"19.74","nse_dplus_pct":"16.33","nse_d_pct":"16.97","nse_e_pct":"3.03"}},{"type":"Feature","geometry":{"type":"Polygon","coordinates":[[[-99.075732,19.318490],[-99.073377,19.321347],[-99.073041,19.321732],[-99.072843,19.321975],[-99.072740,19.322107],[-99.072375,19.322530],[-99.071650,19.323418],[-99.071495,19.323602],[-99.071263,19.323886],[-99.071002,19.324202],[-99.070728,19.324528],[-99.070456,19.324860],[-99.070211,19.325154],[-99.070197,19.325170],[-99.069990,19.325434],[-99.069693,19.325803],[-99.069527,19.326005],[-99.069386,19.326176],[-99.069188,19.326438],[-99.068890,19.326873],[-99.069126,19.326955],[-99.070712,19.327237],[-99.070947,19.327271],[-99.075166,19.328018],[-99.075055,19.329883],[-99.076445,19.330128],[-99.078229,19.330431],[-99.078430,19.330465],[-99.078642,19.330505],[-99.079012,19.330568],[-99.079170,19.330593],[-99.079524,19.328759],[-99.079707,19.328794],[-99.080078,19.328877],[-99.080443,19.328941],[-99.080819,19.329014],[-99.081215,19.329078],[-99.081650,19.329147],[-99.082384,19.329285],[-99.082725,19.327425],[-99.083074,19.325636],[-99.083412,19.323800],[-99.083742,19.322003],[-99.084104,19.320185],[-99.082670,19.319938],[-99.080656,19.319583],[-99.079918,19.319452],[-99.079545,19.319383],[-99.079159,19.319315],[-99.078691,19.319233],[-99.078227,19.319139],[-99.077677,19.319052],[-99.077012,19.318932],[-99.075750,19.318699],[-99.075732,19.318490]]]},"properties":{"cvegeo":"0900700010039","match":"Neighborhood","name":"Cerro de la Estrella","state":"Ciudad de México","municipality":"Iztapalapa","city":"Iztapalapa","neighborhood":"Cerro de la Estrella","category":"Colonia","type":"U","postal_code":"09860","population":"49","dwellings":null,"occupied_dwellings":null,"price_m2":null,"property_price":null,"ids_prom":"415.056","nse":"C-","nse_label":"C- (20%)","nse_score":"4.151","nse_ab":"518","nse_cplus":"1066","nse_c":"1272","nse_cminus":"1358","nse_dplus":"1109","nse_d":"1183","nse_e":"160","nse_total":"6669","nse_ab_pct":"7.78","nse_cplus_pct":"15.99","nse_c_pct":"19.08","nse_cminus_pct":"20.37","nse_dplus_pct":"16.63","nse_d_pct":"17.75","nse_e_pct":"2.41"}},{"type":"Feature","geometry":{"type":"Polygon","coordinates":[[[-99.056797,19.363125],[-99.056486,19.364117],[-99.056321,19.364647],[-99.056008,19.365856],[-99.055407,19.365772],[-99.054885,19.365698],[-99.054509,19.365645],[-99.054029,19.365578],[-99.053497,19.365500],[-99.053046,19.365431],[-99.052594,19.365371],[-99.052115,19.365302],[-99.051847,19.365264],[-99.051777,19.366628],[-99.051736,19.367184],[-99.051509,19.369926],[-99.051447,19.371080],[-99.051448,19.371388],[-99.051444,19.371488],[-99.051374,19.371679],[-99.051362,19.371986],[-99.051347,19.372297],[-99.051349,19.372503],[-99.050674,19.372485],[-99.049690,19.372452],[-99.048365,19.372406],[-99.048368,19.372548],[-99.048360,19.372876],[-99.048018,19.372783],[-99.047749,19.372717],[-99.047540,19.372662],[-99.047279,19.372594],[-99.047046,19.372533],[-99.046805,19.372478],[-99.046550,19.372420],[-99.046287,19.372345],[-99.046068,19.372234],[-99.045874,19.371975],[-99.045818,19.371812],[-99.045675,19.371507],[-99.045807,19.371270],[-99.045933,19.370997],[-99.046041,19.370708],[-99.046186,19.370415],[-99.046316,19.370117],[-99.046449,19.369832],[-99.046613,19.369545],[-99.046488,19.369114],[-99.046380,19.368942],[-99.046243,19.368834],[-99.045491,19.368550],[-99.043735,19.367857],[-99.040236,19.366534],[-99.040323,19.369635],[-99.040319,19.369795],[-99.040306,19.370189],[-99.040289,19.370570],[-99.040275,19.371080],[-99.040264,19.371498],[-99.040214,19.372758],[-99.040057,19.373041],[-99.039554,19.373948],[-99.039308,19.374378],[-99.038788,19.375277],[-99.038607,19.375582],[-99.038003,19.376610],[-99.037837,19.376950],[-99.037139,19.378204],[-99.037082,19.378794],[-99.037187,19.379230],[-99.038264,19.380794],[-99.038555,19.381243],[-99.038762,19.381643],[-99.038854,19.381946],[-99.038814,19.382128],[-99.038666,19.382297],[-99.038454,19.382637],[-99.038322,19.383139],[-99.038320,19.383877],[-99.037824,19.384636],[-99.037333,19.385346],[-99.037005,19.385895],[-99.038322,19.386644],[-99.039606,19.387376],[-99.040901,19.388115],[-99.041475,19.388442],[-99.042495,19.389024],[-99.042790,19.389192],[-99.043148,19.389395],[-99.043788,19.389760],[-99.044508,19.390171],[-99.044920,19.390406],[-99.045402,19.390681],[-99.045601,19.390366],[-99.045769,19.390112],[-99.045898,19.389911],[-99.046022,19.389704],[-99.046180,19.389430],[-99.046821,19.388370],[-99.046939,19.388159],[-99.047140,19.387831],[-99.047268,19.387627],[-99.047386,19.387433],[-99.047473,19.387286],[-99.047566,19.387139],[-99.047642,19.387008],[-99.047896,19.386568],[-99.048042,19.386321],[-99.048371,19.385776],[-99.048520,19.385519],[-99.048616,19.385344],[-99.049138,19.384472],[-99.049278,19.384234],[-99.049446,19.383952],[-99.049591,19.383715],[-99.049835,19.383293],[-99.049976,19.383053],[-99.050065,19.382906],[-99.050221,19.382637],[-99.050279,19.382571],[-99.050445,19.382286],[-99.050556,19.382084],[-99.050588,19.382030],[-99.050601,19.381999],[-99.051023,19.381291],[-99.051166,19.381046],[-99.051443,19.380574],[-99.052365,19.380816],[-99.053499,19.381070],[-99.054710,19.381341],[-99.055378,19.381491],[-99.055352,19.381595],[-99.056424,19.381832],[-99.057496,19.382076],[-99.058639,19.382336],[-99.058885,19.382392],[-99.059534,19.382505],[-99.059426,19.383137],[-99.060800,19.383317],[-99.060831,19.383135],[-99.060848,19.382588],[-99.060932,19.382203],[-99.060880,19.381825],[-99.061014,19.380842],[-99.061132,19.380183],[-99.061308,19.379317],[-99.061456,19.378530],[-99.061594,19.377803],[-99.061909,19.376179],[-99.061944,19.375979],[-99.061973,19.375816],[-99.062008,19.375615],[-99.062051,19.375394],[-99.062968,19.375361],[-99.063507,19.374215],[-99.064295,19.372572],[-99.064906,19.371199],[-99.065615,19.369690],[-99.066296,19.368238],[-99.066947,19.366821],[-99.067114,19.366477],[-99.067215,19.366265],[-99.067368,19.366254],[-99.067569,19.365266],[-99.067613,19.365173],[-99.067661,19.365136],[-99.067776,19.365111],[-99.068311,19.365179],[-99.068490,19.365218],[-99.068308,19.364967],[-99.067625,19.364558],[-99.067305,19.364381],[-99.066954,19.364255],[-99.066833,19.364228],[-99.066852,19.364102],[-99.065476,19.363962],[-99.064911,19.363905],[-99.064710,19.363885],[-99.064496,19.363861],[-99.064258,19.363835],[-99.063798,19.363793],[-99.063358,19.363748],[-99.062939,19.363707],[-99.062491,19.363660],[-99.062008,19.363611],[-99.061577,19.363569],[-99.061078,19.363516],[-99.060621,19.363469],[-99.060161,19.363424],[-99.059717,19.363384],[-99.059283,19.363345],[-99.058840,19.363306],[-99.058383,19.363266],[-99.057919,19.363226],[-99.057431,19.363181],[-99.056797,19.363125]]]},"properties":{"cvegeo":"0900700010041","match":"Neighborhood","name":"Chinampac de Juárez","state":"Ciudad de México","municipality":"Iztapalapa","city":"Iztapalapa","neighborhood":"Chinampac de Juárez","category":"Colonia","type":"U","postal_code":"09208","population":"15756","dwellings":null,"occupied_dwellings":null,"price_m2":null,"property_price":null,"ids_prom":"356.589","nse":"D","nse_label":"D (26%)","nse_score":"3.566","nse_ab":"544","nse_cplus":"1743","nse_c":"2899","nse_cminus":"3351","nse_dplus":"3224","nse_d":"4516","nse_e":"1079","nse_total":"17376","nse_ab_pct":"3.14","nse_cplus_pct":"10.04","nse_c_pct":"16.68","nse_cminus_pct":"19.29","nse_dplus_pct":"18.56","nse_d_pct":"25.99","nse_e_pct":"6.21"}},{"type":"Feature","geometry":{"type":"Polygon","coordinates":[[[-99.107789,19.349505],[-99.107630,19.351029],[-99.107613,19.351229],[-99.107450,19.352738],[-99.107296,19.354403],[-99.107229,19.355240],[-99.107150,19.356221],[-99.107615,19.356260],[-99.108086,19.356300],[-99.108553,19.356335],[-99.109036,19.356379],[-99.109214,19.354566],[-99.109368,19.352842],[-99.109517,19.351179],[-99.109661,19.349678],[-99.109181,19.349633],[-99.108722,19.349588],[-99.108709,19.349586],[-99.108250,19.349542],[-99.107789,19.349505]]]},"properties":{"cvegeo":"0900700010042","match":"Neighborhood","name":"Los Cipreses","state":"Ciudad de México","municipality":"Iztapalapa","city":"Iztapalapa","neighborhood":"Los Cipreses","category":"Colonia","type":"U","postal_code":"09810","population":"1239","dwellings":null,"occupied_dwellings":null,"price_m2":null,"property_price":null,"ids_prom":"474.593","nse":"A/B","nse_label":"A/B (21%)","nse_score":"4.746","nse_ab":"151","nse_cplus":"142","nse_c":"122","nse_cminus":"117","nse_dplus":"86","nse_d":"94","nse_e":"14","nse_total":"728","nse_ab_pct":"20.79","nse_cplus_pct":"19.59","nse_c_pct":"16.77","nse_cminus_pct":"16.08","nse_dplus_pct":"11.81","nse_d_pct":"13.00","nse_e_pct":"1.97"}},{"type":"Feature","geometry":{"type":"Polygon","coordinates":[[[-99.024438,19.336506],[-99.024406,19.336656],[-99.023954,19.336607],[-99.023721,19.336591],[-99.023595,19.336586],[-99.023524,19.336636],[-99.023463,19.336998],[-99.023204,19.336977],[-99.022987,19.336920],[-99.022845,19.336846],[-99.022286,19.336734],[-99.022241,19.336996],[-99.021806,19.336928],[-99.021609,19.336906],[-99.021168,19.336831],[-99.020865,19.336778],[-99.020411,19.336699],[-99.020219,19.336665],[-99.020026,19.336632],[-99.019925,19.337374],[-99.019833,19.337880],[-99.020060,19.337889],[-99.020046,19.338369],[-99.020166,19.338392],[-99.020142,19.338568],[-99.020108,19.338938],[-99.020071,19.339082],[-99.019982,19.339178],[-99.019786,19.339213],[-99.019497,19.339202],[-99.019587,19.339498],[-99.019688,19.340122],[-99.019686,19.340310],[-99.019685,19.340547],[-99.019716,19.341178],[-99.019830,19.341824],[-99.020223,19.342756],[-99.020207,19.342842],[-99.020190,19.343195],[-99.020302,19.343490],[-99.020465,19.343983],[-99.020991,19.345383],[-99.021587,19.345186],[-99.021957,19.345123],[-99.022330,19.345078],[-99.022614,19.345045],[-99.023113,19.344988],[-99.024300,19.344867],[-99.024750,19.344825],[-99.025341,19.344766],[-99.025577,19.344083],[-99.025900,19.342852],[-99.026094,19.342068],[-99.025521,19.341970],[-99.025239,19.341921],[-99.025155,19.341876],[-99.025033,19.341809],[-99.025030,19.341557],[-99.025015,19.341374],[-99.024981,19.341303],[-99.024603,19.340979],[-99.024513,19.340908],[-99.024426,19.340829],[-99.024206,19.340799],[-99.024579,19.338743],[-99.024585,19.338713],[-99.024449,19.338631],[-99.024504,19.338293],[-99.024524,19.337913],[-99.024635,19.337047],[-99.024794,19.336602],[-99.024438,19.336506]]]},"properties":{"cvegeo":"0900700010043","match":"Neighborhood","name":"Citlalli","state":"Ciudad de México","municipality":"Iztapalapa","city":"Iztapalapa","neighborhood":"Citlalli","category":"Colonia","type":"U","postal_code":"09660","population":"7048","dwellings":null,"occupied_dwellings":null,"price_m2":null,"property_price":null,"ids_prom":"372.506","nse":"D","nse_label":"D (25%)","nse_score":"3.725","nse_ab":"170","nse_cplus":"392","nse_c":"554","nse_cminus":"607","nse_dplus":"612","nse_d":"815","nse_e":"173","nse_total":"3326","nse_ab_pct":"5.12","nse_cplus_pct":"11.80","nse_c_pct":"16.68","nse_cminus_pct":"18.25","nse_dplus_pct":"18.40","nse_d_pct":"24.52","nse_e_pct":"5.23"}},{"type":"Feature","geometry":{"type":"Polygon","coordinates":[[[-99.054901,19.342910],[-99.054811,19.342916],[-99.054731,19.343000],[-99.054660,19.343168],[-99.054635,19.343270],[-99.054508,19.343854],[-99.054404,19.343821],[-99.054340,19.343829],[-99.054214,19.344353],[-99.054199,19.344404],[-99.054188,19.344441],[-99.054080,19.344954],[-99.054075,19.344978],[-99.053836,19.344915],[-99.053687,19.344873],[-99.053667,19.344892],[-99.053545,19.345390],[-99.053544,19.345417],[-99.053533,19.345437],[-99.053182,19.346852],[-99.053171,19.346898],[-99.053112,19.347149],[-99.053205,19.347385],[-99.053171,19.347576],[-99.053079,19.347738],[-99.053014,19.347743],[-99.052808,19.348616],[-99.052976,19.348649],[-99.053007,19.348706],[-99.052941,19.349019],[-99.053322,19.349004],[-99.053129,19.349819],[-99.053051,19.350063],[-99.053130,19.350082],[-99.053148,19.350084],[-99.053801,19.350220],[-99.053840,19.350228],[-99.053881,19.350236],[-99.054584,19.350383],[-99.054623,19.350392],[-99.054677,19.350402],[-99.055360,19.350544],[-99.055400,19.350570],[-99.056182,19.350737],[-99.056602,19.350826],[-99.056660,19.350580],[-99.056858,19.349816],[-99.057192,19.348345],[-99.057277,19.348003],[-99.057510,19.346891],[-99.057516,19.346859],[-99.057559,19.346616],[-99.057624,19.346286],[-99.057728,19.345830],[-99.057343,19.345731],[-99.057066,19.345657],[-99.057081,19.345596],[-99.057153,19.345298],[-99.057219,19.345024],[-99.057284,19.344753],[-99.057345,19.344502],[-99.057410,19.344232],[-99.057480,19.343943],[-99.057574,19.343575],[-99.056687,19.343359],[-99.056040,19.343201],[-99.054901,19.342910]]]},"properties":{"cvegeo":"0900700010045","match":"Neighborhood","name":"Colonial Iztapalapa","state":"Ciudad de México","municipality":"Iztapalapa","city":"Iztapalapa","neighborhood":"Colonial Iztapalapa","category":"Colonia","type":"U","postal_code":"09270","population":"1289","dwellings":null,"occupied_dwellings":null,"price_m2":null,"property_price":null,"ids_prom":"559.175","nse":"C+","nse_label":"C+ (32%)","nse_score":"5.592","nse_ab":"430","nse_cplus":"457","nse_c":"288","nse_cminus":"117","nse_dplus":"77","nse_d":"61","nse_e":"3","nse_total":"1434","nse_ab_pct":"30.00","nse_cplus_pct":"31.86","nse_c_pct":"20.08","nse_cminus_pct":"8.17","nse_dplus_pct":"5.38","nse_d_pct":"4.29","nse_e_pct":"0.22"}},{"type":"Feature","geometry":{"type":"Polygon","coordinates":[[[-99.057442,19.319496],[-99.056590,19.320582],[-99.056507,19.320685],[-99.056273,19.320546],[-99.055917,19.320308],[-99.055725,19.320234],[-99.055488,19.320217],[-99.055302,19.320252],[-99.054903,19.320394],[-99.054559,19.320576],[-99.054187,19.320773],[-99.053846,19.320962],[-99.053718,19.321021],[-99.053702,19.321030],[-99.053595,19.321201],[-99.053540,19.321271],[-99.053367,19.321490],[-99.053338,19.321528],[-99.053147,19.321770],[-99.053104,19.321823],[-99.052921,19.322056],[-99.052844,19.322154],[-99.052708,19.322326],[-99.052605,19.322457],[-99.052452,19.322650],[-99.052193,19.322980],[-99.051927,19.323310],[-99.051901,19.323343],[-99.051669,19.323632],[-99.051621,19.323692],[-99.051405,19.323960],[-99.051365,19.324011],[-99.051163,19.324262],[-99.050932,19.324548],[-99.050952,19.324590],[-99.051027,19.324758],[-99.051174,19.325145],[-99.051254,19.325362],[-99.051396,19.325840],[-99.051297,19.325750],[-99.051230,19.325689],[-99.050644,19.326301],[-99.050607,19.326344],[-99.050354,19.326612],[-99.050091,19.326893],[-99.049843,19.327155],[-99.049715,19.327290],[-99.049955,19.327610],[-99.050550,19.327734],[-99.051293,19.328064],[-99.051597,19.328199],[-99.051927,19.328347],[-99.052238,19.328491],[-99.052607,19.328661],[-99.052682,19.328697],[-99.053050,19.328879],[-99.053396,19.329034],[-99.054048,19.329349],[-99.054422,19.329520],[-99.054916,19.329732],[-99.055280,19.329884],[-99.055563,19.330040],[-99.055609,19.330101],[-99.055668,19.330173],[-99.055962,19.330434],[-99.056134,19.330241],[-99.056479,19.330401],[-99.056494,19.330408],[-99.056855,19.330565],[-99.057214,19.330725],[-99.057407,19.330804],[-99.057584,19.330877],[-99.057761,19.330956],[-99.057962,19.331045],[-99.058288,19.330625],[-99.058693,19.330126],[-99.058835,19.329950],[-99.059241,19.329449],[-99.059628,19.328969],[-99.060129,19.328349],[-99.060153,19.328319],[-99.060538,19.327834],[-99.060690,19.327642],[-99.060834,19.327462],[-99.060979,19.327291],[-99.061038,19.327209],[-99.061122,19.327111],[-99.061131,19.327099],[-99.061220,19.326982],[-99.061416,19.326737],[-99.061601,19.326507],[-99.061817,19.326242],[-99.061984,19.326034],[-99.062280,19.325667],[-99.062435,19.325474],[-99.062498,19.325398],[-99.062568,19.325311],[-99.062721,19.325122],[-99.062865,19.324943],[-99.062938,19.324853],[-99.063149,19.324591],[-99.063570,19.323998],[-99.063593,19.323964],[-99.063398,19.323819],[-99.063230,19.323694],[-99.062822,19.323386],[-99.062443,19.323125],[-99.062101,19.322880],[-99.061945,19.322778],[-99.061165,19.322226],[-99.060536,19.321764],[-99.060480,19.321829],[-99.058912,19.320703],[-99.058965,19.320635],[-99.058693,19.320423],[-99.058581,19.320332],[-99.058437,19.320229],[-99.058199,19.320050],[-99.057955,19.319881],[-99.057696,19.319684],[-99.057442,19.319496]]]},"properties":{"cvegeo":"0900700010046","match":"Neighborhood","name":"Consejo Agrarista Mexicano","state":"Ciudad de México","municipality":"Iztapalapa","city":"Iztapalapa","neighborhood":"Consejo Agrarista Mexicano","category":"Colonia","type":"U","postal_code":"09760","population":"7379","dwellings":null,"occupied_dwellings":null,"price_m2":null,"property_price":null,"ids_prom":"383.945","nse":"D","nse_label":"D (22%)","nse_score":"3.839","nse_ab":"423","nse_cplus":"943","nse_c":"1265","nse_cminus":"1473","nse_dplus":"1389","nse_d":"1610","nse_e":"335","nse_total":"7441","nse_ab_pct":"5.68","nse_cplus_pct":"12.68","nse_c_pct":"17.01","nse_cminus_pct":"19.81","nse_dplus_pct":"18.67","nse_d_pct":"21.64","nse_e_pct":"4.51"}},{"type":"Feature","geometry":{"type":"Polygon","coordinates":[[[-99.057655,19.343248],[-99.057574,19.343575],[-99.057480,19.343943],[-99.057410,19.344232],[-99.057345,19.344502],[-99.057284,19.344753],[-99.057219,19.345024],[-99.057153,19.345298],[-99.057081,19.345596],[-99.057066,19.345657],[-99.057343,19.345731],[-99.057728,19.345830],[-99.057624,19.346286],[-99.057559,19.346616],[-99.057516,19.346859],[-99.057510,19.346891],[-99.057277,19.348003],[-99.057192,19.348345],[-99.056858,19.349816],[-99.056660,19.350580],[-99.056602,19.350826],[-99.056182,19.350737],[-99.055400,19.350570],[-99.055360,19.350544],[-99.054677,19.350402],[-99.054623,19.350392],[-99.054584,19.350383],[-99.053881,19.350236],[-99.053840,19.350228],[-99.053801,19.350220],[-99.053148,19.350084],[-99.053130,19.350082],[-99.053051,19.350063],[-99.053000,19.350308],[-99.052854,19.350999],[-99.052824,19.351186],[-99.052709,19.351567],[-99.052917,19.351625],[-99.053367,19.351731],[-99.053493,19.351758],[-99.053928,19.351850],[-99.054271,19.351923],[-99.054745,19.352024],[-99.055049,19.352089],[-99.055210,19.352124],[-99.055631,19.352214],[-99.055833,19.352257],[-99.056055,19.352304],[-99.056502,19.352399],[-99.056657,19.352432],[-99.056880,19.352446],[-99.057062,19.352481],[-99.057443,19.352551],[-99.057852,19.352626],[-99.058249,19.352695],[-99.058644,19.352768],[-99.059156,19.352852],[-99.059784,19.352960],[-99.060283,19.353065],[-99.060683,19.353146],[-99.061052,19.353223],[-99.061449,19.353305],[-99.062065,19.353439],[-99.062199,19.353466],[-99.062400,19.353502],[-99.062547,19.353529],[-99.062920,19.352087],[-99.063029,19.352110],[-99.063433,19.352196],[-99.063902,19.352293],[-99.063997,19.352313],[-99.064067,19.352327],[-99.064229,19.352360],[-99.064363,19.352387],[-99.064557,19.352432],[-99.064666,19.352455],[-99.064922,19.352511],[-99.065070,19.352541],[-99.065458,19.352622],[-99.065604,19.352652],[-99.065861,19.352703],[-99.066248,19.352789],[-99.066301,19.352512],[-99.066322,19.352423],[-99.066399,19.352065],[-99.066425,19.351897],[-99.066480,19.351673],[-99.067904,19.351948],[-99.067920,19.351815],[-99.067982,19.351492],[-99.068095,19.350931],[-99.068245,19.351159],[-99.068708,19.351416],[-99.068975,19.350348],[-99.069344,19.350424],[-99.069686,19.349399],[-99.069892,19.348779],[-99.068127,19.348027],[-99.067868,19.347910],[-99.067302,19.347650],[-99.066908,19.347476],[-99.066094,19.347105],[-99.064698,19.346525],[-99.064086,19.346274],[-99.063505,19.345997],[-99.062939,19.345717],[-99.062655,19.345588],[-99.061789,19.345172],[-99.061408,19.344988],[-99.061257,19.344916],[-99.061070,19.344828],[-99.060650,19.344630],[-99.059944,19.344298],[-99.059122,19.343921],[-99.058690,19.343723],[-99.058657,19.343710],[-99.058288,19.343539],[-99.058213,19.343505],[-99.057910,19.343366],[-99.057759,19.343297],[-99.057655,19.343248]]]},"properties":{"cvegeo":"0900700010047","match":"Neighborhood","name":"Constitución de 1917","state":"Ciudad de México","municipality":"Iztapalapa","city":"Iztapalapa","neighborhood":"Constitución de 1917","category":"Colonia","type":"U","postal_code":"09260","population":"2401","dwellings":null,"occupied_dwellings":null,"price_m2":null,"property_price":null,"ids_prom":"473.715","nse":"C+","nse_label":"C+ (22%)","nse_score":"4.737","nse_ab":"702","nse_cplus":"943","nse_c":"834","nse_cminus":"711","nse_dplus":"507","nse_d":"491","nse_e":"64","nse_total":"4257","nse_ab_pct":"16.51","nse_cplus_pct":"22.15","nse_c_pct":"19.61","nse_cminus_pct":"16.70","nse_dplus_pct":"11.91","nse_d_pct":"11.56","nse_e_pct":"1.51"}},{"type":"Feature","geometry":{"type":"Polygon","coordinates":[[[-99.074882,19.383400],[-99.074257,19.383618],[-99.073995,19.383710],[-99.073051,19.384039],[-99.072886,19.384099],[-99.072194,19.384353],[-99.072068,19.384346],[-99.071802,19.384305],[-99.071226,19.384201],[-99.071047,19.384172],[-99.070365,19.384036],[-99.069492,19.383896],[-99.068591,19.383752],[-99.067589,19.383589],[-99.066851,19.383456],[-99.066735,19.383717],[-99.067606,19.384172],[-99.068956,19.384863],[-99.069478,19.385131],[-99.069949,19.385376],[-99.070444,19.385626],[-99.070726,19.385778],[-99.070922,19.385883],[-99.071377,19.386142],[-99.071735,19.386327],[-99.072127,19.386514],[-99.072522,19.386722],[-99.072525,19.386724],[-99.073014,19.386955],[-99.073489,19.387212],[-99.073911,19.387431],[-99.074330,19.387637],[-99.074843,19.387897],[-99.075023,19.387168],[-99.075171,19.386617],[-99.075236,19.386362],[-99.075827,19.384065],[-99.074882,19.383400]]]},"properties":{"cvegeo":"0900700010049","match":"Neighborhood","name":"Cuchilla del Moral","state":"Ciudad de México","municipality":"Iztapalapa","city":"Iztapalapa","neighborhood":"Cuchilla del Moral","category":"Colonia","type":"U","postal_code":"09319","population":"566","dwellings":null,"occupied_dwellings":null,"price_m2":null,"property_price":null,"ids_prom":"436.135","nse":"C","nse_label":"C (25%)","nse_score":"4.361","nse_ab":"75","nse_cplus":"201","nse_c":"283","nse_cminus":"262","nse_dplus":"173","nse_d":"140","nse_e":"15","nse_total":"1153","nse_ab_pct":"6.59","nse_cplus_pct":"17.50","nse_c_pct":"24.61","nse_cminus_pct":"22.79","nse_dplus_pct":"15.08","nse_d_pct":"12.13","nse_e_pct":"1.30"}},{"type":"Feature","geometry":{"type":"Polygon","coordinates":[[[-99.043416,19.318033],[-99.043210,19.318367],[-99.042732,19.319182],[-99.042278,19.320026],[-99.041934,19.320600],[-99.041737,19.320964],[-99.041437,19.320766],[-99.041155,19.320601],[-99.041067,19.320540],[-99.040877,19.320386],[-99.040483,19.320934],[-99.040286,19.321294],[-99.040127,19.321575],[-99.039787,19.321393],[-99.039476,19.321248],[-99.039431,19.321230],[-99.039259,19.321163],[-99.039191,19.321138],[-99.039047,19.321078],[-99.038980,19.321049],[-99.038812,19.320981],[-99.038766,19.320957],[-99.038595,19.320885],[-99.038545,19.320856],[-99.038297,19.320733],[-99.038294,19.320585],[-99.037912,19.320290],[-99.037699,19.320140],[-99.037344,19.320052],[-99.037301,19.320032],[-99.036974,19.319897],[-99.036926,19.319869],[-99.036649,19.319710],[-99.035921,19.319983],[-99.035279,19.321822],[-99.035208,19.321921],[-99.034793,19.322434],[-99.035127,19.322510],[-99.035373,19.322580],[-99.035588,19.322647],[-99.035795,19.322712],[-99.036057,19.322794],[-99.035433,19.324517],[-99.034917,19.325991],[-99.035081,19.325989],[-99.035292,19.325990],[-99.035496,19.325991],[-99.035567,19.325991],[-99.035857,19.325991],[-99.035942,19.325990],[-99.036335,19.325989],[-99.036388,19.325992],[-99.036733,19.326007],[-99.036973,19.326009],[-99.037114,19.325994],[-99.037273,19.325973],[-99.037082,19.326632],[-99.037052,19.326834],[-99.036923,19.327327],[-99.036815,19.327794],[-99.036784,19.327943],[-99.036754,19.328009],[-99.036706,19.328174],[-99.036677,19.328331],[-99.036627,19.328642],[-99.036529,19.328995],[-99.036428,19.329369],[-99.036205,19.330127],[-99.035839,19.330007],[-99.035711,19.330228],[-99.035686,19.330275],[-99.035538,19.330485],[-99.035748,19.330609],[-99.035636,19.330805],[-99.035833,19.331047],[-99.035009,19.331698],[-99.034983,19.331754],[-99.035267,19.331940],[-99.034900,19.333320],[-99.035243,19.333390],[-99.035360,19.332891],[-99.035765,19.332982],[-99.036126,19.333063],[-99.036529,19.333154],[-99.036933,19.333245],[-99.037368,19.333343],[-99.037294,19.333561],[-99.037161,19.333951],[-99.037034,19.334317],[-99.036871,19.334799],[-99.036846,19.334865],[-99.036709,19.335240],[-99.036675,19.335347],[-99.037194,19.335462],[-99.038388,19.335726],[-99.038443,19.335738],[-99.038636,19.335781],[-99.038836,19.335813],[-99.038930,19.335846],[-99.039238,19.335930],[-99.039419,19.335978],[-99.039973,19.336194],[-99.040365,19.336335],[-99.041379,19.336701],[-99.041798,19.336857],[-99.042378,19.337073],[-99.042791,19.337226],[-99.042829,19.337240],[-99.043263,19.337324],[-99.044021,19.337479],[-99.044165,19.337509],[-99.044231,19.337524],[-99.044589,19.337616],[-99.044996,19.337697],[-99.045458,19.337792],[-99.045824,19.337868],[-99.046531,19.337957],[-99.046533,19.337316],[-99.046534,19.336978],[-99.046521,19.336225],[-99.046519,19.335934],[-99.046527,19.335565],[-99.046515,19.335193],[-99.046513,19.334872],[-99.046510,19.334372],[-99.046508,19.333966],[-99.046500,19.333669],[-99.046505,19.333398],[-99.046503,19.333276],[-99.046501,19.333001],[-99.046500,19.332791],[-99.046497,19.332407],[-99.046495,19.331971],[-99.046492,19.331613],[-99.046496,19.331577],[-99.046570,19.331252],[-99.046652,19.330894],[-99.046744,19.330510],[-99.046829,19.330167],[-99.046918,19.329799],[-99.047028,19.329440],[-99.049281,19.329421],[-99.049488,19.328603],[-99.049669,19.328637],[-99.049718,19.328412],[-99.049845,19.328021],[-99.049955,19.327610],[-99.049715,19.327290],[-99.049293,19.327136],[-99.049221,19.327109],[-99.048926,19.327005],[-99.048553,19.326872],[-99.048219,19.326753],[-99.047832,19.326615],[-99.047741,19.326587],[-99.047083,19.326324],[-99.046943,19.326270],[-99.046726,19.326186],[-99.046432,19.326085],[-99.046024,19.325923],[-99.045655,19.325770],[-99.045252,19.325639],[-99.044941,19.325514],[-99.044536,19.325353],[-99.044790,19.324905],[-99.044898,19.324781],[-99.045255,19.324374],[-99.045509,19.324090],[-99.045871,19.323747],[-99.045987,19.323635],[-99.046078,19.323546],[-99.046165,19.323462],[-99.046256,19.323375],[-99.046411,19.323226],[-99.046564,19.323078],[-99.046715,19.322935],[-99.046939,19.322718],[-99.047180,19.322484],[-99.047337,19.322334],[-99.047652,19.322031],[-99.047553,19.321934],[-99.046528,19.320953],[-99.046235,19.320675],[-99.045989,19.320437],[-99.045851,19.320319],[-99.045349,19.319818],[-99.045172,19.319649],[-99.044952,19.319452],[-99.044764,19.319280],[-99.044713,19.319231],[-99.044452,19.318989],[-99.044185,19.318743],[-99.043833,19.318418],[-99.043699,19.318294],[-99.043416,19.318033]]]},"properties":{"cvegeo":"0900700010052","match":"Neighborhood","name":"Desarrollo Urbano Quetzalcoatl","state":"Ciudad de México","municipality":"Iztapalapa","city":"Iztapalapa","neighborhood":"Desarrollo Urbano Quetzalcoatl","category":"Colonia","type":"U","postal_code":"09700","population":"4231","dwellings":null,"occupied_dwellings":null,"price_m2":null,"property_price":null,"ids_prom":"348.638","nse":"D","nse_label":"D (29%)","nse_score":"3.486","nse_ab":"780","nse_cplus":"1551","nse_c":"2120","nse_cminus":"2687","nse_dplus":"2893","nse_d":"4552","nse_e":"1229","nse_total":"15814","nse_ab_pct":"4.93","nse_cplus_pct":"9.81","nse_c_pct":"13.41","nse_cminus_pct":"16.99","nse_dplus_pct":"18.29","nse_d_pct":"28.78","nse_e_pct":"7.78"}},{"type":"Feature","geometry":{"type":"Polygon","coordinates":[[[-99.100394,19.326300],[-99.100255,19.326591],[-99.100162,19.326791],[-99.100037,19.327088],[-99.099814,19.327584],[-99.099792,19.327624],[-99.099669,19.327907],[-99.099656,19.327939],[-99.099512,19.328253],[-99.098968,19.328067],[-99.098793,19.328432],[-99.098719,19.328683],[-99.098483,19.329443],[-99.098404,19.329707],[-99.098374,19.329808],[-99.098049,19.329730],[-99.097668,19.329652],[-99.097546,19.329977],[-99.097441,19.330406],[-99.097382,19.330599],[-99.097310,19.330831],[-99.097286,19.330934],[-99.097768,19.331043],[-99.097709,19.331312],[-99.098134,19.331396],[-99.098513,19.331470],[-99.098813,19.331522],[-99.099276,19.331624],[-99.099959,19.331891],[-99.099981,19.331896],[-99.100004,19.331901],[-99.100321,19.332017],[-99.100711,19.332146],[-99.101119,19.332279],[-99.101136,19.332238],[-99.101190,19.332121],[-99.101311,19.331875],[-99.101417,19.331654],[-99.101477,19.331528],[-99.101504,19.331473],[-99.101629,19.331222],[-99.101743,19.330951],[-99.101818,19.330771],[-99.101873,19.330644],[-99.102003,19.330336],[-99.102088,19.330133],[-99.102139,19.330013],[-99.102189,19.329860],[-99.102352,19.329370],[-99.102372,19.329287],[-99.102449,19.329031],[-99.102535,19.328852],[-99.102869,19.328101],[-99.103117,19.327544],[-99.101750,19.326928],[-99.100394,19.326300]]]},"properties":{"cvegeo":"0900700010053","match":"Neighborhood","name":"12 de Diciembre","state":"Ciudad de México","municipality":"Iztapalapa","city":"Iztapalapa","neighborhood":"12 de Diciembre","category":"Colonia","type":"U","postal_code":"09870","population":"2562","dwellings":null,"occupied_dwellings":null,"price_m2":null,"property_price":null,"ids_prom":"375.263","nse":"D","nse_label":"D (25%)","nse_score":"3.753","nse_ab":"81","nse_cplus":"141","nse_c":"170","nse_cminus":"206","nse_dplus":"198","nse_d":"283","nse_e":"72","nse_total":"1155","nse_ab_pct":"7.08","nse_cplus_pct":"12.24","nse_c_pct":"14.73","nse_cminus_pct":"17.91","nse_dplus_pct":"17.20","nse_d_pct":"24.57","nse_e_pct":"6.28"}},{"type":"Feature","geometry":{"type":"Polygon","coordinates":[[[-99.080817,19.381348],[-99.080679,19.381370],[-99.079728,19.381918],[-99.079584,19.382000],[-99.079215,19.382153],[-99.076106,19.383026],[-99.075827,19.384065],[-99.075236,19.386362],[-99.075171,19.386617],[-99.075023,19.387168],[-99.074843,19.387897],[-99.075893,19.388470],[-99.076318,19.388684],[-99.076758,19.388899],[-99.077262,19.389143],[-99.077853,19.389455],[-99.078355,19.389727],[-99.078811,19.389948],[-99.078860,19.389976],[-99.079362,19.390231],[-99.079387,19.390247],[-99.079941,19.390532],[-99.080184,19.389431],[-99.080237,19.389082],[-99.080246,19.389035],[-99.080434,19.387934],[-99.080471,19.387710],[-99.080550,19.387248],[-99.080639,19.386773],[-99.080687,19.386406],[-99.080851,19.385276],[-99.081308,19.385340],[-99.082024,19.385441],[-99.082355,19.385488],[-99.082727,19.385540],[-99.083125,19.385596],[-99.083282,19.385613],[-99.083474,19.384572],[-99.083718,19.383297],[-99.083902,19.382155],[-99.083820,19.382136],[-99.081358,19.381595],[-99.080972,19.381408],[-99.080817,19.381348]]]},"properties":{"cvegeo":"0900700010054","match":"Neighborhood","name":"Doctor Alfonso Ortiz Tirado","state":"Ciudad de México","municipality":"Iztapalapa","city":"Iztapalapa","neighborhood":"Doctor Alfonso Ortiz Tirado","category":"Colonia","type":"U","postal_code":"09020","population":"9118","dwellings":null,"occupied_dwellings":null,"price_m2":null,"property_price":null,"ids_prom":"472.669","nse":"C+","nse_label":"C+ (21%)","nse_score":"4.727","nse_ab":"173","nse_cplus":"213","nse_c":"202","nse_cminus":"194","nse_dplus":"118","nse_d":"110","nse_e":"20","nse_total":"1032","nse_ab_pct":"16.81","nse_cplus_pct":"20.68","nse_c_pct":"19.58","nse_cminus_pct":"18.84","nse_dplus_pct":"11.45","nse_d_pct":"10.71","nse_e_pct":"1.94"}},{"type":"Feature","geometry":{"type":"Polygon","coordinates":[[[-99.012927,19.363061],[-99.012793,19.363850],[-99.012353,19.365200],[-99.012128,19.365896],[-99.012442,19.366011],[-99.012960,19.366183],[-99.013796,19.366472],[-99.014380,19.366665],[-99.014574,19.366731],[-99.014599,19.366736],[-99.014841,19.366814],[-99.015294,19.365515],[-99.015570,19.364799],[-99.015996,19.363694],[-99.015712,19.363636],[-99.015652,19.363623],[-99.015369,19.363562],[-99.015219,19.363530],[-99.014906,19.363466],[-99.014701,19.363424],[-99.014568,19.363396],[-99.014199,19.363318],[-99.013820,19.363242],[-99.013291,19.363133],[-99.012927,19.363061]]]},"properties":{"cvegeo":"0900700010055","match":"Neighborhood","name":"El Edén","state":"Ciudad de México","municipality":"Iztapalapa","city":"Iztapalapa","neighborhood":"El Edén","category":"Colonia","type":"U","postal_code":"09520","population":"1362","dwellings":null,"occupied_dwellings":null,"price_m2":null,"property_price":null,"ids_prom":"387.770","nse":"D","nse_label":"D (22%)","nse_score":"3.878","nse_ab":"19","nse_cplus":"33","nse_c":"39","nse_cminus":"49","nse_dplus":"45","nse_d":"54","nse_e":"13","nse_total":"255","nse_ab_pct":"7.61","nse_cplus_pct":"13.07","nse_c_pct":"15.47","nse_cminus_pct":"19.24","nse_dplus_pct":"17.81","nse_d_pct":"21.52","nse_e_pct":"5.28"}},{"type":"Feature","geometry":{"type":"Polygon","coordinates":[[[-99.051443,19.380574],[-99.051166,19.381046],[-99.051023,19.381291],[-99.050601,19.381999],[-99.050588,19.382030],[-99.050556,19.382084],[-99.050445,19.382286],[-99.050279,19.382571],[-99.050221,19.382637],[-99.050065,19.382906],[-99.049976,19.383053],[-99.049835,19.383293],[-99.049591,19.383715],[-99.049446,19.383952],[-99.049278,19.384234],[-99.049138,19.384472],[-99.048616,19.385344],[-99.048520,19.385519],[-99.048371,19.385776],[-99.048042,19.386321],[-99.047896,19.386568],[-99.047642,19.387008],[-99.047566,19.387139],[-99.047473,19.387286],[-99.047386,19.387433],[-99.047268,19.387627],[-99.047140,19.387831],[-99.046939,19.388159],[-99.046821,19.388370],[-99.046180,19.389430],[-99.046022,19.389704],[-99.045898,19.389911],[-99.045769,19.390112],[-99.045601,19.390366],[-99.045402,19.390681],[-99.045950,19.390993],[-99.046331,19.391210],[-99.046698,19.391419],[-99.047734,19.392010],[-99.047963,19.391609],[-99.048076,19.391411],[-99.048345,19.390940],[-99.048507,19.390658],[-99.048656,19.390400],[-99.049118,19.389598],[-99.049243,19.389381],[-99.049349,19.389196],[-99.049422,19.389070],[-99.049548,19.388851],[-99.050075,19.387995],[-99.050180,19.387843],[-99.050327,19.387592],[-99.050629,19.387075],[-99.050785,19.386810],[-99.051270,19.385999],[-99.051418,19.385728],[-99.051552,19.385502],[-99.051717,19.385219],[-99.051854,19.384983],[-99.051920,19.384871],[-99.052423,19.385202],[-99.052807,19.385455],[-99.053213,19.385722],[-99.053586,19.385968],[-99.053876,19.386157],[-99.054199,19.386380],[-99.054711,19.386716],[-99.054853,19.386810],[-99.055160,19.387016],[-99.055265,19.387084],[-99.055500,19.387241],[-99.055900,19.387506],[-99.056457,19.387875],[-99.056999,19.388240],[-99.057574,19.388620],[-99.058176,19.389021],[-99.058479,19.389220],[-99.058967,19.389545],[-99.059713,19.390008],[-99.059797,19.389650],[-99.059870,19.389136],[-99.059935,19.388677],[-99.059990,19.388292],[-99.060043,19.387985],[-99.060166,19.387327],[-99.060207,19.387047],[-99.060252,19.386735],[-99.060350,19.386157],[-99.060370,19.386065],[-99.060428,19.385721],[-99.060510,19.385251],[-99.060644,19.384339],[-99.060782,19.383511],[-99.060800,19.383317],[-99.059426,19.383137],[-99.059534,19.382505],[-99.058885,19.382392],[-99.058639,19.382336],[-99.057496,19.382076],[-99.056424,19.381832],[-99.055352,19.381595],[-99.055378,19.381491],[-99.054710,19.381341],[-99.053499,19.381070],[-99.052365,19.380816],[-99.051443,19.380574]]]},"properties":{"cvegeo":"0900700010056","match":"Neighborhood","name":"Unidad Ejército Constitucionalista","state":"Ciudad de México","municipality":"Iztapalapa","city":"Iztapalapa","neighborhood":"Unidad Ejército Constitucionalista","category":"Colonia","type":"U","postal_code":"09220","population":"8564","dwellings":null,"occupied_dwellings":null,"price_m2":null,"property_price":null,"ids_prom":"385.805","nse":"D","nse_label":"D (23%)","nse_score":"3.858","nse_ab":"240","nse_cplus":"555","nse_c":"790","nse_cminus":"898","nse_dplus":"858","nse_d":"1009","nse_e":"126","nse_total":"4479","nse_ab_pct":"5.37","nse_cplus_pct":"12.41","nse_c_pct":"17.64","nse_cminus_pct":"20.05","nse_dplus_pct":"19.17","nse_d_pct":"22.54","nse_e_pct":"2.83"}},{"type":"Feature","geometry":{"type":"Polygon","coordinates":[[[-99.027311,19.361718],[-99.026849,19.362459],[-99.026244,19.363386],[-99.025717,19.364161],[-99.026082,19.364376],[-99.026480,19.364611],[-99.026846,19.364826],[-99.027225,19.365050],[-99.027481,19.365201],[-99.027620,19.365265],[-99.027998,19.365499],[-99.028366,19.365717],[-99.028522,19.365811],[-99.028810,19.365983],[-99.029002,19.366098],[-99.029535,19.366416],[-99.029872,19.366612],[-99.030256,19.366835],[-99.030627,19.367050],[-99.030987,19.367256],[-99.031359,19.367473],[-99.031719,19.367685],[-99.032081,19.367890],[-99.032160,19.367935],[-99.032454,19.368120],[-99.032820,19.368350],[-99.033201,19.368588],[-99.033815,19.368947],[-99.034917,19.369592],[-99.034945,19.369612],[-99.034989,19.369639],[-99.035893,19.370188],[-99.036069,19.370303],[-99.036357,19.370478],[-99.036653,19.370653],[-99.036708,19.370683],[-99.036759,19.370716],[-99.036922,19.370820],[-99.037097,19.370933],[-99.037119,19.370947],[-99.037388,19.371115],[-99.037703,19.371300],[-99.038011,19.371475],[-99.038326,19.371648],[-99.038642,19.371832],[-99.038936,19.372009],[-99.039236,19.372182],[-99.039550,19.372371],[-99.040214,19.372758],[-99.040264,19.371498],[-99.040275,19.371080],[-99.040289,19.370570],[-99.040306,19.370189],[-99.040319,19.369795],[-99.040323,19.369635],[-99.040236,19.366534],[-99.039701,19.366463],[-99.039498,19.366414],[-99.039294,19.366337],[-99.039013,19.366232],[-99.038876,19.366184],[-99.038724,19.366123],[-99.038415,19.365998],[-99.038076,19.365863],[-99.037975,19.365823],[-99.037744,19.365731],[-99.037452,19.365615],[-99.037182,19.365507],[-99.036316,19.365171],[-99.035264,19.364762],[-99.034236,19.364368],[-99.033193,19.363961],[-99.032138,19.363555],[-99.030939,19.363090],[-99.029986,19.362716],[-99.028954,19.362325],[-99.027867,19.361919],[-99.027311,19.361718]]]},"properties":{"cvegeo":"0900700010057","match":"Neighborhood","name":"Ejército de Agua Prieta","state":"Ciudad de México","municipality":"Iztapalapa","city":"Iztapalapa","neighborhood":"Ejército de Agua Prieta","category":"Colonia","type":"U","postal_code":"09578","population":"2784","dwellings":null,"occupied_dwellings":null,"price_m2":null,"property_price":null,"ids_prom":"373.367","nse":"D","nse_label":"D (23%)","nse_score":"3.734","nse_ab":"258","nse_cplus":"616","nse_c":"943","nse_cminus":"1170","nse_dplus":"1191","nse_d":"1322","nse_e":"207","nse_total":"5714","nse_ab_pct":"4.52","nse_cplus_pct":"10.80","nse_c_pct":"16.51","nse_cminus_pct":"20.49","nse_dplus_pct":"20.85","nse_d_pct":"23.14","nse_e_pct":"3.63"}},{"type":"Feature","geometry":{"type":"Polygon","coordinates":[[[-99.037811,19.376546],[-99.035980,19.377983],[-99.035799,19.377705],[-99.035590,19.377905],[-99.035379,19.378068],[-99.034804,19.378549],[-99.034360,19.378902],[-99.033963,19.379240],[-99.033680,19.379479],[-99.033133,19.379925],[-99.032791,19.380194],[-99.032443,19.380484],[-99.032075,19.380755],[-99.031913,19.380888],[-99.031518,19.381220],[-99.030702,19.381907],[-99.030470,19.382109],[-99.030753,19.382273],[-99.032074,19.383038],[-99.033085,19.383623],[-99.034235,19.384289],[-99.035626,19.385095],[-99.037005,19.385895],[-99.037333,19.385346],[-99.037824,19.384636],[-99.038320,19.383877],[-99.038322,19.383139],[-99.038454,19.382637],[-99.038666,19.382297],[-99.038814,19.382128],[-99.038854,19.381946],[-99.038762,19.381643],[-99.038555,19.381243],[-99.038264,19.380794],[-99.037187,19.379230],[-99.037082,19.378794],[-99.037139,19.378204],[-99.037837,19.376950],[-99.038003,19.376610],[-99.037830,19.376553],[-99.037811,19.376546]]]},"properties":{"cvegeo":"0900700010058","match":"Neighborhood","name":"Ejército de Oriente","state":"Ciudad de México","municipality":"Iztapalapa","city":"Iztapalapa","neighborhood":"Ejército de Oriente","category":"Colonia","type":"U","postal_code":"09230","population":"5822","dwellings":null,"occupied_dwellings":null,"price_m2":null,"property_price":null,"ids_prom":"445.608","nse":"C","nse_label":"C (21%)","nse_score":"4.456","nse_ab":"205","nse_cplus":"353","nse_c":"389","nse_cminus":"382","nse_dplus":"270","nse_d":"257","nse_e":"23","nse_total":"1882","nse_ab_pct":"10.94","nse_cplus_pct":"18.76","nse_c_pct":"20.72","nse_cminus_pct":"20.30","nse_dplus_pct":"14.37","nse_d_pct":"13.66","nse_e_pct":"1.26"}},{"type":"Feature","geometry":{"type":"Polygon","coordinates":[[[-99.025717,19.364161],[-99.025463,19.364367],[-99.025061,19.364661],[-99.024337,19.365227],[-99.024218,19.365345],[-99.023380,19.365989],[-99.022545,19.366649],[-99.021575,19.367412],[-99.021734,19.367546],[-99.021932,19.367713],[-99.022251,19.367980],[-99.022445,19.368144],[-99.022573,19.368254],[-99.022885,19.368513],[-99.023150,19.368736],[-99.023184,19.368765],[-99.023498,19.369059],[-99.023849,19.369370],[-99.024169,19.369643],[-99.024258,19.369715],[-99.024564,19.369987],[-99.024877,19.370263],[-99.025177,19.370527],[-99.025403,19.370716],[-99.025513,19.370808],[-99.025801,19.371052],[-99.026115,19.371311],[-99.026436,19.371579],[-99.026655,19.371765],[-99.026737,19.371834],[-99.027053,19.372102],[-99.027208,19.372238],[-99.027386,19.372383],[-99.027429,19.372424],[-99.027686,19.372663],[-99.027914,19.372885],[-99.028726,19.372134],[-99.029488,19.371430],[-99.029821,19.371163],[-99.030086,19.371057],[-99.030456,19.370940],[-99.030711,19.370894],[-99.031521,19.371497],[-99.032685,19.372509],[-99.032959,19.372171],[-99.033125,19.371962],[-99.033334,19.371698],[-99.033475,19.371523],[-99.033627,19.371333],[-99.033820,19.371093],[-99.033990,19.370877],[-99.034135,19.370694],[-99.034266,19.370524],[-99.034445,19.370294],[-99.034647,19.370051],[-99.034989,19.369639],[-99.034945,19.369612],[-99.034917,19.369592],[-99.033815,19.368947],[-99.033201,19.368588],[-99.032820,19.368350],[-99.032454,19.368120],[-99.032160,19.367935],[-99.032081,19.367890],[-99.031719,19.367685],[-99.031359,19.367473],[-99.030987,19.367256],[-99.030627,19.367050],[-99.030256,19.366835],[-99.029872,19.366612],[-99.029535,19.366416],[-99.029002,19.366098],[-99.028810,19.365983],[-99.028522,19.365811],[-99.028366,19.365717],[-99.027998,19.365499],[-99.027620,19.365265],[-99.027481,19.365201],[-99.027225,19.365050],[-99.026846,19.364826],[-99.026480,19.364611],[-99.026082,19.364376],[-99.025717,19.364161]]]},"properties":{"cvegeo":"0900700010059","match":"Neighborhood","name":"Ejército de Oriente Zona Peñón","state":"Ciudad de México","municipality":"Iztapalapa","city":"Iztapalapa","neighborhood":"Ejército de Oriente Zona Peñón","category":"Colonia","type":"U","postal_code":"09239","population":"5471","dwellings":null,"occupied_dwellings":null,"price_m2":null,"property_price":null,"ids_prom":"389.296","nse":"D","nse_label":"D (23%)","nse_score":"3.893","nse_ab":"285","nse_cplus":"517","nse_c":"804","nse_cminus":"817","nse_dplus":"799","nse_d":"986","nse_e":"129","nse_total":"4339","nse_ab_pct":"6.58","nse_cplus_pct":"11.92","nse_c_pct":"18.53","nse_cminus_pct":"18.83","nse_dplus_pct":"18.42","nse_d_pct":"22.74","nse_e_pct":"2.97"}},{"type":"Feature","geometry":{"type":"Polygon","coordinates":[[[-98.973177,19.335344],[-98.972788,19.335731],[-98.972869,19.335799],[-98.973318,19.336178],[-98.973856,19.336631],[-98.973872,19.336645],[-98.973873,19.336645],[-98.973942,19.336703],[-98.974021,19.336770],[-98.974041,19.336787],[-98.974118,19.336852],[-98.974142,19.336872],[-98.974208,19.336928],[-98.974283,19.336991],[-98.974294,19.337000],[-98.974298,19.337004],[-98.974313,19.337017],[-98.974321,19.337023],[-98.974322,19.337024],[-98.974323,19.337024],[-98.974324,19.337026],[-98.974325,19.337026],[-98.974325,19.337026],[-98.974325,19.337027],[-98.975216,19.338032],[-98.975480,19.338330],[-98.975825,19.338864],[-98.976113,19.339310],[-98.976456,19.339843],[-98.977162,19.341033],[-98.977278,19.341228],[-98.977808,19.342124],[-98.978078,19.342442],[-98.978543,19.342993],[-98.978793,19.343289],[-98.979022,19.343511],[-98.979631,19.344102],[-98.979816,19.343921],[-98.979874,19.343777],[-98.979979,19.343574],[-98.980078,19.343448],[-98.980067,19.343362],[-98.980134,19.343223],[-98.980182,19.343231],[-98.980238,19.342852],[-98.980178,19.342597],[-98.980206,19.342273],[-98.980328,19.342285],[-98.980443,19.342299],[-98.980477,19.341965],[-98.980553,19.341987],[-98.980631,19.341773],[-98.980690,19.341646],[-98.980935,19.341080],[-98.981076,19.341097],[-98.981319,19.340744],[-98.981430,19.340723],[-98.981489,19.340563],[-98.981627,19.340185],[-98.981675,19.339834],[-98.981746,19.339403],[-98.981991,19.339436],[-98.982245,19.339461],[-98.982451,19.338466],[-98.982560,19.338487],[-98.982746,19.337688],[-98.982802,19.337481],[-98.982871,19.337186],[-98.982951,19.337184],[-98.983073,19.336956],[-98.983111,19.336896],[-98.983220,19.336725],[-98.983308,19.336580],[-98.982750,19.336260],[-98.982652,19.336415],[-98.982507,19.336653],[-98.982267,19.336829],[-98.982051,19.337012],[-98.982313,19.337200],[-98.982245,19.337301],[-98.982162,19.337515],[-98.981630,19.337316],[-98.980863,19.337049],[-98.980873,19.336954],[-98.980394,19.336800],[-98.980441,19.336714],[-98.980561,19.336447],[-98.980639,19.336285],[-98.980745,19.336084],[-98.980572,19.336069],[-98.980171,19.336037],[-98.979314,19.335962],[-98.979119,19.335949],[-98.979033,19.335993],[-98.978957,19.336060],[-98.978853,19.336197],[-98.978419,19.336253],[-98.977974,19.336110],[-98.977843,19.336301],[-98.977721,19.336442],[-98.977572,19.336660],[-98.977295,19.336538],[-98.976913,19.336434],[-98.976628,19.336355],[-98.976125,19.336288],[-98.973177,19.335344]]]},"properties":{"cvegeo":"0900700010061","match":"Neighborhood","name":"Ampliación Emiliano Zapata","state":"Ciudad de México","municipality":"Iztapalapa","city":"Iztapalapa","neighborhood":"Ampliación Emiliano Zapata","category":"Colonia","type":"U","postal_code":"09638","population":"1166","dwellings":null,"occupied_dwellings":null,"price_m2":null,"property_price":null,"ids_prom":"323.487","nse":"D","nse_label":"D (32%)","nse_score":"3.235","nse_ab":"64","nse_cplus":"152","nse_c":"228","nse_cminus":"323","nse_dplus":"353","nse_d":"635","nse_e":"200","nse_total":"1959","nse_ab_pct":"3.27","nse_cplus_pct":"7.80","nse_c_pct":"11.69","nse_cminus_pct":"16.53","nse_dplus_pct":"18.04","nse_d_pct":"32.42","nse_e_pct":"10.25"}},{"type":"Feature","geometry":{"type":"Polygon","coordinates":[[[-99.121980,19.357662],[-99.122030,19.357803],[-99.122160,19.359149],[-99.122208,19.359614],[-99.122224,19.359936],[-99.122235,19.360165],[-99.122254,19.360553],[-99.122363,19.360589],[-99.123324,19.360781],[-99.123365,19.360801],[-99.123408,19.360814],[-99.123659,19.360861],[-99.123687,19.360866],[-99.123955,19.360918],[-99.124046,19.360935],[-99.124250,19.360974],[-99.124475,19.361017],[-99.124544,19.361038],[-99.125304,19.361215],[-99.125711,19.359563],[-99.125788,19.359250],[-99.126015,19.359291],[-99.126274,19.359338],[-99.126294,19.359342],[-99.126496,19.359379],[-99.126695,19.359429],[-99.126772,19.359448],[-99.127150,19.359488],[-99.127537,19.359533],[-99.127825,19.359549],[-99.128264,19.359574],[-99.128695,19.359592],[-99.128773,19.359596],[-99.129095,19.359606],[-99.129518,19.359622],[-99.129965,19.359638],[-99.130167,19.359676],[-99.130661,19.359700],[-99.131039,19.359074],[-99.131315,19.358618],[-99.131178,19.358661],[-99.130870,19.358627],[-99.130328,19.358569],[-99.130142,19.358548],[-99.129858,19.358518],[-99.129526,19.358482],[-99.129386,19.358466],[-99.129098,19.358435],[-99.128930,19.358417],[-99.128695,19.358391],[-99.128398,19.358360],[-99.128277,19.358346],[-99.127767,19.358291],[-99.127708,19.358284],[-99.127171,19.358226],[-99.127089,19.358217],[-99.126734,19.358178],[-99.126583,19.358162],[-99.126288,19.358130],[-99.126113,19.358111],[-99.125866,19.358084],[-99.125614,19.358057],[-99.125115,19.358002],[-99.124624,19.357949],[-99.123786,19.357858],[-99.123621,19.357840],[-99.122553,19.357724],[-99.122477,19.357716],[-99.122386,19.357706],[-99.122375,19.357705],[-99.122216,19.357688],[-99.122001,19.357664],[-99.121999,19.357664],[-99.121997,19.357664],[-99.121987,19.357663],[-99.121980,19.357662]]]},"properties":{"cvegeo":"0900700010062","match":"Neighborhood","name":"Cacama","state":"Ciudad de México","municipality":"Iztapalapa","city":"Iztapalapa","neighborhood":"Cacama","category":"Colonia","type":"U","postal_code":"09080","population":"24201","dwellings":null,"occupied_dwellings":null,"price_m2":null,"property_price":null,"ids_prom":"438.359","nse":"C","nse_label":"C (23%)","nse_score":"4.384","nse_ab":"116","nse_cplus":"209","nse_c":"287","nse_cminus":"260","nse_dplus":"214","nse_d":"157","nse_e":"14","nse_total":"1260","nse_ab_pct":"9.26","nse_cplus_pct":"16.59","nse_c_pct":"22.84","nse_cminus_pct":"20.68","nse_dplus_pct":"16.97","nse_d_pct":"12.50","nse_e_pct":"1.16"}},{"type":"Feature","geometry":{"type":"Polygon","coordinates":[[[-99.055328,19.335256],[-99.055147,19.335410],[-99.054872,19.335644],[-99.054512,19.335948],[-99.054140,19.336263],[-99.053755,19.336600],[-99.053427,19.336868],[-99.053119,19.337128],[-99.052996,19.337233],[-99.052772,19.337423],[-99.052551,19.337610],[-99.052306,19.337817],[-99.052096,19.337994],[-99.052067,19.338018],[-99.051877,19.338179],[-99.051655,19.338367],[-99.051282,19.338686],[-99.051503,19.338666],[-99.051485,19.339659],[-99.051191,19.339697],[-99.051208,19.340499],[-99.051762,19.340489],[-99.051777,19.341448],[-99.052009,19.341431],[-99.051749,19.342271],[-99.052035,19.342235],[-99.052455,19.342187],[-99.052633,19.342178],[-99.052890,19.342163],[-99.053107,19.342156],[-99.053276,19.342148],[-99.053411,19.342138],[-99.053544,19.342125],[-99.053774,19.342119],[-99.053929,19.342115],[-99.054434,19.342161],[-99.054604,19.342172],[-99.055012,19.342255],[-99.055421,19.342352],[-99.055491,19.342374],[-99.055869,19.342495],[-99.055963,19.342534],[-99.056005,19.342551],[-99.056334,19.342688],[-99.056803,19.342887],[-99.057268,19.343084],[-99.057655,19.343248],[-99.057759,19.343297],[-99.057910,19.343366],[-99.058213,19.343505],[-99.058288,19.343539],[-99.058657,19.343710],[-99.058690,19.343723],[-99.059122,19.343921],[-99.059944,19.344298],[-99.060650,19.344630],[-99.060762,19.344371],[-99.061374,19.343501],[-99.061579,19.343201],[-99.061743,19.342845],[-99.062063,19.342435],[-99.061849,19.342397],[-99.061339,19.342320],[-99.060945,19.342267],[-99.060550,19.342213],[-99.060367,19.342190],[-99.060153,19.342167],[-99.059854,19.342128],[-99.059757,19.342114],[-99.059345,19.342051],[-99.058867,19.341993],[-99.058383,19.341929],[-99.057764,19.341040],[-99.057481,19.340580],[-99.057318,19.340179],[-99.057164,19.339760],[-99.056938,19.339175],[-99.056788,19.338791],[-99.056564,19.338212],[-99.056423,19.337851],[-99.056251,19.337450],[-99.056114,19.337116],[-99.055971,19.336800],[-99.055823,19.336441],[-99.055687,19.336107],[-99.055577,19.335830],[-99.055537,19.335732],[-99.055445,19.335522],[-99.055328,19.335256]]]},"properties":{"cvegeo":"0900700010063","match":"Neighborhood","name":"La Era","state":"Ciudad de México","municipality":"Iztapalapa","city":"Iztapalapa","neighborhood":"La Era","category":"Colonia","type":"U","postal_code":"09720","population":"12582","dwellings":null,"occupied_dwellings":null,"price_m2":null,"property_price":null,"ids_prom":"406.530","nse":"D","nse_label":"D (20%)","nse_score":"4.065","nse_ab":"181","nse_cplus":"358","nse_c":"429","nse_cminus":"396","nse_dplus":"349","nse_d":"460","nse_e":"91","nse_total":"2267","nse_ab_pct":"8.00","nse_cplus_pct":"15.83","nse_c_pct":"18.95","nse_cminus_pct":"17.50","nse_dplus_pct":"15.40","nse_d_pct":"20.30","nse_e_pct":"4.02"}},{"type":"Feature","geometry":{"type":"Polygon","coordinates":[[[-98.994557,19.358141],[-98.994547,19.358566],[-98.994448,19.358846],[-98.994175,19.359048],[-98.994062,19.359261],[-98.993594,19.360146],[-98.993516,19.360293],[-98.993468,19.360384],[-98.993385,19.360691],[-98.993145,19.361585],[-98.993110,19.361717],[-98.993020,19.362052],[-98.992974,19.362226],[-98.992927,19.362398],[-98.992908,19.362469],[-98.992868,19.362620],[-98.992859,19.362654],[-98.992777,19.362989],[-98.992773,19.363003],[-98.992739,19.363143],[-98.992677,19.363395],[-98.992644,19.363532],[-98.992625,19.363607],[-98.992596,19.363729],[-98.992576,19.363808],[-98.992497,19.364131],[-98.992467,19.364256],[-98.992418,19.364454],[-98.992339,19.364778],[-98.992287,19.364992],[-98.992251,19.365137],[-98.992185,19.365410],[-98.992055,19.365940],[-98.992037,19.366013],[-98.991987,19.366219],[-98.991958,19.366336],[-98.991948,19.366378],[-98.991918,19.366500],[-98.991884,19.366640],[-98.991870,19.366695],[-98.991807,19.366865],[-98.991755,19.367004],[-98.991756,19.367005],[-98.991800,19.367461],[-98.991894,19.367554],[-98.991939,19.367599],[-98.992194,19.367749],[-98.992273,19.367796],[-98.992318,19.367822],[-98.992608,19.367992],[-98.992608,19.367992],[-98.992613,19.367995],[-98.992615,19.367997],[-98.992618,19.367998],[-98.992618,19.367998],[-98.992945,19.368191],[-98.993049,19.368252],[-98.993247,19.368369],[-98.993441,19.368483],[-98.993612,19.368584],[-98.993873,19.368737],[-98.993954,19.368785],[-98.994073,19.368856],[-98.994168,19.368911],[-98.994277,19.368976],[-98.994280,19.368978],[-98.994281,19.368978],[-98.994281,19.368978],[-98.994281,19.368978],[-98.994284,19.368980],[-98.994600,19.369166],[-98.994717,19.369235],[-98.994883,19.369333],[-98.995132,19.369480],[-98.995331,19.369596],[-98.995379,19.369625],[-98.995603,19.369756],[-98.995604,19.369757],[-98.995604,19.369757],[-98.995604,19.369757],[-98.995606,19.369758],[-98.995825,19.369887],[-98.996049,19.370019],[-98.996161,19.370085],[-98.996377,19.370213],[-98.996471,19.370268],[-98.996803,19.370464],[-98.996804,19.370464],[-98.996805,19.370464],[-98.996807,19.370466],[-98.996809,19.370467],[-98.996809,19.370467],[-98.996810,19.370467],[-98.997169,19.370679],[-98.997228,19.370714],[-98.997493,19.370870],[-98.997547,19.370902],[-98.997626,19.370948],[-98.997777,19.371037],[-98.997884,19.371100],[-98.998052,19.371199],[-98.998212,19.371293],[-98.998346,19.371372],[-98.998624,19.371536],[-98.999012,19.371765],[-98.999396,19.371991],[-98.999450,19.372023],[-98.999798,19.372227],[-99.000081,19.372394],[-99.000157,19.372438],[-99.000443,19.371985],[-99.000781,19.371430],[-99.001175,19.370781],[-99.001552,19.370162],[-99.001905,19.369582],[-99.002863,19.368097],[-99.003021,19.367798],[-99.003097,19.367686],[-99.003360,19.367281],[-99.003715,19.366735],[-99.004226,19.365892],[-99.004489,19.365429],[-99.004622,19.365196],[-99.004752,19.364941],[-99.005292,19.364540],[-99.003799,19.363389],[-99.003024,19.362814],[-99.002385,19.362435],[-99.000800,19.361225],[-99.000140,19.360697],[-98.999666,19.360223],[-98.999009,19.359557],[-98.999205,19.358825],[-98.994557,19.358141]]]},"properties":{"cvegeo":"0900700010064","match":"Neighborhood","name":"Ermita Zaragoza","state":"Ciudad de México","municipality":"Iztapalapa","city":"Iztapalapa","neighborhood":"Ermita Zaragoza","category":"Colonia","type":"U","postal_code":"09180","population":"989","dwellings":null,"occupied_dwellings":null,"price_m2":null,"property_price":null,"ids_prom":"397.633","nse":"D","nse_label":"D (21%)","nse_score":"3.976","nse_ab":"408","nse_cplus":"1036","nse_c":"1224","nse_cminus":"1303","nse_dplus":"1145","nse_d":"1425","nse_e":"228","nse_total":"6772","nse_ab_pct":"6.03","nse_cplus_pct":"15.30","nse_c_pct":"18.09","nse_cminus_pct":"19.24","nse_dplus_pct":"16.91","nse_d_pct":"21.05","nse_e_pct":"3.38"}},{"type":"Feature","geometry":{"type":"Polygon","coordinates":[[[-99.111435,19.356630],[-99.111131,19.357939],[-99.111012,19.358441],[-99.110945,19.358721],[-99.110544,19.360560],[-99.110368,19.361336],[-99.110174,19.362189],[-99.110113,19.362461],[-99.110015,19.362864],[-99.109565,19.364802],[-99.109180,19.366460],[-99.109149,19.366592],[-99.109116,19.366734],[-99.109048,19.367060],[-99.108771,19.368210],[-99.108380,19.369880],[-99.108295,19.370181],[-99.108861,19.370135],[-99.108923,19.370132],[-99.109313,19.370105],[-99.109431,19.370097],[-99.109808,19.370071],[-99.109944,19.370061],[-99.110269,19.370039],[-99.110467,19.370027],[-99.110770,19.370010],[-99.110930,19.370002],[-99.111233,19.369985],[-99.111432,19.369974],[-99.111742,19.369957],[-99.111905,19.369948],[-99.112233,19.369930],[-99.112399,19.369920],[-99.112770,19.369900],[-99.113039,19.368697],[-99.113410,19.367173],[-99.113434,19.367068],[-99.113475,19.366878],[-99.113837,19.365182],[-99.114260,19.363316],[-99.114372,19.362912],[-99.114794,19.361028],[-99.115222,19.359208],[-99.115285,19.358912],[-99.115723,19.357002],[-99.115245,19.356936],[-99.114692,19.356883],[-99.114246,19.356850],[-99.114210,19.356847],[-99.113743,19.356807],[-99.113308,19.356771],[-99.113264,19.356767],[-99.112805,19.356734],[-99.112381,19.356704],[-99.111947,19.356673],[-99.111532,19.356638],[-99.111435,19.356630]]]},"properties":{"cvegeo":"0900700010065","match":"Neighborhood","name":"Escuadrón 201","state":"Ciudad de México","municipality":"Iztapalapa","city":"Iztapalapa","neighborhood":"Escuadrón 201","category":"Colonia","type":"U","postal_code":"09060","population":"633","dwellings":null,"occupied_dwellings":null,"price_m2":null,"property_price":null,"ids_prom":"444.968","nse":"C","nse_label":"C (19%)","nse_score":"4.450","nse_ab":"534","nse_cplus":"667","nse_c":"689","nse_cminus":"610","nse_dplus":"517","nse_d":"596","nse_e":"84","nse_total":"3700","nse_ab_pct":"14.44","nse_cplus_pct":"18.04","nse_c_pct":"18.63","nse_cminus_pct":"16.50","nse_dplus_pct":"13.99","nse_d_pct":"16.13","nse_e_pct":"2.27"}},{"type":"Feature","geometry":{"type":"Polygon","coordinates":[[[-99.076326,19.308233],[-99.075880,19.308793],[-99.075703,19.309005],[-99.075115,19.309711],[-99.074393,19.310602],[-99.073871,19.311248],[-99.073440,19.311790],[-99.073169,19.312118],[-99.072403,19.313091],[-99.072228,19.313314],[-99.071648,19.314003],[-99.071128,19.314632],[-99.071749,19.315145],[-99.072286,19.315601],[-99.072602,19.315874],[-99.072921,19.316142],[-99.073384,19.316536],[-99.075441,19.318288],[-99.075529,19.318376],[-99.075732,19.318490],[-99.076928,19.316958],[-99.078242,19.315332],[-99.080453,19.312539],[-99.081048,19.311667],[-99.080726,19.311434],[-99.080711,19.311423],[-99.080388,19.311187],[-99.080071,19.310957],[-99.079995,19.310902],[-99.079753,19.310726],[-99.079632,19.310638],[-99.079451,19.310506],[-99.079275,19.310378],[-99.079111,19.310259],[-99.078810,19.310040],[-99.078639,19.309915],[-99.078481,19.309801],[-99.078415,19.309752],[-99.078163,19.309569],[-99.078049,19.309486],[-99.077838,19.309333],[-99.077664,19.309206],[-99.077529,19.309108],[-99.077278,19.308926],[-99.077219,19.308883],[-99.076917,19.308663],[-99.076898,19.308649],[-99.076574,19.308413],[-99.076520,19.308375],[-99.076326,19.308233]]]},"properties":{"cvegeo":"0900700010066","match":"Neighborhood","name":"La Esperanza","state":"Ciudad de México","municipality":"Iztapalapa","city":"Iztapalapa","neighborhood":"La Esperanza","category":"Colonia","type":"U","postal_code":"09910","population":"3772","dwellings":null,"occupied_dwellings":null,"price_m2":null,"property_price":null,"ids_prom":"443.884","nse":"C","nse_label":"C (21%)","nse_score":"4.439","nse_ab":"365","nse_cplus":"644","nse_c":"702","nse_cminus":"621","nse_dplus":"474","nse_d":"489","nse_e":"54","nse_total":"3352","nse_ab_pct":"10.92","nse_cplus_pct":"19.22","nse_c_pct":"20.96","nse_cminus_pct":"18.53","nse_dplus_pct":"14.15","nse_d_pct":"14.59","nse_e_pct":"1.64"}},{"type":"Feature","geometry":{"type":"Polygon","coordinates":[[[-99.089235,19.349478],[-99.088608,19.349485],[-99.088329,19.349488],[-99.088268,19.349742],[-99.088058,19.349801],[-99.087647,19.349900],[-99.087741,19.350256],[-99.087876,19.350748],[-99.088019,19.351360],[-99.087906,19.351658],[-99.088396,19.351777],[-99.088855,19.351909],[-99.089189,19.352005],[-99.089236,19.352005],[-99.089230,19.351599],[-99.089226,19.351380],[-99.089237,19.351024],[-99.089241,19.350503],[-99.089253,19.350195],[-99.089244,19.350022],[-99.089240,19.349674],[-99.089235,19.349478]]]},"properties":{"cvegeo":"0900700010068","match":"Neighborhood","name":"Estado de Veracruz","state":"Ciudad de México","municipality":"Iztapalapa","city":"Iztapalapa","neighborhood":"Estado de Veracruz","category":"Colonia","type":"U","postal_code":"09856","population":"9830","dwellings":null,"occupied_dwellings":null,"price_m2":null,"property_price":null,"ids_prom":"416.368","nse":"C","nse_label":"C (18%)","nse_score":"4.164","nse_ab":"15","nse_cplus":"28","nse_c":"30","nse_cminus":"30","nse_dplus":"27","nse_d":"27","nse_e":"7","nse_total":"167","nse_ab_pct":"9.08","nse_cplus_pct":"17.07","nse_c_pct":"18.26","nse_cminus_pct":"18.16","nse_dplus_pct":"16.27","nse_d_pct":"16.47","nse_e_pct":"4.69"}},{"type":"Feature","geometry":{"type":"Polygon","coordinates":[[[-99.097933,19.346139],[-99.097657,19.346820],[-99.097061,19.348247],[-99.097587,19.348777],[-99.097534,19.348932],[-99.096956,19.349703],[-99.097587,19.349848],[-99.098039,19.349968],[-99.098456,19.350072],[-99.098807,19.350213],[-99.097970,19.352007],[-99.098153,19.352169],[-99.098413,19.352412],[-99.098495,19.352474],[-99.098582,19.352531],[-99.098855,19.352676],[-99.098975,19.352767],[-99.099248,19.352961],[-99.099548,19.353242],[-99.099649,19.353002],[-99.100080,19.351983],[-99.100418,19.351182],[-99.101068,19.351437],[-99.101645,19.351628],[-99.102344,19.351820],[-99.102840,19.351974],[-99.103063,19.352051],[-99.103115,19.351896],[-99.103568,19.350588],[-99.104665,19.347932],[-99.103422,19.347590],[-99.102917,19.347448],[-99.102462,19.347321],[-99.102248,19.347260],[-99.101984,19.347197],[-99.101472,19.347068],[-99.101002,19.346954],[-99.100970,19.346946],[-99.100771,19.346898],[-99.100441,19.346816],[-99.100333,19.346787],[-99.100102,19.346723],[-99.099883,19.346662],[-99.099862,19.346657],[-99.099304,19.346502],[-99.098992,19.346418],[-99.098709,19.346342],[-99.098454,19.346269],[-99.098362,19.346244],[-99.097933,19.346139]]]},"properties":{"cvegeo":"0900700010069","match":"Neighborhood","name":"Estrella del Sur","state":"Ciudad de México","municipality":"Iztapalapa","city":"Iztapalapa","neighborhood":"Estrella del Sur","category":"Colonia","type":"U","postal_code":"09820","population":"14137","dwellings":null,"occupied_dwellings":null,"price_m2":null,"property_price":null,"ids_prom":"383.218","nse":"D","nse_label":"D (25%)","nse_score":"3.832","nse_ab":"173","nse_cplus":"330","nse_c":"361","nse_cminus":"390","nse_dplus":"366","nse_d":"591","nse_e":"128","nse_total":"2341","nse_ab_pct":"7.41","nse_cplus_pct":"14.10","nse_c_pct":"15.42","nse_cminus_pct":"16.69","nse_dplus_pct":"15.63","nse_d_pct":"25.25","nse_e_pct":"5.49"}},{"type":"Feature","geometry":{"type":"Polygon","coordinates":[[[-99.069193,19.353378],[-99.068926,19.354676],[-99.068529,19.354595],[-99.068063,19.356044],[-99.067590,19.357501],[-99.067081,19.358976],[-99.066599,19.360462],[-99.066255,19.361499],[-99.066559,19.361568],[-99.066748,19.361610],[-99.067009,19.361667],[-99.067824,19.359114],[-99.068307,19.357634],[-99.068765,19.356216],[-99.069240,19.354740],[-99.069364,19.354765],[-99.069561,19.353902],[-99.069622,19.353660],[-99.069396,19.353433],[-99.069193,19.353378]]]},"properties":{"cvegeo":"0900700010070","match":"Neighborhood","name":"Eva Sámano de López Mateos","state":"Ciudad de México","municipality":"Iztapalapa","city":"Iztapalapa","neighborhood":"Eva Sámano de López Mateos","category":"Colonia","type":"U","postal_code":"09359","population":"2604","dwellings":null,"occupied_dwellings":null,"price_m2":null,"property_price":null,"ids_prom":"406.278","nse":"D","nse_label":"D (20%)","nse_score":"4.063","nse_ab":"33","nse_cplus":"54","nse_c":"73","nse_cminus":"74","nse_dplus":"66","nse_d":"77","nse_e":"11","nse_total":"391","nse_ab_pct":"8.49","nse_cplus_pct":"13.93","nse_c_pct":"18.74","nse_cminus_pct":"19.01","nse_dplus_pct":"16.96","nse_d_pct":"19.82","nse_e_pct":"3.06"}},{"type":"Feature","geometry":{"type":"Polygon","coordinates":[[[-99.058348,19.332812],[-99.058154,19.332962],[-99.057917,19.333119],[-99.057625,19.333356],[-99.057571,19.333396],[-99.057330,19.333596],[-99.057150,19.333724],[-99.057047,19.333814],[-99.056883,19.333965],[-99.056638,19.334165],[-99.056275,19.334474],[-99.056141,19.334577],[-99.055903,19.334778],[-99.055697,19.334950],[-99.055599,19.335031],[-99.055418,19.335180],[-99.055394,19.335200],[-99.055328,19.335256],[-99.055445,19.335522],[-99.055537,19.335732],[-99.055577,19.335830],[-99.055687,19.336107],[-99.055823,19.336441],[-99.055971,19.336800],[-99.056114,19.337116],[-99.056251,19.337450],[-99.056423,19.337851],[-99.056564,19.338212],[-99.056788,19.338791],[-99.056938,19.339175],[-99.057164,19.339760],[-99.057318,19.340179],[-99.057481,19.340580],[-99.057960,19.340474],[-99.058231,19.340418],[-99.058538,19.340358],[-99.058622,19.340347],[-99.059048,19.340270],[-99.059610,19.340131],[-99.059820,19.340087],[-99.060098,19.340027],[-99.060153,19.340017],[-99.061087,19.339814],[-99.061437,19.339738],[-99.061554,19.339713],[-99.061792,19.339669],[-99.062017,19.339616],[-99.062461,19.339510],[-99.062926,19.339406],[-99.063340,19.339324],[-99.063753,19.339238],[-99.064128,19.339124],[-99.064386,19.338997],[-99.064742,19.338878],[-99.065008,19.338947],[-99.064957,19.338797],[-99.064601,19.338435],[-99.064374,19.338333],[-99.063417,19.337910],[-99.063106,19.337773],[-99.063088,19.337755],[-99.062808,19.337474],[-99.062590,19.337256],[-99.062412,19.337071],[-99.062052,19.336684],[-99.061896,19.336520],[-99.061730,19.336343],[-99.061410,19.336007],[-99.060858,19.335425],[-99.060790,19.335352],[-99.060738,19.335295],[-99.060544,19.335094],[-99.060189,19.334727],[-99.060064,19.334596],[-99.059862,19.334384],[-99.059672,19.334191],[-99.059472,19.333979],[-99.059353,19.333853],[-99.059024,19.333506],[-99.058737,19.333211],[-99.058369,19.332834],[-99.058348,19.332812]]]},"properties":{"cvegeo":"0900700010071","match":"Neighborhood","name":"Francisco Villa","state":"Ciudad de México","municipality":"Iztapalapa","city":"Iztapalapa","neighborhood":"Francisco Villa","category":"Colonia","type":"U","postal_code":"09720","population":"11692","dwellings":null,"occupied_dwellings":null,"price_m2":null,"property_price":null,"ids_prom":"384.673","nse":"D","nse_label":"D (24%)","nse_score":"3.847","nse_ab":"193","nse_cplus":"379","nse_c":"471","nse_cminus":"448","nse_dplus":"451","nse_d":"658","nse_e":"155","nse_total":"2759","nse_ab_pct":"7.02","nse_cplus_pct":"13.77","nse_c_pct":"17.10","nse_cminus_pct":"16.25","nse_dplus_pct":"16.35","nse_d_pct":"23.87","nse_e_pct":"5.64"}},{"type":"Feature","geometry":{"type":"Polygon","coordinates":[[[-99.093827,19.329834],[-99.093685,19.330274],[-99.093605,19.330523],[-99.093572,19.330637],[-99.093549,19.330760],[-99.093461,19.331240],[-99.093393,19.331604],[-99.093194,19.332500],[-99.093034,19.333170],[-99.093011,19.333263],[-99.093484,19.333348],[-99.093859,19.333419],[-99.093959,19.333433],[-99.094342,19.333498],[-99.094596,19.333524],[-99.094878,19.333552],[-99.095124,19.333577],[-99.095141,19.333533],[-99.095821,19.333658],[-99.095981,19.333686],[-99.096428,19.333765],[-99.096765,19.333825],[-99.096940,19.333848],[-99.097502,19.333916],[-99.097873,19.333960],[-99.098208,19.334007],[-99.098734,19.334043],[-99.098866,19.334050],[-99.099161,19.334057],[-99.099240,19.334053],[-99.099552,19.334032],[-99.099818,19.334009],[-99.099848,19.334006],[-99.100376,19.333938],[-99.100471,19.333926],[-99.100747,19.333882],[-99.100935,19.333862],[-99.101538,19.333797],[-99.102102,19.333738],[-99.102148,19.333733],[-99.102528,19.333699],[-99.102879,19.333668],[-99.104145,19.333592],[-99.104539,19.333557],[-99.104665,19.333551],[-99.105082,19.333527],[-99.105110,19.333532],[-99.105246,19.332914],[-99.105276,19.332674],[-99.105278,19.332656],[-99.105322,19.332351],[-99.105361,19.332051],[-99.105465,19.331403],[-99.105561,19.331052],[-99.106148,19.331093],[-99.106960,19.331009],[-99.107513,19.330912],[-99.107449,19.330714],[-99.107420,19.330628],[-99.107404,19.330582],[-99.106609,19.330765],[-99.106003,19.330486],[-99.105430,19.330210],[-99.104941,19.329982],[-99.104560,19.329991],[-99.104262,19.330034],[-99.103762,19.330157],[-99.103369,19.330160],[-99.103126,19.330116],[-99.102189,19.329860],[-99.102139,19.330013],[-99.102088,19.330133],[-99.102003,19.330336],[-99.101873,19.330644],[-99.101818,19.330771],[-99.101743,19.330951],[-99.101629,19.331222],[-99.101504,19.331473],[-99.101477,19.331528],[-99.101417,19.331654],[-99.101311,19.331875],[-99.101190,19.332121],[-99.101136,19.332238],[-99.101119,19.332279],[-99.100711,19.332146],[-99.100321,19.332017],[-99.100004,19.331901],[-99.099981,19.331896],[-99.099959,19.331891],[-99.099276,19.331624],[-99.098813,19.331522],[-99.098513,19.331470],[-99.098134,19.331396],[-99.097709,19.331312],[-99.097768,19.331043],[-99.097286,19.330934],[-99.097310,19.330831],[-99.096613,19.330643],[-99.096259,19.330527],[-99.095784,19.330398],[-99.095166,19.330214],[-99.094705,19.330084],[-99.093827,19.329834]]]},"properties":{"cvegeo":"0900700010072","match":"Neighborhood","name":"Fuego Nuevo","state":"Ciudad de México","municipality":"Iztapalapa","city":"Iztapalapa","neighborhood":"Fuego Nuevo","category":"Colonia","type":"U","postal_code":"09800","population":"5004","dwellings":null,"occupied_dwellings":null,"price_m2":null,"property_price":null,"ids_prom":"387.344","nse":"D","nse_label":"D (23%)","nse_score":"3.873","nse_ab":"217","nse_cplus":"349","nse_c":"461","nse_cminus":"489","nse_dplus":"474","nse_d":"625","nse_e":"145","nse_total":"2763","nse_ab_pct":"7.87","nse_cplus_pct":"12.63","nse_c_pct":"16.71","nse_cminus_pct":"17.70","nse_dplus_pct":"17.18","nse_d_pct":"22.64","nse_e_pct":"5.27"}},{"type":"Feature","geometry":{"type":"Polygon","coordinates":[[[-99.113964,19.350038],[-99.113801,19.351632],[-99.113628,19.353207],[-99.113562,19.354010],[-99.113308,19.356771],[-99.113743,19.356807],[-99.114210,19.356847],[-99.114246,19.356850],[-99.114692,19.356883],[-99.115245,19.356936],[-99.115723,19.357002],[-99.116117,19.357066],[-99.116898,19.357203],[-99.117764,19.357373],[-99.118156,19.357450],[-99.118638,19.357550],[-99.118994,19.355767],[-99.119454,19.355798],[-99.119535,19.355798],[-99.119689,19.355803],[-99.119930,19.355822],[-99.119963,19.355632],[-99.120001,19.355634],[-99.120073,19.355639],[-99.120168,19.354502],[-99.120211,19.353807],[-99.120720,19.353853],[-99.121454,19.353920],[-99.121262,19.353340],[-99.120931,19.352315],[-99.120777,19.351841],[-99.120653,19.351544],[-99.120489,19.351152],[-99.120361,19.350845],[-99.120242,19.350561],[-99.120146,19.350428],[-99.120036,19.350473],[-99.119516,19.350437],[-99.118763,19.350388],[-99.117583,19.350305],[-99.116492,19.350224],[-99.115952,19.350185],[-99.114944,19.350111],[-99.113964,19.350038]]]},"properties":{"cvegeo":"0900700010076","match":"Neighborhood","name":"Granjas Esmeralda","state":"Ciudad de México","municipality":"Iztapalapa","city":"Iztapalapa","neighborhood":"Granjas Esmeralda","category":"Colonia","type":"U","postal_code":"09810","population":"974","dwellings":null,"occupied_dwellings":null,"price_m2":null,"property_price":null,"ids_prom":"478.845","nse":"C+","nse_label":"C+ (23%)","nse_score":"4.789","nse_ab":"150","nse_cplus":"204","nse_c":"170","nse_cminus":"144","nse_dplus":"107","nse_d":"95","nse_e":"11","nse_total":"884","nse_ab_pct":"17.00","nse_cplus_pct":"23.09","nse_c_pct":"19.31","nse_cminus_pct":"16.39","nse_dplus_pct":"12.16","nse_d_pct":"10.74","nse_e_pct":"1.33"}},{"type":"Feature","geometry":{"type":"Polygon","coordinates":[[[-99.084104,19.320185],[-99.083742,19.322003],[-99.083412,19.323800],[-99.083074,19.325636],[-99.090141,19.326846],[-99.090265,19.326867],[-99.090474,19.326902],[-99.090785,19.325102],[-99.091160,19.325174],[-99.091278,19.325197],[-99.091529,19.323922],[-99.092001,19.321539],[-99.090769,19.321331],[-99.088479,19.320938],[-99.087644,19.320794],[-99.087296,19.320734],[-99.084104,19.320185]]]},"properties":{"cvegeo":"0900700010077","match":"Neighborhood","name":"Granjas Estrella","state":"Ciudad de México","municipality":"Iztapalapa","city":"Iztapalapa","neighborhood":"Granjas Estrella","category":"Colonia","type":"U","postal_code":"09880","population":"5850","dwellings":null,"occupied_dwellings":null,"price_m2":null,"property_price":null,"ids_prom":"461.380","nse":"C","nse_label":"C (22%)","nse_score":"4.614","nse_ab":"208","nse_cplus":"346","nse_c":"367","nse_cminus":"322","nse_dplus":"203","nse_d":"200","nse_e":"19","nse_total":"1667","nse_ab_pct":"12.49","nse_cplus_pct":"20.78","nse_c_pct":"22.05","nse_cminus_pct":"19.31","nse_dplus_pct":"12.21","nse_d_pct":"12.01","nse_e_pct":"1.15"}},{"type":"Feature","geometry":{"type":"Polygon","coordinates":[[[-99.106780,19.356194],[-99.106385,19.357507],[-99.106339,19.357607],[-99.106160,19.358151],[-99.106037,19.358507],[-99.105910,19.358903],[-99.105808,19.359221],[-99.105763,19.359359],[-99.105660,19.359701],[-99.105500,19.360222],[-99.105408,19.360528],[-99.105353,19.360702],[-99.105201,19.361200],[-99.105205,19.361243],[-99.105251,19.361307],[-99.105453,19.361406],[-99.105627,19.361500],[-99.105639,19.361574],[-99.105578,19.361732],[-99.105177,19.362659],[-99.104883,19.363297],[-99.104823,19.363430],[-99.104635,19.363827],[-99.104443,19.364169],[-99.104363,19.364214],[-99.104352,19.364397],[-99.104217,19.364856],[-99.103997,19.365520],[-99.103786,19.366047],[-99.103643,19.366405],[-99.103533,19.366686],[-99.103021,19.367999],[-99.102626,19.368987],[-99.102955,19.369461],[-99.103273,19.369917],[-99.103395,19.370079],[-99.104017,19.370956],[-99.104208,19.371195],[-99.104577,19.370949],[-99.105195,19.370553],[-99.105618,19.370357],[-99.105801,19.370289],[-99.105929,19.370265],[-99.105999,19.370261],[-99.106636,19.370226],[-99.106970,19.370219],[-99.107245,19.370210],[-99.108295,19.370181],[-99.108380,19.369880],[-99.108771,19.368210],[-99.109048,19.367060],[-99.109116,19.366734],[-99.109149,19.366592],[-99.109180,19.366460],[-99.109565,19.364802],[-99.110015,19.362864],[-99.110113,19.362461],[-99.110174,19.362189],[-99.110368,19.361336],[-99.110544,19.360560],[-99.110945,19.358721],[-99.111012,19.358441],[-99.111131,19.357939],[-99.111435,19.356630],[-99.111361,19.356624],[-99.110171,19.356484],[-99.109611,19.356432],[-99.109386,19.356411],[-99.109036,19.356379],[-99.108553,19.356335],[-99.108086,19.356300],[-99.107615,19.356260],[-99.107150,19.356221],[-99.106780,19.356194]]]},"properties":{"cvegeo":"0900700010078","match":"Neighborhood","name":"Granjas de San Antonio","state":"Ciudad de México","municipality":"Iztapalapa","city":"Iztapalapa","neighborhood":"Granjas de San Antonio","category":"Colonia","type":"U","postal_code":"09070","population":"14666","dwellings":null,"occupied_dwellings":null,"price_m2":null,"property_price":null,"ids_prom":"457.500","nse":"C+","nse_label":"C+ (21%)","nse_score":"4.575","nse_ab":"220","nse_cplus":"331","nse_c":"304","nse_cminus":"256","nse_dplus":"191","nse_d":"224","nse_e":"30","nse_total":"1560","nse_ab_pct":"14.16","nse_cplus_pct":"21.26","nse_c_pct":"19.48","nse_cminus_pct":"16.44","nse_dplus_pct":"12.29","nse_d_pct":"14.40","nse_e_pct":"1.96"}},{"type":"Feature","geometry":{"type":"Polygon","coordinates":[[[-99.074467,19.360837],[-99.074456,19.362339],[-99.074458,19.362454],[-99.074511,19.364053],[-99.074522,19.364341],[-99.074585,19.366003],[-99.074512,19.365989],[-99.074008,19.365893],[-99.073436,19.365784],[-99.072929,19.365687],[-99.072859,19.365674],[-99.072485,19.365604],[-99.072008,19.365530],[-99.071214,19.365475],[-99.070962,19.366053],[-99.070653,19.366720],[-99.070352,19.367381],[-99.069848,19.368499],[-99.069695,19.368845],[-99.068999,19.370330],[-99.068330,19.371760],[-99.068110,19.372283],[-99.067472,19.373978],[-99.067578,19.373931],[-99.068535,19.373517],[-99.068617,19.373482],[-99.069080,19.373264],[-99.069188,19.373218],[-99.069634,19.373021],[-99.069881,19.372913],[-99.070533,19.372626],[-99.070708,19.372542],[-99.071231,19.372327],[-99.071519,19.372265],[-99.071736,19.372259],[-99.071784,19.372259],[-99.072353,19.372396],[-99.072602,19.372461],[-99.072930,19.372548],[-99.073266,19.372636],[-99.073444,19.372683],[-99.073816,19.372781],[-99.074305,19.372911],[-99.074470,19.372955],[-99.074921,19.373075],[-99.075119,19.373129],[-99.075377,19.373199],[-99.075889,19.373338],[-99.075980,19.373361],[-99.076821,19.373583],[-99.077156,19.373671],[-99.077684,19.373809],[-99.078699,19.374078],[-99.079150,19.373708],[-99.079740,19.373225],[-99.079897,19.372733],[-99.080060,19.372310],[-99.080321,19.371573],[-99.080415,19.371281],[-99.080558,19.370839],[-99.080729,19.370401],[-99.081840,19.367537],[-99.082446,19.365884],[-99.082875,19.364708],[-99.082905,19.364628],[-99.082956,19.364488],[-99.083184,19.363864],[-99.082239,19.363403],[-99.081867,19.363219],[-99.081160,19.362968],[-99.079665,19.362474],[-99.077223,19.361691],[-99.075208,19.361033],[-99.074467,19.360837]]]},"properties":{"cvegeo":"0900700010079","match":"Neighborhood","name":"Guadalupe del Moral","state":"Ciudad de México","municipality":"Iztapalapa","city":"Iztapalapa","neighborhood":"Guadalupe del Moral","category":"Colonia","type":"U","postal_code":"09300","population":"6153","dwellings":null,"occupied_dwellings":null,"price_m2":null,"property_price":null,"ids_prom":"413.068","nse":"D","nse_label":"D (19%)","nse_score":"4.131","nse_ab":"421","nse_cplus":"721","nse_c":"828","nse_cminus":"828","nse_dplus":"673","nse_d":"868","nse_e":"178","nse_total":"4520","nse_ab_pct":"9.32","nse_cplus_pct":"15.96","nse_c_pct":"18.33","nse_cminus_pct":"18.33","nse_dplus_pct":"14.90","nse_d_pct":"19.22","nse_e_pct":"3.94"}},{"type":"Feature","geometry":{"type":"Polygon","coordinates":[[[-99.049955,19.327610],[-99.049845,19.328021],[-99.049718,19.328412],[-99.049669,19.328637],[-99.049488,19.328603],[-99.049281,19.329421],[-99.047028,19.329440],[-99.046918,19.329799],[-99.046829,19.330167],[-99.046744,19.330510],[-99.046652,19.330894],[-99.046570,19.331252],[-99.046496,19.331577],[-99.046492,19.331613],[-99.046495,19.331971],[-99.046497,19.332407],[-99.046500,19.332791],[-99.046501,19.333001],[-99.046503,19.333276],[-99.046505,19.333398],[-99.046500,19.333669],[-99.046508,19.333966],[-99.046510,19.334372],[-99.046513,19.334872],[-99.046735,19.334791],[-99.047220,19.334611],[-99.047708,19.334446],[-99.048046,19.334313],[-99.048329,19.334201],[-99.048846,19.334002],[-99.049258,19.333851],[-99.049452,19.333775],[-99.049518,19.333751],[-99.049591,19.333723],[-99.049729,19.333663],[-99.049852,19.333612],[-99.050218,19.333448],[-99.050736,19.333220],[-99.051152,19.333037],[-99.051198,19.333015],[-99.051446,19.332899],[-99.051706,19.332777],[-99.051197,19.332559],[-99.051290,19.332311],[-99.050744,19.332113],[-99.050865,19.331737],[-99.050962,19.331422],[-99.051059,19.331128],[-99.051636,19.331332],[-99.051798,19.330883],[-99.051470,19.330753],[-99.051258,19.330675],[-99.050505,19.330398],[-99.050607,19.330070],[-99.050714,19.329777],[-99.051398,19.330022],[-99.051647,19.329256],[-99.051743,19.328943],[-99.051927,19.328347],[-99.051597,19.328199],[-99.051293,19.328064],[-99.050550,19.327734],[-99.049955,19.327610]]]},"properties":{"cvegeo":"0900700010081","match":"Neighborhood","name":"Carlos Hank González","state":"Ciudad de México","municipality":"Iztapalapa","city":"Iztapalapa","neighborhood":"Carlos Hank González","category":"Colonia","type":"U","postal_code":"09700","population":"8065","dwellings":null,"occupied_dwellings":null,"price_m2":null,"property_price":null,"ids_prom":"383.270","nse":"D","nse_label":"D (23%)","nse_score":"3.833","nse_ab":"144","nse_cplus":"249","nse_c":"252","nse_cminus":"340","nse_dplus":"299","nse_d":"409","nse_e":"123","nse_total":"1820","nse_ab_pct":"7.94","nse_cplus_pct":"13.69","nse_c_pct":"13.88","nse_cminus_pct":"18.73","nse_dplus_pct":"16.48","nse_d_pct":"22.51","nse_e_pct":"6.77"}},{"type":"Feature","geometry":{"type":"Polygon","coordinates":[[[-99.115222,19.359208],[-99.114794,19.361028],[-99.114372,19.362912],[-99.114765,19.362947],[-99.115132,19.362987],[-99.115568,19.363035],[-99.116028,19.363084],[-99.116428,19.363117],[-99.116830,19.363164],[-99.117334,19.363215],[-99.117810,19.363264],[-99.118236,19.363305],[-99.118648,19.363350],[-99.119074,19.363392],[-99.119471,19.363430],[-99.119904,19.363480],[-99.120340,19.363531],[-99.120814,19.363578],[-99.121325,19.363631],[-99.122389,19.363740],[-99.122352,19.362994],[-99.122306,19.361814],[-99.122266,19.360787],[-99.122254,19.360553],[-99.122235,19.360165],[-99.122224,19.359936],[-99.121669,19.359870],[-99.121197,19.359826],[-99.120752,19.359792],[-99.120333,19.359752],[-99.119923,19.359712],[-99.119490,19.359653],[-99.119295,19.359630],[-99.119063,19.359611],[-99.118654,19.359571],[-99.118186,19.359518],[-99.117679,19.359452],[-99.117305,19.359407],[-99.117274,19.359403],[-99.116902,19.359367],[-99.116867,19.359364],[-99.116418,19.359325],[-99.115989,19.359292],[-99.115617,19.359256],[-99.115222,19.359208]]]},"properties":{"cvegeo":"0900700010082","match":"Neighborhood","name":"Héroes de Churubusco","state":"Ciudad de México","municipality":"Iztapalapa","city":"Iztapalapa","neighborhood":"Héroes de Churubusco","category":"Colonia","type":"U","postal_code":"09090","population":"20481","dwellings":null,"occupied_dwellings":null,"price_m2":null,"property_price":null,"ids_prom":"491.742","nse":"C+","nse_label":"C+ (24%)","nse_score":"4.917","nse_ab":"290","nse_cplus":"370","nse_c":"301","nse_cminus":"218","nse_dplus":"164","nse_d":"153","nse_e":"16","nse_total":"1516","nse_ab_pct":"19.13","nse_cplus_pct":"24.44","nse_c_pct":"19.89","nse_cminus_pct":"14.42","nse_dplus_pct":"10.87","nse_d_pct":"10.15","nse_e_pct":"1.09"}},{"type":"Feature","geometry":{"type":"Polygon","coordinates":[[[-99.051927,19.328347],[-99.051743,19.328943],[-99.051647,19.329256],[-99.051398,19.330022],[-99.050714,19.329777],[-99.050607,19.330070],[-99.050505,19.330398],[-99.051258,19.330675],[-99.051470,19.330753],[-99.051798,19.330883],[-99.051636,19.331332],[-99.051059,19.331128],[-99.050962,19.331422],[-99.050865,19.331737],[-99.050744,19.332113],[-99.051290,19.332311],[-99.051197,19.332559],[-99.051706,19.332777],[-99.051830,19.332719],[-99.052332,19.332505],[-99.052421,19.332463],[-99.052618,19.332383],[-99.055607,19.333577],[-99.055784,19.333311],[-99.055828,19.333252],[-99.055959,19.333079],[-99.056088,19.332867],[-99.056265,19.332569],[-99.056309,19.332497],[-99.056659,19.331933],[-99.056740,19.331801],[-99.056838,19.331644],[-99.056956,19.331454],[-99.056772,19.331261],[-99.056514,19.330991],[-99.056469,19.330943],[-99.056243,19.330707],[-99.056184,19.330646],[-99.055962,19.330434],[-99.055668,19.330173],[-99.055609,19.330101],[-99.055563,19.330040],[-99.055280,19.329884],[-99.054916,19.329732],[-99.054422,19.329520],[-99.054048,19.329349],[-99.053396,19.329034],[-99.053050,19.328879],[-99.052682,19.328697],[-99.052607,19.328661],[-99.052238,19.328491],[-99.051927,19.328347]]]},"properties":{"cvegeo":"0900700010084","match":"Neighborhood","name":"Insurgentes","state":"Ciudad de México","municipality":"Iztapalapa","city":"Iztapalapa","neighborhood":"Insurgentes","category":"Colonia","type":"U","postal_code":"09750","population":"513","dwellings":null,"occupied_dwellings":null,"price_m2":null,"property_price":null,"ids_prom":"386.540","nse":"D","nse_label":"D (21%)","nse_score":"3.865","nse_ab":"105","nse_cplus":"197","nse_c":"280","nse_cminus":"332","nse_dplus":"282","nse_d":"347","nse_e":"77","nse_total":"1624","nse_ab_pct":"6.50","nse_cplus_pct":"12.15","nse_c_pct":"17.27","nse_cminus_pct":"20.49","nse_dplus_pct":"17.41","nse_d_pct":"21.41","nse_e_pct":"4.77"}},{"type":"Feature","geometry":{"type":"Polygon","coordinates":[[[-98.997695,19.338689],[-98.997618,19.339061],[-98.997553,19.339435],[-98.997245,19.339396],[-98.996736,19.339303],[-98.996813,19.338894],[-98.996046,19.338759],[-98.995493,19.338693],[-98.995461,19.339091],[-98.995405,19.339496],[-98.994918,19.339439],[-98.994928,19.339609],[-98.994994,19.340287],[-98.995053,19.340532],[-98.995130,19.340645],[-98.995111,19.340747],[-98.994907,19.341006],[-98.994600,19.341337],[-98.994647,19.341415],[-98.994541,19.341757],[-98.994916,19.341845],[-98.994872,19.342380],[-98.995258,19.342343],[-98.995375,19.342362],[-98.995640,19.342527],[-98.995763,19.342660],[-98.995822,19.342866],[-98.995917,19.343495],[-98.995980,19.343760],[-98.996389,19.343760],[-98.996379,19.343855],[-98.996361,19.343990],[-98.996323,19.344119],[-98.996294,19.344343],[-98.996258,19.344495],[-98.996174,19.344844],[-98.996101,19.345218],[-98.995907,19.345187],[-98.995726,19.345879],[-98.995690,19.346273],[-98.995538,19.346843],[-98.995491,19.347178],[-98.995453,19.347496],[-98.995371,19.347831],[-98.995753,19.347913],[-98.996064,19.347977],[-98.996803,19.348142],[-98.997434,19.348277],[-98.997846,19.348338],[-98.997891,19.348344],[-98.998234,19.348406],[-98.998375,19.348430],[-98.998659,19.348480],[-98.999022,19.348541],[-98.999405,19.348611],[-98.999606,19.348642],[-99.000182,19.348738],[-99.000430,19.348785],[-99.000810,19.348856],[-99.001149,19.348925],[-99.001505,19.348997],[-99.002221,19.349148],[-99.002569,19.349218],[-99.002856,19.349271],[-99.003547,19.349394],[-99.003835,19.349458],[-99.003603,19.349085],[-99.003370,19.348742],[-99.003112,19.348566],[-99.003004,19.348391],[-99.002929,19.348131],[-99.002875,19.347796],[-99.002643,19.347475],[-99.002415,19.347467],[-99.002480,19.347268],[-99.002462,19.347088],[-99.002383,19.346747],[-99.002383,19.346445],[-99.002409,19.345702],[-99.002304,19.345705],[-99.001947,19.345732],[-99.001493,19.345738],[-99.000658,19.345756],[-99.000672,19.345905],[-99.000195,19.345945],[-99.000458,19.344853],[-99.000276,19.344804],[-99.000228,19.344760],[-99.000263,19.344440],[-99.000348,19.343542],[-99.000371,19.343388],[-99.000394,19.343032],[-99.000458,19.342662],[-99.000240,19.342630],[-99.000415,19.341830],[-99.000462,19.341765],[-99.000427,19.341683],[-99.000199,19.341647],[-99.000025,19.341622],[-98.999658,19.341557],[-98.999865,19.341207],[-98.999326,19.341068],[-98.998814,19.341051],[-98.998498,19.341044],[-98.998422,19.340961],[-98.998512,19.340235],[-98.998585,19.339784],[-98.998590,19.339411],[-98.998611,19.339100],[-98.998666,19.338760],[-98.998319,19.338733],[-98.997941,19.338707],[-98.997695,19.338689]]]},"properties":{"cvegeo":"0900700010085","match":"Neighborhood","name":"Iztlahuacan","state":"Ciudad de México","municipality":"Iztapalapa","city":"Iztapalapa","neighborhood":"Iztlahuacan","category":"Colonia","type":"U","postal_code":"09690","population":"23584","dwellings":null,"occupied_dwellings":null,"price_m2":null,"property_price":null,"ids_prom":"323.764","nse":"D","nse_label":"D (32%)","nse_score":"3.238","nse_ab":"125","nse_cplus":"322","nse_c":"503","nse_cminus":"693","nse_dplus":"895","nse_d":"1373","nse_e":"387","nse_total":"4301","nse_ab_pct":"2.92","nse_cplus_pct":"7.50","nse_c_pct":"11.70","nse_cminus_pct":"16.11","nse_dplus_pct":"20.82","nse_d_pct":"31.92","nse_e_pct":"9.01"}},{"type":"Feature","geometry":{"type":"Polygon","coordinates":[[[-99.053929,19.342115],[-99.053774,19.342119],[-99.053544,19.342125],[-99.053411,19.342138],[-99.053276,19.342148],[-99.053107,19.342156],[-99.052890,19.342163],[-99.052633,19.342178],[-99.052455,19.342187],[-99.052035,19.342235],[-99.051749,19.342271],[-99.051533,19.342299],[-99.051032,19.342363],[-99.050547,19.342425],[-99.050046,19.342488],[-99.049909,19.342506],[-99.049755,19.342525],[-99.049480,19.342404],[-99.049399,19.345316],[-99.049368,19.346786],[-99.049275,19.348906],[-99.049203,19.350673],[-99.049784,19.350729],[-99.049827,19.350733],[-99.050261,19.350770],[-99.050667,19.350804],[-99.050717,19.350943],[-99.050908,19.351206],[-99.051135,19.351255],[-99.051239,19.351266],[-99.051509,19.351321],[-99.051586,19.351337],[-99.051976,19.351417],[-99.052030,19.351428],[-99.052460,19.351516],[-99.052709,19.351567],[-99.052824,19.351186],[-99.052854,19.350999],[-99.053000,19.350308],[-99.053051,19.350063],[-99.053129,19.349819],[-99.053322,19.349004],[-99.052941,19.349019],[-99.053007,19.348706],[-99.052976,19.348649],[-99.052808,19.348616],[-99.053014,19.347743],[-99.053079,19.347738],[-99.053171,19.347576],[-99.053205,19.347385],[-99.053112,19.347149],[-99.053171,19.346898],[-99.053182,19.346852],[-99.053533,19.345437],[-99.053544,19.345417],[-99.053545,19.345390],[-99.053667,19.344892],[-99.053687,19.344873],[-99.053836,19.344915],[-99.054075,19.344978],[-99.054080,19.344954],[-99.054188,19.344441],[-99.054199,19.344404],[-99.054214,19.344353],[-99.054340,19.343829],[-99.054404,19.343821],[-99.054508,19.343854],[-99.054635,19.343270],[-99.054660,19.343168],[-99.054731,19.343000],[-99.054811,19.342916],[-99.054901,19.342910],[-99.056040,19.343201],[-99.056687,19.343359],[-99.057574,19.343575],[-99.057655,19.343248],[-99.057268,19.343084],[-99.056803,19.342887],[-99.056334,19.342688],[-99.056005,19.342551],[-99.055963,19.342534],[-99.055869,19.342495],[-99.055491,19.342374],[-99.055421,19.342352],[-99.055012,19.342255],[-99.054604,19.342172],[-99.054434,19.342161],[-99.053929,19.342115]]]},"properties":{"cvegeo":"0900700010086","match":"Neighborhood","name":"Jacarandas","state":"Ciudad de México","municipality":"Iztapalapa","city":"Iztapalapa","neighborhood":"Jacarandas","category":"Colonia","type":"U","postal_code":"09280","population":"1468","dwellings":null,"occupied_dwellings":null,"price_m2":null,"property_price":null,"ids_prom":"429.586","nse":"C-","nse_label":"C- (19%)","nse_score":"4.296","nse_ab":"173","nse_cplus":"276","nse_c":"309","nse_cminus":"316","nse_dplus":"250","nse_d":"267","nse_e":"38","nse_total":"1634","nse_ab_pct":"10.64","nse_cplus_pct":"16.95","nse_c_pct":"18.97","nse_cminus_pct":"19.39","nse_dplus_pct":"15.31","nse_d_pct":"16.38","nse_e_pct":"2.38"}},{"type":"Feature","geometry":{"type":"Polygon","coordinates":[[[-99.105762,19.373309],[-99.105565,19.374121],[-99.105402,19.374711],[-99.104954,19.374619],[-99.104602,19.376045],[-99.105076,19.376107],[-99.105559,19.376193],[-99.106028,19.376250],[-99.106503,19.376322],[-99.106974,19.376393],[-99.107425,19.376463],[-99.107898,19.376520],[-99.108380,19.376604],[-99.108759,19.376672],[-99.108425,19.375483],[-99.108377,19.375338],[-99.108074,19.374615],[-99.107864,19.373931],[-99.107884,19.373431],[-99.107482,19.373420],[-99.107097,19.373401],[-99.106967,19.373394],[-99.106740,19.373380],[-99.106248,19.373345],[-99.105762,19.373309]]]},"properties":{"cvegeo":"0900700010087","match":"Neighborhood","name":"Jardines de Churubusco","state":"Ciudad de México","municipality":"Iztapalapa","city":"Iztapalapa","neighborhood":"Jardines de Churubusco","category":"Colonia","type":"U","postal_code":"09410","population":"3690","dwellings":null,"occupied_dwellings":null,"price_m2":null,"property_price":null,"ids_prom":"424.052","nse":"D","nse_label":"D (19%)","nse_score":"4.241","nse_ab":"72","nse_cplus":"93","nse_c":"86","nse_cminus":"91","nse_dplus":"70","nse_d":"103","nse_e":"28","nse_total":"545","nse_ab_pct":"13.37","nse_cplus_pct":"17.16","nse_c_pct":"15.80","nse_cminus_pct":"16.71","nse_dplus_pct":"12.92","nse_d_pct":"18.89","nse_e_pct":"5.16"}},{"type":"Feature","geometry":{"type":"Polygon","coordinates":[[[-99.077155,19.292875],[-99.073893,19.293672],[-99.073580,19.293754],[-99.072839,19.293938],[-99.071714,19.294215],[-99.071593,19.294668],[-99.071485,19.295106],[-99.071360,19.295530],[-99.071249,19.295945],[-99.071122,19.296411],[-99.071010,19.296846],[-99.070885,19.297280],[-99.070766,19.297726],[-99.070644,19.298151],[-99.070530,19.298581],[-99.070418,19.299023],[-99.071842,19.299157],[-99.074385,19.299370],[-99.074562,19.298954],[-99.074626,19.298807],[-99.074812,19.298390],[-99.074973,19.297963],[-99.075007,19.297900],[-99.075167,19.297543],[-99.075361,19.297085],[-99.075392,19.297023],[-99.075547,19.296692],[-99.075560,19.296664],[-99.075565,19.296652],[-99.075728,19.296253],[-99.075899,19.295851],[-99.075938,19.295769],[-99.076079,19.295417],[-99.076259,19.295001],[-99.076306,19.294895],[-99.076452,19.294569],[-99.076635,19.294134],[-99.076682,19.294012],[-99.077155,19.292875]]]},"properties":{"cvegeo":"0900700010088","match":"Neighborhood","name":"Jardines de San Lorenzo Tezonco","state":"Ciudad de México","municipality":"Iztapalapa","city":"Iztapalapa","neighborhood":"Jardines de San Lorenzo Tezonco","category":"Colonia","type":"U","postal_code":"09940","population":"2327","dwellings":null,"occupied_dwellings":null,"price_m2":null,"property_price":null,"ids_prom":"380.057","nse":"D","nse_label":"D (25%)","nse_score":"3.801","nse_ab":"130","nse_cplus":"232","nse_c":"289","nse_cminus":"325","nse_dplus":"295","nse_d":"458","nse_e":"99","nse_total":"1831","nse_ab_pct":"7.11","nse_cplus_pct":"12.71","nse_c_pct":"15.81","nse_cminus_pct":"17.77","nse_dplus_pct":"16.14","nse_d_pct":"25.02","nse_e_pct":"5.44"}},{"type":"Feature","geometry":{"type":"Polygon","coordinates":[[[-99.083168,19.299652],[-99.083080,19.299751],[-99.082949,19.299883],[-99.082736,19.300152],[-99.082485,19.300468],[-99.082249,19.300764],[-99.081955,19.301135],[-99.081883,19.301226],[-99.081657,19.301510],[-99.081355,19.301891],[-99.081070,19.302259],[-99.080969,19.302386],[-99.080815,19.302576],[-99.080589,19.302851],[-99.080342,19.303158],[-99.080112,19.303432],[-99.080014,19.303548],[-99.079892,19.303701],[-99.079354,19.304379],[-99.079285,19.304467],[-99.079101,19.304698],[-99.078972,19.304861],[-99.078179,19.305861],[-99.078076,19.305993],[-99.077259,19.307039],[-99.077131,19.307203],[-99.076494,19.308018],[-99.076326,19.308233],[-99.076520,19.308375],[-99.076574,19.308413],[-99.076898,19.308649],[-99.076917,19.308663],[-99.077219,19.308883],[-99.077278,19.308926],[-99.077529,19.309108],[-99.077664,19.309206],[-99.077838,19.309333],[-99.078049,19.309486],[-99.078163,19.309569],[-99.078415,19.309752],[-99.078481,19.309801],[-99.078639,19.309915],[-99.078810,19.310040],[-99.079111,19.310259],[-99.079275,19.310378],[-99.079451,19.310506],[-99.079632,19.310638],[-99.079753,19.310726],[-99.079995,19.310902],[-99.080071,19.310957],[-99.080388,19.311187],[-99.080711,19.311423],[-99.080726,19.311434],[-99.081048,19.311667],[-99.081995,19.310507],[-99.082496,19.309867],[-99.082944,19.309330],[-99.083818,19.308255],[-99.083878,19.308180],[-99.084806,19.307016],[-99.085768,19.305879],[-99.086872,19.304522],[-99.087198,19.304166],[-99.087185,19.304150],[-99.086718,19.303795],[-99.086292,19.303604],[-99.086158,19.303504],[-99.085875,19.303191],[-99.085625,19.302889],[-99.085384,19.302591],[-99.085133,19.302270],[-99.084857,19.301981],[-99.084585,19.301663],[-99.084472,19.301515],[-99.084358,19.301367],[-99.084113,19.301040],[-99.083844,19.300724],[-99.083591,19.300410],[-99.083372,19.300079],[-99.083168,19.299652]]]},"properties":{"cvegeo":"0900700010089","match":"Neighborhood","name":"José López Portillo","state":"Ciudad de México","municipality":"Iztapalapa","city":"Iztapalapa","neighborhood":"José López Portillo","category":"Colonia","type":"U","postal_code":"09920","population":"5442","dwellings":null,"occupied_dwellings":null,"price_m2":null,"property_price":null,"ids_prom":"331.738","nse":"D","nse_label":"D (31%)","nse_score":"3.317","nse_ab":"200","nse_cplus":"478","nse_c":"777","nse_cminus":"1114","nse_dplus":"1343","nse_d":"1944","nse_e":"476","nse_total":"6335","nse_ab_pct":"3.17","nse_cplus_pct":"7.56","nse_c_pct":"12.27","nse_cminus_pct":"17.58","nse_dplus_pct":"21.21","nse_d_pct":"30.70","nse_e_pct":"7.52"}},{"type":"Feature","geometry":{"type":"Polygon","coordinates":[[[-99.028726,19.372134],[-99.027914,19.372885],[-99.027686,19.372663],[-99.027429,19.372424],[-99.026814,19.372922],[-99.026750,19.372980],[-99.025928,19.373671],[-99.025617,19.374477],[-99.025587,19.374556],[-99.025537,19.374957],[-99.025808,19.375022],[-99.025997,19.374998],[-99.026649,19.374382],[-99.027139,19.373961],[-99.027260,19.374174],[-99.027439,19.374433],[-99.027830,19.374312],[-99.027847,19.374288],[-99.027947,19.374151],[-99.027968,19.374122],[-99.028150,19.373973],[-99.028404,19.373809],[-99.028512,19.373728],[-99.028628,19.373633],[-99.028139,19.373113],[-99.028910,19.372343],[-99.028726,19.372134]]]},"properties":{"cvegeo":"0900700010090","match":"Neighborhood","name":"José María Morelos y Pavón","state":"Ciudad de México","municipality":"Iztapalapa","city":"Iztapalapa","neighborhood":"José María Morelos y Pavón","category":"Colonia","type":"U","postal_code":"09230","population":"6440","dwellings":null,"occupied_dwellings":null,"price_m2":null,"property_price":null,"ids_prom":"356.345","nse":"D","nse_label":"D (29%)","nse_score":"3.564","nse_ab":"7","nse_cplus":"19","nse_c":"33","nse_cminus":"41","nse_dplus":"41","nse_d":"62","nse_e":"7","nse_total":"213","nse_ab_pct":"3.63","nse_cplus_pct":"9.17","nse_c_pct":"15.47","nse_cminus_pct":"19.48","nse_dplus_pct":"19.59","nse_d_pct":"29.19","nse_e_pct":"3.47"}},{"type":"Feature","geometry":{"type":"Polygon","coordinates":[[[-99.030753,19.382273],[-99.030567,19.382564],[-99.030337,19.382912],[-99.030024,19.383384],[-99.029710,19.383850],[-99.029397,19.384316],[-99.029095,19.384767],[-99.028765,19.385253],[-99.028474,19.385715],[-99.028166,19.386170],[-99.027863,19.386626],[-99.027667,19.386935],[-99.027928,19.387053],[-99.028297,19.387219],[-99.028690,19.387396],[-99.028719,19.387409],[-99.029069,19.387567],[-99.029072,19.387568],[-99.029074,19.387569],[-99.029074,19.387569],[-99.029075,19.387569],[-99.029076,19.387570],[-99.029077,19.387570],[-99.029078,19.387570],[-99.029078,19.387571],[-99.029486,19.387754],[-99.029869,19.387927],[-99.029954,19.387965],[-99.030284,19.388114],[-99.030667,19.388286],[-99.030807,19.388349],[-99.031041,19.388457],[-99.031420,19.388631],[-99.031489,19.388663],[-99.031893,19.388849],[-99.032279,19.389027],[-99.032670,19.389206],[-99.032884,19.389305],[-99.033063,19.389387],[-99.033454,19.389567],[-99.033631,19.389649],[-99.033853,19.389750],[-99.034590,19.390090],[-99.034627,19.390107],[-99.034911,19.390238],[-99.035320,19.390426],[-99.035724,19.390611],[-99.035748,19.390623],[-99.036153,19.390809],[-99.036348,19.390899],[-99.036500,19.390969],[-99.036944,19.391173],[-99.037130,19.391258],[-99.037317,19.391344],[-99.037714,19.391527],[-99.038105,19.391707],[-99.038190,19.391746],[-99.038503,19.391890],[-99.038504,19.391891],[-99.038505,19.391891],[-99.038889,19.392068],[-99.039289,19.392252],[-99.039500,19.392349],[-99.039718,19.392450],[-99.039932,19.392548],[-99.040027,19.392592],[-99.040150,19.392648],[-99.040446,19.392785],[-99.040825,19.392959],[-99.040853,19.392972],[-99.041204,19.393133],[-99.041607,19.393319],[-99.041764,19.393390],[-99.041833,19.393422],[-99.042178,19.393579],[-99.042275,19.393623],[-99.042276,19.393623],[-99.042277,19.393623],[-99.042280,19.393625],[-99.042285,19.393627],[-99.042699,19.393815],[-99.043068,19.393983],[-99.043254,19.394068],[-99.043483,19.394172],[-99.043905,19.394364],[-99.044329,19.394557],[-99.044474,19.394623],[-99.044597,19.394678],[-99.044724,19.394736],[-99.045250,19.394973],[-99.045675,19.395164],[-99.045788,19.395215],[-99.046314,19.395452],[-99.046866,19.395701],[-99.047039,19.395779],[-99.047397,19.395940],[-99.047785,19.396115],[-99.047896,19.396166],[-99.047912,19.396173],[-99.048009,19.396218],[-99.048153,19.396284],[-99.048453,19.396421],[-99.048848,19.396602],[-99.049153,19.396742],[-99.049248,19.396785],[-99.049639,19.396965],[-99.050111,19.397181],[-99.050508,19.397363],[-99.050659,19.397431],[-99.050870,19.397527],[-99.051318,19.397730],[-99.051399,19.397766],[-99.051861,19.397975],[-99.052460,19.398247],[-99.052571,19.398297],[-99.052906,19.398449],[-99.053320,19.398639],[-99.053792,19.398856],[-99.053929,19.398918],[-99.054178,19.399032],[-99.054909,19.399366],[-99.054909,19.399366],[-99.054909,19.399366],[-99.054909,19.399366],[-99.054961,19.399389],[-99.055571,19.399640],[-99.056113,19.399862],[-99.056301,19.399939],[-99.057611,19.400477],[-99.057932,19.400609],[-99.058136,19.400692],[-99.058133,19.400720],[-99.058268,19.400736],[-99.058318,19.400281],[-99.058354,19.399956],[-99.058374,19.399777],[-99.058512,19.398612],[-99.058558,19.398294],[-99.058558,19.398224],[-99.057627,19.397756],[-99.056864,19.397293],[-99.056568,19.397136],[-99.056450,19.397069],[-99.055936,19.396685],[-99.055633,19.396513],[-99.055392,19.396375],[-99.054848,19.396065],[-99.054212,19.395702],[-99.053695,19.395408],[-99.053108,19.395073],[-99.052610,19.394789],[-99.052337,19.394633],[-99.051961,19.394419],[-99.051557,19.394189],[-99.050989,19.393865],[-99.050584,19.393634],[-99.050064,19.393338],[-99.049898,19.393243],[-99.049600,19.393073],[-99.048982,19.392721],[-99.048509,19.392452],[-99.048240,19.392298],[-99.047734,19.392010],[-99.046698,19.391419],[-99.046331,19.391210],[-99.045950,19.390993],[-99.045402,19.390681],[-99.044920,19.390406],[-99.044508,19.390171],[-99.043788,19.389760],[-99.043148,19.389395],[-99.042790,19.389192],[-99.042495,19.389024],[-99.041475,19.388442],[-99.040901,19.388115],[-99.039606,19.387376],[-99.038322,19.386644],[-99.037005,19.385895],[-99.035626,19.385095],[-99.034235,19.384289],[-99.033085,19.383623],[-99.032074,19.383038],[-99.030753,19.382273]]]},"properties":{"cvegeo":"0900700010091","match":"Neighborhood","name":"Juan Escutia","state":"Ciudad de México","municipality":"Iztapalapa","city":"Iztapalapa","neighborhood":"Juan Escutia","category":"Colonia","type":"U","postal_code":"09100","population":"1904","dwellings":null,"occupied_dwellings":null,"price_m2":null,"property_price":null,"ids_prom":"420.775","nse":"C-","nse_label":"C- (19%)","nse_score":"4.208","nse_ab":"745","nse_cplus":"1162","nse_c":"1381","nse_cminus":"1412","nse_dplus":"1274","nse_d":"1265","nse_e":"196","nse_total":"7439","nse_ab_pct":"10.03","nse_cplus_pct":"15.63","nse_c_pct":"18.57","nse_cminus_pct":"18.99","nse_dplus_pct":"17.13","nse_d_pct":"17.00","nse_e_pct":"2.64"}},{"type":"Feature","geometry":{"type":"Polygon","coordinates":[[[-99.134610,19.359009],[-99.134276,19.361008],[-99.134218,19.361292],[-99.133919,19.363048],[-99.133718,19.364308],[-99.133673,19.364530],[-99.133627,19.364683],[-99.133417,19.365976],[-99.133311,19.366634],[-99.134630,19.366813],[-99.136382,19.367041],[-99.136701,19.365269],[-99.136066,19.365159],[-99.136034,19.365159],[-99.135461,19.365067],[-99.135450,19.365066],[-99.134828,19.364963],[-99.135124,19.363192],[-99.135387,19.361524],[-99.135404,19.361433],[-99.135458,19.361138],[-99.135478,19.361038],[-99.135785,19.359136],[-99.135545,19.359109],[-99.135260,19.359078],[-99.135193,19.359069],[-99.134610,19.359009]]]},"properties":{"cvegeo":"0900700010092","match":"Neighborhood","name":"Justo Sierra","state":"Ciudad de México","municipality":"Iztapalapa","city":"Iztapalapa","neighborhood":"Justo Sierra","category":"Colonia","type":"U","postal_code":"09460","population":"1721","dwellings":null,"occupied_dwellings":null,"price_m2":null,"property_price":null,"ids_prom":"510.255","nse":"C+","nse_label":"C+ (28%)","nse_score":"5.103","nse_ab":"114","nse_cplus":"150","nse_c":"102","nse_cminus":"76","nse_dplus":"55","nse_d":"43","nse_e":"0","nse_total":"543","nse_ab_pct":"21.09","nse_cplus_pct":"27.62","nse_c_pct":"18.80","nse_cminus_pct":"14.08","nse_dplus_pct":"10.17","nse_d_pct":"7.95","nse_e_pct":"0.17"}},{"type":"Feature","geometry":{"type":"Polygon","coordinates":[[[-99.069396,19.353433],[-99.069622,19.353660],[-99.069953,19.354004],[-99.069691,19.354832],[-99.069235,19.356318],[-99.068784,19.357726],[-99.068307,19.359203],[-99.067949,19.360283],[-99.067492,19.361772],[-99.067328,19.361752],[-99.067027,19.363315],[-99.066989,19.363536],[-99.066915,19.364071],[-99.066852,19.364102],[-99.066833,19.364228],[-99.066954,19.364255],[-99.067305,19.364381],[-99.067625,19.364558],[-99.068308,19.364967],[-99.068490,19.365218],[-99.069516,19.365371],[-99.070245,19.365404],[-99.071214,19.365475],[-99.072008,19.365530],[-99.072485,19.365604],[-99.072859,19.365674],[-99.072929,19.365687],[-99.073436,19.365784],[-99.074008,19.365893],[-99.074512,19.365989],[-99.074585,19.366003],[-99.074522,19.364341],[-99.074511,19.364053],[-99.074458,19.362454],[-99.074456,19.362339],[-99.074467,19.360837],[-99.074422,19.360285],[-99.074419,19.360257],[-99.074409,19.360146],[-99.074400,19.360045],[-99.074371,19.359720],[-99.074309,19.359359],[-99.074136,19.358916],[-99.073899,19.358392],[-99.073724,19.358087],[-99.073000,19.357273],[-99.072605,19.356862],[-99.072133,19.356407],[-99.072448,19.355326],[-99.072605,19.354708],[-99.072098,19.354532],[-99.071478,19.354299],[-99.071548,19.353932],[-99.069396,19.353433]]]},"properties":{"cvegeo":"0900700010093","match":"Neighborhood","name":"Leyes de Reforma Primera Sección","state":"Ciudad de México","municipality":"Iztapalapa","city":"Iztapalapa","neighborhood":"Leyes de Reforma Primera Sección","category":"Colonia","type":"U","postal_code":"09310","population":"2281","dwellings":null,"occupied_dwellings":null,"price_m2":null,"property_price":null,"ids_prom":"392.298","nse":"D","nse_label":"D (22%)","nse_score":"3.923","nse_ab":"201","nse_cplus":"409","nse_c":"540","nse_cminus":"612","nse_dplus":"530","nse_d":"688","nse_e":"98","nse_total":"3082","nse_ab_pct":"6.55","nse_cplus_pct":"13.30","nse_c_pct":"17.53","nse_cminus_pct":"19.86","nse_dplus_pct":"17.22","nse_d_pct":"22.35","nse_e_pct":"3.19"}},{"type":"Feature","geometry":{"type":"Polygon","coordinates":[[[-99.067776,19.365111],[-99.067661,19.365136],[-99.067613,19.365173],[-99.067569,19.365266],[-99.067368,19.366254],[-99.067215,19.366265],[-99.067114,19.366477],[-99.066947,19.366821],[-99.066296,19.368238],[-99.065615,19.369690],[-99.064906,19.371199],[-99.064295,19.372572],[-99.064810,19.372532],[-99.065262,19.372492],[-99.065699,19.372455],[-99.066119,19.372417],[-99.066193,19.372408],[-99.066565,19.372379],[-99.066991,19.372343],[-99.067095,19.372331],[-99.067440,19.372304],[-99.067904,19.372266],[-99.068023,19.372257],[-99.068110,19.372283],[-99.068330,19.371760],[-99.068999,19.370330],[-99.069695,19.368845],[-99.069848,19.368499],[-99.070352,19.367381],[-99.070653,19.366720],[-99.070962,19.366053],[-99.071214,19.365475],[-99.070245,19.365404],[-99.069516,19.365371],[-99.068490,19.365218],[-99.068311,19.365179],[-99.067776,19.365111]]]},"properties":{"cvegeo":"0900700010094","match":"Neighborhood","name":"Leyes de Reforma Segunda Sección","state":"Ciudad de México","municipality":"Iztapalapa","city":"Iztapalapa","neighborhood":"Leyes de Reforma Segunda Sección","category":"Colonia","type":"U","postal_code":"09310","population":"476","dwellings":null,"occupied_dwellings":null,"price_m2":null,"property_price":null,"ids_prom":"391.071","nse":"D","nse_label":"D (23%)","nse_score":"3.911","nse_ab":"83","nse_cplus":"153","nse_c":"173","nse_cminus":"190","nse_dplus":"162","nse_d":"249","nse_e":"55","nse_total":"1069","nse_ab_pct":"7.81","nse_cplus_pct":"14.39","nse_c_pct":"16.26","nse_cminus_pct":"17.82","nse_dplus_pct":"15.21","nse_d_pct":"23.34","nse_e_pct":"5.17"}},{"type":"Feature","geometry":{"type":"Polygon","coordinates":[[[-99.071784,19.372259],[-99.071736,19.372259],[-99.071519,19.372265],[-99.071231,19.372327],[-99.070708,19.372542],[-99.070533,19.372626],[-99.069881,19.372913],[-99.069634,19.373021],[-99.069188,19.373218],[-99.069080,19.373264],[-99.068617,19.373482],[-99.068535,19.373517],[-99.067578,19.373931],[-99.067472,19.373978],[-99.067220,19.374086],[-99.067045,19.374162],[-99.066712,19.374291],[-99.066540,19.374355],[-99.066010,19.374565],[-99.065739,19.374665],[-99.065508,19.374745],[-99.065002,19.374905],[-99.064824,19.374963],[-99.064540,19.375057],[-99.064045,19.375186],[-99.063899,19.375216],[-99.063591,19.375273],[-99.062968,19.375361],[-99.062051,19.375394],[-99.062008,19.375615],[-99.061973,19.375816],[-99.061944,19.375979],[-99.061909,19.376179],[-99.061594,19.377803],[-99.061456,19.378530],[-99.061308,19.379317],[-99.061132,19.380183],[-99.061014,19.380842],[-99.060880,19.381825],[-99.060932,19.382203],[-99.060848,19.382588],[-99.061526,19.382696],[-99.062392,19.382850],[-99.063249,19.382996],[-99.063660,19.383072],[-99.064126,19.383143],[-99.064998,19.383307],[-99.065835,19.383461],[-99.066366,19.383537],[-99.066735,19.383717],[-99.066851,19.383456],[-99.067589,19.383589],[-99.068591,19.383752],[-99.069492,19.383896],[-99.070365,19.384036],[-99.071047,19.384172],[-99.071226,19.384201],[-99.071802,19.384305],[-99.072068,19.384346],[-99.072194,19.384353],[-99.072886,19.384099],[-99.073051,19.384039],[-99.073995,19.383710],[-99.074257,19.383618],[-99.074882,19.383400],[-99.075827,19.384065],[-99.076106,19.383026],[-99.076398,19.381882],[-99.076474,19.381588],[-99.076835,19.380401],[-99.076907,19.380166],[-99.077314,19.378809],[-99.077783,19.377224],[-99.078140,19.376007],[-99.078214,19.375741],[-99.078499,19.374766],[-99.078699,19.374078],[-99.077684,19.373809],[-99.077156,19.373671],[-99.076821,19.373583],[-99.075980,19.373361],[-99.075889,19.373338],[-99.075377,19.373199],[-99.075119,19.373129],[-99.074921,19.373075],[-99.074470,19.372955],[-99.074305,19.372911],[-99.073816,19.372781],[-99.073444,19.372683],[-99.073266,19.372636],[-99.072930,19.372548],[-99.072602,19.372461],[-99.072353,19.372396],[-99.071784,19.372259]]]},"properties":{"cvegeo":"0900700010095","match":"Neighborhood","name":"Leyes de Reforma Tercera Sección","state":"Ciudad de México","municipality":"Iztapalapa","city":"Iztapalapa","neighborhood":"Leyes de Reforma Tercera Sección","category":"Colonia","type":"U","postal_code":"09310","population":"2486","dwellings":null,"occupied_dwellings":null,"price_m2":null,"property_price":null,"ids_prom":"368.443","nse":"D","nse_label":"D (27%)","nse_score":"3.684","nse_ab":"523","nse_cplus":"872","nse_c":"1095","nse_cminus":"1241","nse_dplus":"1216","nse_d":"2015","nse_e":"506","nse_total":"7471","nse_ab_pct":"7.00","nse_cplus_pct":"11.67","nse_c_pct":"14.67","nse_cminus_pct":"16.62","nse_dplus_pct":"16.28","nse_d_pct":"26.98","nse_e_pct":"6.78"}},{"type":"Feature","geometry":{"type":"Polygon","coordinates":[[[-99.013895,19.328179],[-99.013850,19.328311],[-99.013588,19.328645],[-99.013123,19.328752],[-99.012698,19.328883],[-99.012456,19.329114],[-99.012195,19.329299],[-99.011957,19.329354],[-99.011715,19.329358],[-99.011548,19.329293],[-99.011327,19.329329],[-99.011316,19.329507],[-99.011276,19.329584],[-99.011122,19.329684],[-99.011085,19.329744],[-99.011662,19.329755],[-99.011816,19.329736],[-99.011615,19.329935],[-99.011598,19.330142],[-99.011593,19.330827],[-99.011748,19.331434],[-99.011694,19.331598],[-99.011499,19.332461],[-99.011428,19.332832],[-99.011274,19.333246],[-99.011027,19.333374],[-99.010681,19.333353],[-99.010460,19.333340],[-99.010373,19.333454],[-99.010335,19.333750],[-99.007534,19.332610],[-99.007168,19.332355],[-99.006599,19.331976],[-99.006348,19.330122],[-99.006166,19.330038],[-99.005067,19.329618],[-99.004973,19.329749],[-99.004942,19.329804],[-99.004907,19.329955],[-99.004850,19.330165],[-99.004726,19.330447],[-99.004607,19.330671],[-99.004539,19.330813],[-99.004412,19.331009],[-99.004334,19.331160],[-99.004304,19.331200],[-99.004267,19.331297],[-99.004221,19.331452],[-99.004143,19.331709],[-99.004037,19.332045],[-99.004484,19.332391],[-99.004567,19.332543],[-99.004922,19.333078],[-99.005065,19.333267],[-99.005159,19.333473],[-99.005210,19.333550],[-99.005348,19.333779],[-99.005518,19.334089],[-99.005580,19.334373],[-99.005682,19.334483],[-99.005979,19.334903],[-99.006146,19.335100],[-99.006263,19.335197],[-99.006430,19.335288],[-99.006619,19.335316],[-99.006615,19.335599],[-99.005924,19.335779],[-99.005940,19.335599],[-99.004681,19.335679],[-99.004716,19.336008],[-99.004504,19.335885],[-99.004268,19.335982],[-99.003835,19.336092],[-99.003429,19.336085],[-99.002943,19.336391],[-99.002579,19.336332],[-99.002385,19.336354],[-99.002113,19.336582],[-99.001852,19.337942],[-99.002237,19.337958],[-99.002220,19.338084],[-99.002149,19.338470],[-99.002506,19.338511],[-99.002597,19.338147],[-99.002906,19.338305],[-99.003271,19.338507],[-99.003380,19.338562],[-99.003608,19.338650],[-99.003829,19.338741],[-99.003915,19.338778],[-99.003839,19.339083],[-99.003745,19.339508],[-99.003739,19.339987],[-99.003564,19.340544],[-99.003589,19.341015],[-99.004022,19.340985],[-99.004715,19.341019],[-99.004725,19.340910],[-99.005059,19.340940],[-99.005064,19.341156],[-99.005045,19.341385],[-99.005429,19.341382],[-99.005694,19.341392],[-99.005914,19.341397],[-99.006502,19.341409],[-99.006858,19.341417],[-99.007384,19.341417],[-99.007284,19.341139],[-99.007434,19.341078],[-99.007833,19.341427],[-99.008172,19.341251],[-99.008692,19.341636],[-99.009063,19.341834],[-99.009075,19.341629],[-99.009223,19.341127],[-99.009366,19.340790],[-99.009485,19.340450],[-99.009599,19.340252],[-99.009696,19.339922],[-99.009774,19.339563],[-99.010293,19.339704],[-99.011132,19.339938],[-99.011272,19.339819],[-99.011889,19.339890],[-99.011942,19.340101],[-99.012597,19.340094],[-99.013022,19.340079],[-99.013454,19.340274],[-99.013515,19.340232],[-99.013618,19.340124],[-99.013859,19.339903],[-99.014220,19.339600],[-99.014375,19.339448],[-99.014456,19.339361],[-99.015028,19.339047],[-99.015049,19.338901],[-99.015082,19.338755],[-99.015390,19.338821],[-99.015369,19.338514],[-99.015355,19.338350],[-99.015226,19.337306],[-99.015209,19.336807],[-99.014862,19.336566],[-99.014642,19.336428],[-99.014560,19.336368],[-99.014345,19.336211],[-99.014137,19.336059],[-99.014311,19.335729],[-99.014607,19.335216],[-99.014915,19.334749],[-99.015005,19.334600],[-99.015062,19.334519],[-99.015081,19.334432],[-99.014953,19.334094],[-99.014783,19.333783],[-99.014658,19.333692],[-99.014661,19.333343],[-99.014670,19.333110],[-99.014939,19.333066],[-99.014696,19.332413],[-99.014717,19.332208],[-99.014754,19.332041],[-99.014889,19.332022],[-99.014959,19.331755],[-99.015056,19.331566],[-99.014737,19.331355],[-99.014645,19.331266],[-99.014601,19.331188],[-99.014490,19.330943],[-99.014385,19.330723],[-99.014411,19.330447],[-99.014432,19.330083],[-99.014444,19.329884],[-99.014420,19.329733],[-99.014436,19.329397],[-99.014455,19.329057],[-99.014451,19.328973],[-99.014437,19.328927],[-99.014623,19.328466],[-99.014144,19.328336],[-99.014161,19.328268],[-99.013895,19.328179]]]},"properties":{"cvegeo":"0900700010096","match":"Neighborhood","name":"Lomas de la Estancia","state":"Ciudad de México","municipality":"Iztapalapa","city":"Iztapalapa","neighborhood":"Lomas de la Estancia","category":"Colonia","type":"U","postal_code":"09640","population":"3890","dwellings":null,"occupied_dwellings":null,"price_m2":null,"property_price":null,"ids_prom":"321.914","nse":"D","nse_label":"D (33%)","nse_score":"3.219","nse_ab":"191","nse_cplus":"452","nse_c":"679","nse_cminus":"971","nse_dplus":"1077","nse_d":"1935","nse_e":"611","nse_total":"5920","nse_ab_pct":"3.24","nse_cplus_pct":"7.64","nse_c_pct":"11.48","nse_cminus_pct":"16.41","nse_dplus_pct":"18.20","nse_d_pct":"32.70","nse_e_pct":"10.33"}},{"type":"Feature","geometry":{"type":"Polygon","coordinates":[[[-99.060895,19.312150],[-99.060601,19.312527],[-99.060462,19.312705],[-99.060192,19.312946],[-99.059932,19.313272],[-99.059705,19.313559],[-99.059463,19.313845],[-99.059226,19.314133],[-99.059000,19.314424],[-99.058772,19.314746],[-99.058576,19.315061],[-99.058447,19.315000],[-99.057566,19.313881],[-99.056583,19.313195],[-99.055799,19.314076],[-99.055747,19.314135],[-99.056199,19.314634],[-99.056122,19.314751],[-99.057921,19.315906],[-99.057692,19.316210],[-99.057460,19.316510],[-99.057228,19.316807],[-99.057101,19.316974],[-99.056914,19.317243],[-99.056800,19.317402],[-99.057186,19.317645],[-99.057518,19.317838],[-99.057395,19.317999],[-99.057776,19.318285],[-99.058193,19.318586],[-99.057922,19.318919],[-99.057761,19.319113],[-99.057686,19.319203],[-99.057442,19.319496],[-99.057696,19.319684],[-99.057955,19.319881],[-99.058199,19.320050],[-99.058437,19.320229],[-99.058581,19.320332],[-99.058693,19.320423],[-99.058965,19.320635],[-99.058912,19.320703],[-99.060480,19.321829],[-99.060536,19.321764],[-99.061165,19.322226],[-99.061945,19.322778],[-99.062101,19.322880],[-99.062443,19.323125],[-99.062822,19.323386],[-99.063230,19.323694],[-99.063398,19.323819],[-99.063593,19.323964],[-99.063718,19.324058],[-99.063537,19.324480],[-99.063581,19.324606],[-99.064558,19.325016],[-99.065104,19.325246],[-99.066008,19.325613],[-99.066962,19.326001],[-99.068469,19.326683],[-99.068890,19.326873],[-99.069188,19.326438],[-99.069386,19.326176],[-99.069527,19.326005],[-99.069693,19.325803],[-99.069990,19.325434],[-99.070197,19.325170],[-99.070211,19.325154],[-99.070456,19.324860],[-99.070728,19.324528],[-99.071002,19.324202],[-99.071263,19.323886],[-99.071495,19.323602],[-99.071650,19.323418],[-99.072375,19.322530],[-99.071965,19.322365],[-99.071119,19.321983],[-99.071354,19.321427],[-99.071535,19.320998],[-99.071713,19.320576],[-99.071874,19.320195],[-99.072026,19.319834],[-99.072121,19.319609],[-99.072167,19.319495],[-99.072280,19.319195],[-99.072395,19.318911],[-99.072507,19.318627],[-99.072624,19.318349],[-99.072726,19.318093],[-99.072903,19.317680],[-99.072936,19.317588],[-99.072966,19.317527],[-99.073036,19.317344],[-99.073384,19.316536],[-99.072921,19.316142],[-99.072602,19.315874],[-99.072286,19.315601],[-99.071749,19.315145],[-99.071128,19.314632],[-99.070961,19.314491],[-99.070671,19.314249],[-99.070256,19.313913],[-99.070018,19.313680],[-99.069819,19.313763],[-99.069761,19.314851],[-99.069751,19.315045],[-99.069693,19.315221],[-99.069639,19.315337],[-99.069469,19.315491],[-99.069238,19.315589],[-99.069061,19.315653],[-99.068935,19.315683],[-99.068733,19.315679],[-99.068505,19.315696],[-99.068328,19.315696],[-99.068216,19.315701],[-99.068028,19.315695],[-99.067761,19.315687],[-99.067438,19.315655],[-99.067258,19.315641],[-99.066764,19.315595],[-99.066714,19.315595],[-99.066397,19.315599],[-99.066368,19.315599],[-99.066090,19.315634],[-99.065585,19.315683],[-99.065635,19.315457],[-99.064571,19.315190],[-99.064443,19.315305],[-99.064200,19.315525],[-99.063817,19.315873],[-99.060758,19.315149],[-99.060670,19.315122],[-99.060730,19.315050],[-99.060981,19.314796],[-99.061237,19.314535],[-99.061503,19.314276],[-99.061825,19.313954],[-99.061175,19.313341],[-99.061276,19.313195],[-99.061608,19.312710],[-99.061754,19.312494],[-99.060895,19.312150]]]},"properties":{"cvegeo":"0900700010097","match":"Neighborhood","name":"Lomas de San Lorenzo","state":"Ciudad de México","municipality":"Iztapalapa","city":"Iztapalapa","neighborhood":"Lomas de San Lorenzo","category":"Colonia","type":"U","postal_code":"09780","population":"5025","dwellings":null,"occupied_dwellings":null,"price_m2":null,"property_price":null,"ids_prom":"369.791","nse":"D","nse_label":"D (25%)","nse_score":"3.698","nse_ab":"446","nse_cplus":"850","nse_c":"1139","nse_cminus":"1346","nse_dplus":"1348","nse_d":"1879","nse_e":"441","nse_total":"7452","nse_ab_pct":"5.99","nse_cplus_pct":"11.41","nse_c_pct":"15.29","nse_cminus_pct":"18.07","nse_dplus_pct":"18.10","nse_d_pct":"25.21","nse_e_pct":"5.92"}},{"type":"Feature","geometry":{"type":"Polygon","coordinates":[[[-99.037273,19.325973],[-99.037114,19.325994],[-99.036973,19.326009],[-99.036733,19.326007],[-99.036388,19.325992],[-99.036139,19.326700],[-99.036034,19.326764],[-99.035587,19.328100],[-99.035282,19.328892],[-99.035230,19.329028],[-99.035152,19.329267],[-99.034987,19.329811],[-99.034736,19.330468],[-99.034598,19.330714],[-99.034396,19.330863],[-99.034306,19.331136],[-99.034202,19.331423],[-99.034151,19.331576],[-99.034047,19.331871],[-99.033908,19.332271],[-99.033779,19.332641],[-99.033654,19.333002],[-99.033548,19.333327],[-99.033419,19.333719],[-99.033301,19.334031],[-99.033174,19.334367],[-99.033043,19.334765],[-99.033409,19.334848],[-99.033727,19.334919],[-99.034042,19.334982],[-99.034083,19.334991],[-99.034344,19.335046],[-99.034419,19.335062],[-99.034487,19.335077],[-99.034773,19.335138],[-99.034847,19.335151],[-99.035112,19.335210],[-99.035239,19.335237],[-99.035574,19.335309],[-99.035688,19.335332],[-99.036152,19.335441],[-99.036610,19.335552],[-99.036675,19.335347],[-99.036709,19.335240],[-99.036846,19.334865],[-99.036871,19.334799],[-99.037034,19.334317],[-99.037161,19.333951],[-99.037294,19.333561],[-99.037368,19.333343],[-99.036933,19.333245],[-99.036529,19.333154],[-99.036126,19.333063],[-99.035765,19.332982],[-99.035360,19.332891],[-99.035243,19.333390],[-99.034900,19.333320],[-99.035267,19.331940],[-99.034983,19.331754],[-99.035009,19.331698],[-99.035833,19.331047],[-99.035636,19.330805],[-99.035748,19.330609],[-99.035538,19.330485],[-99.035686,19.330275],[-99.035711,19.330228],[-99.035839,19.330007],[-99.036205,19.330127],[-99.036428,19.329369],[-99.036529,19.328995],[-99.036627,19.328642],[-99.036677,19.328331],[-99.036706,19.328174],[-99.036754,19.328009],[-99.036784,19.327943],[-99.036815,19.327794],[-99.036923,19.327327],[-99.037052,19.326834],[-99.037082,19.326632],[-99.037273,19.325973]]]},"properties":{"cvegeo":"0900700010098","match":"Neighborhood","name":"Lomas de Santa Cruz","state":"Ciudad de México","municipality":"Iztapalapa","city":"Iztapalapa","neighborhood":"Lomas de Santa Cruz","category":"Colonia","type":"U","postal_code":"09700","population":"1163","dwellings":null,"occupied_dwellings":null,"price_m2":null,"property_price":null,"ids_prom":"357.235","nse":"D","nse_label":"D (27%)","nse_score":"3.572","nse_ab":"74","nse_cplus":"138","nse_c":"190","nse_cminus":"231","nse_dplus":"264","nse_d":"365","nse_e":"91","nse_total":"1356","nse_ab_pct":"5.48","nse_cplus_pct":"10.18","nse_c_pct":"14.05","nse_cminus_pct":"17.09","nse_dplus_pct":"19.54","nse_d_pct":"26.94","nse_e_pct":"6.73"}},{"type":"Feature","geometry":{"type":"Polygon","coordinates":[[[-98.995371,19.347831],[-98.995308,19.348334],[-98.995283,19.348608],[-98.995257,19.348789],[-98.995152,19.349104],[-98.995080,19.349405],[-98.995028,19.350052],[-98.994502,19.350079],[-98.994489,19.350236],[-98.994483,19.350389],[-98.994712,19.350405],[-98.994687,19.350752],[-98.994937,19.350800],[-98.995069,19.351107],[-98.994814,19.352260],[-98.994942,19.352291],[-98.994882,19.352651],[-98.994818,19.352657],[-98.994639,19.353399],[-98.994488,19.354144],[-98.994397,19.354781],[-98.994173,19.354755],[-98.994062,19.355491],[-98.993877,19.356430],[-98.993808,19.357131],[-98.993752,19.357380],[-98.994272,19.357852],[-98.994557,19.358141],[-98.999205,19.358825],[-99.000234,19.358398],[-99.000915,19.358125],[-99.001758,19.357823],[-99.002530,19.357530],[-99.002548,19.355342],[-99.001539,19.355664],[-99.001501,19.355322],[-99.001461,19.355329],[-99.001393,19.354949],[-99.001173,19.354970],[-99.000725,19.354998],[-99.000621,19.354977],[-99.000704,19.354560],[-99.000764,19.354225],[-99.000827,19.353894],[-99.000879,19.353579],[-99.000923,19.353301],[-99.000541,19.353136],[-99.000615,19.352932],[-99.000688,19.352762],[-99.000761,19.352603],[-99.000801,19.352501],[-99.000883,19.352002],[-99.000996,19.351993],[-99.001078,19.351189],[-99.001012,19.351179],[-99.001149,19.348925],[-99.000810,19.348856],[-99.000430,19.348785],[-99.000182,19.348738],[-98.999606,19.348642],[-98.999405,19.348611],[-98.999022,19.348541],[-98.998659,19.348480],[-98.998375,19.348430],[-98.998234,19.348406],[-98.997891,19.348344],[-98.997846,19.348338],[-98.997434,19.348277],[-98.996803,19.348142],[-98.996064,19.347977],[-98.995753,19.347913],[-98.995371,19.347831]]]},"properties":{"cvegeo":"0900700010099","match":"Neighborhood","name":"Lomas de Zaragoza","state":"Ciudad de México","municipality":"Iztapalapa","city":"Iztapalapa","neighborhood":"Lomas de Zaragoza","category":"Colonia","type":"U","postal_code":"09620","population":"4521","dwellings":null,"occupied_dwellings":null,"price_m2":null,"property_price":null,"ids_prom":"333.145","nse":"D","nse_label":"D (31%)","nse_score":"3.331","nse_ab":"166","nse_cplus":"356","nse_c":"515","nse_cminus":"654","nse_dplus":"780","nse_d":"1285","nse_e":"382","nse_total":"4141","nse_ab_pct":"4.03","nse_cplus_pct":"8.61","nse_c_pct":"12.44","nse_cminus_pct":"15.82","nse_dplus_pct":"18.85","nse_d_pct":"31.03","nse_e_pct":"9.23"}},{"type":"Feature","geometry":{"type":"Polygon","coordinates":[[[-99.086901,19.348168],[-99.086880,19.348173],[-99.086661,19.348287],[-99.086534,19.348357],[-99.086427,19.348414],[-99.086239,19.348518],[-99.086194,19.348465],[-99.085868,19.348671],[-99.085410,19.348961],[-99.085027,19.349205],[-99.084898,19.349293],[-99.084575,19.349515],[-99.084484,19.350156],[-99.084458,19.350364],[-99.084383,19.350587],[-99.084332,19.350713],[-99.084671,19.350784],[-99.084749,19.350760],[-99.084990,19.350711],[-99.085170,19.350680],[-99.085576,19.350610],[-99.085629,19.351069],[-99.086653,19.351307],[-99.086238,19.351663],[-99.086072,19.351815],[-99.086730,19.352708],[-99.086949,19.352499],[-99.087129,19.352277],[-99.087226,19.352154],[-99.087412,19.352194],[-99.087456,19.352044],[-99.087558,19.352047],[-99.087952,19.352056],[-99.087906,19.351658],[-99.088019,19.351360],[-99.087876,19.350748],[-99.087741,19.350256],[-99.087647,19.349900],[-99.087523,19.349927],[-99.087295,19.349969],[-99.086944,19.350032],[-99.086876,19.350074],[-99.086901,19.348168]]]},"properties":{"cvegeo":"0900700010100","match":"Neighborhood","name":"Lomas el Manto","state":"Ciudad de México","municipality":"Iztapalapa","city":"Iztapalapa","neighborhood":"Lomas el Manto","category":"Colonia","type":"U","postal_code":"09830","population":"681","dwellings":null,"occupied_dwellings":null,"price_m2":null,"property_price":null,"ids_prom":"399.496","nse":"C-","nse_label":"C- (22%)","nse_score":"3.995","nse_ab":"51","nse_cplus":"93","nse_c":"119","nse_cminus":"152","nse_dplus":"122","nse_d":"138","nse_e":"21","nse_total":"699","nse_ab_pct":"7.31","nse_cplus_pct":"13.31","nse_c_pct":"17.14","nse_cminus_pct":"21.86","nse_dplus_pct":"17.57","nse_d_pct":"19.79","nse_e_pct":"3.02"}},{"type":"Feature","geometry":{"type":"Polygon","coordinates":[[[-99.094265,19.312772],[-99.094465,19.313481],[-99.094415,19.313765],[-99.094379,19.313912],[-99.094291,19.314282],[-99.094233,19.314550],[-99.093210,19.314366],[-99.091658,19.314087],[-99.091195,19.314001],[-99.090682,19.313911],[-99.090201,19.313825],[-99.089811,19.313750],[-99.089761,19.313784],[-99.089564,19.314435],[-99.089303,19.314374],[-99.089274,19.314392],[-99.089267,19.314420],[-99.088936,19.315715],[-99.088649,19.317064],[-99.088586,19.317284],[-99.088468,19.317726],[-99.088318,19.318275],[-99.088160,19.318853],[-99.088154,19.318872],[-99.087296,19.320734],[-99.087644,19.320794],[-99.088479,19.320938],[-99.090769,19.321331],[-99.092001,19.321539],[-99.091529,19.323922],[-99.091278,19.325197],[-99.091160,19.325174],[-99.090785,19.325102],[-99.090474,19.326902],[-99.090733,19.326946],[-99.090876,19.326971],[-99.091435,19.327067],[-99.091629,19.327101],[-99.091841,19.327138],[-99.092067,19.327178],[-99.092290,19.327217],[-99.092523,19.327254],[-99.092742,19.327289],[-99.092939,19.327386],[-99.093170,19.327510],[-99.093356,19.327637],[-99.093752,19.327741],[-99.093745,19.327770],[-99.093705,19.328067],[-99.093658,19.328401],[-99.093997,19.328456],[-99.094440,19.328636],[-99.095489,19.327924],[-99.096302,19.327352],[-99.096787,19.326074],[-99.096885,19.325822],[-99.097031,19.325450],[-99.097271,19.324830],[-99.097388,19.324528],[-99.097504,19.324207],[-99.098084,19.322673],[-99.098011,19.322606],[-99.098686,19.320964],[-99.098805,19.320500],[-99.098801,19.320448],[-99.098696,19.319641],[-99.098489,19.319038],[-99.098645,19.318958],[-99.098710,19.318795],[-99.098685,19.318674],[-99.098647,19.318590],[-99.098443,19.318273],[-99.098238,19.317960],[-99.097710,19.317173],[-99.097440,19.316826],[-99.096757,19.315988],[-99.095851,19.314815],[-99.094965,19.313691],[-99.094265,19.312772]]]},"properties":{"cvegeo":"0900700010101","match":"Neighborhood","name":"Lomas Estrella","state":"Ciudad de México","municipality":"Iztapalapa","city":"Iztapalapa","neighborhood":"Lomas Estrella","category":"Colonia","type":"U","postal_code":"09890","population":"1515","dwellings":null,"occupied_dwellings":null,"price_m2":null,"property_price":null,"ids_prom":"523.726","nse":"C+","nse_label":"C+ (28%)","nse_score":"5.237","nse_ab":"1174","nse_cplus":"1417","nse_c":"981","nse_cminus":"683","nse_dplus":"364","nse_d":"330","nse_e":"44","nse_total":"4995","nse_ab_pct":"23.51","nse_cplus_pct":"28.37","nse_c_pct":"19.64","nse_cminus_pct":"13.67","nse_dplus_pct":"7.29","nse_d_pct":"6.61","nse_e_pct":"0.90"}},{"type":"Feature","geometry":{"type":"Polygon","coordinates":[[[-99.080914,19.347304],[-99.080774,19.348191],[-99.080439,19.348154],[-99.079923,19.348095],[-99.077760,19.347860],[-99.077699,19.347853],[-99.077863,19.348413],[-99.078086,19.348876],[-99.078712,19.349741],[-99.078964,19.350087],[-99.079482,19.350775],[-99.079707,19.351084],[-99.079929,19.351400],[-99.080434,19.352247],[-99.080779,19.352749],[-99.080862,19.352832],[-99.081878,19.353354],[-99.082294,19.353564],[-99.082718,19.353782],[-99.083154,19.353140],[-99.083314,19.353011],[-99.083568,19.352520],[-99.083596,19.352467],[-99.083886,19.351845],[-99.083980,19.351631],[-99.084055,19.351468],[-99.084073,19.351423],[-99.084211,19.351041],[-99.084332,19.350713],[-99.084383,19.350587],[-99.084458,19.350364],[-99.084484,19.350156],[-99.084575,19.349515],[-99.084370,19.349226],[-99.084151,19.348936],[-99.083818,19.348597],[-99.083747,19.348522],[-99.083500,19.348276],[-99.083223,19.348038],[-99.082916,19.347779],[-99.082772,19.347655],[-99.082637,19.347534],[-99.082497,19.347499],[-99.082194,19.347467],[-99.081835,19.347419],[-99.081684,19.347394],[-99.081193,19.347343],[-99.080914,19.347304]]]},"properties":{"cvegeo":"0900700010105","match":"Neighborhood","name":"El Manto","state":"Ciudad de México","municipality":"Iztapalapa","city":"Iztapalapa","neighborhood":"El Manto","category":"Colonia","type":"U","postal_code":"09830","population":"29180","dwellings":null,"occupied_dwellings":null,"price_m2":null,"property_price":null,"ids_prom":"412.162","nse":"C-","nse_label":"C- (18%)","nse_score":"4.122","nse_ab":"129","nse_cplus":"217","nse_c":"235","nse_cminus":"242","nse_dplus":"208","nse_d":"236","nse_e":"71","nse_total":"1341","nse_ab_pct":"9.68","nse_cplus_pct":"16.20","nse_c_pct":"17.54","nse_cminus_pct":"18.10","nse_dplus_pct":"15.53","nse_d_pct":"17.61","nse_e_pct":"5.35"}},{"type":"Feature","geometry":{"type":"Polygon","coordinates":[[[-99.001167,19.336508],[-99.000611,19.336542],[-99.000475,19.336538],[-99.000477,19.336902],[-99.000479,19.337079],[-99.000414,19.337302],[-99.000372,19.337542],[-99.000303,19.338312],[-99.000259,19.338538],[-99.000163,19.339190],[-99.000306,19.339272],[-99.000473,19.339367],[-99.000756,19.339474],[-99.000767,19.339768],[-99.000742,19.340068],[-98.999942,19.340253],[-98.999872,19.340549],[-98.999882,19.340857],[-98.999889,19.341164],[-98.999865,19.341207],[-98.999658,19.341557],[-99.000025,19.341622],[-99.000199,19.341647],[-99.000427,19.341683],[-99.000462,19.341765],[-99.000415,19.341830],[-99.000240,19.342630],[-99.000458,19.342662],[-99.000394,19.343032],[-99.000371,19.343388],[-99.000348,19.343542],[-99.000263,19.344440],[-99.000228,19.344760],[-99.000276,19.344804],[-99.000458,19.344853],[-99.000195,19.345945],[-99.000672,19.345905],[-99.000658,19.345756],[-99.001493,19.345738],[-99.001947,19.345732],[-99.002304,19.345705],[-99.002409,19.345702],[-99.002383,19.346445],[-99.002383,19.346747],[-99.002462,19.347088],[-99.002480,19.347268],[-99.002415,19.347467],[-99.002643,19.347475],[-99.002875,19.347796],[-99.002929,19.348131],[-99.003004,19.348391],[-99.003112,19.348566],[-99.003370,19.348742],[-99.003603,19.349085],[-99.003835,19.349458],[-99.004231,19.349539],[-99.004583,19.349605],[-99.004961,19.349673],[-99.005259,19.349727],[-99.005631,19.349104],[-99.005779,19.348867],[-99.005804,19.348806],[-99.005835,19.348516],[-99.005861,19.348125],[-99.005873,19.348072],[-99.005946,19.347780],[-99.005987,19.347452],[-99.006015,19.347237],[-99.006022,19.347123],[-99.005955,19.346876],[-99.005912,19.346727],[-99.005873,19.346576],[-99.005849,19.346456],[-99.005818,19.346258],[-99.005794,19.345964],[-99.005779,19.345691],[-99.005829,19.345171],[-99.005838,19.344681],[-99.005775,19.344484],[-99.005813,19.344076],[-99.005800,19.344007],[-99.005489,19.344000],[-99.005377,19.344015],[-99.005277,19.344027],[-99.005075,19.344071],[-99.005206,19.343189],[-99.005375,19.342445],[-99.005485,19.342461],[-99.005550,19.342107],[-99.005079,19.342111],[-99.005084,19.342038],[-99.004989,19.342002],[-99.005014,19.341752],[-99.005045,19.341385],[-99.005064,19.341156],[-99.005059,19.340940],[-99.004725,19.340910],[-99.004715,19.341019],[-99.004022,19.340985],[-99.003589,19.341015],[-99.003564,19.340544],[-99.003739,19.339987],[-99.003745,19.339508],[-99.003839,19.339083],[-99.003915,19.338778],[-99.003829,19.338741],[-99.003608,19.338650],[-99.003380,19.338562],[-99.003271,19.338507],[-99.002906,19.338305],[-99.002597,19.338147],[-99.002506,19.338511],[-99.002149,19.338470],[-99.002220,19.338084],[-99.002237,19.337958],[-99.001852,19.337942],[-99.002113,19.336582],[-99.001689,19.336729],[-99.001617,19.336757],[-99.001254,19.336845],[-99.001167,19.336508]]]},"properties":{"cvegeo":"0900700010107","match":"Neighborhood","name":"Miguel de la Madrid Hurtado","state":"Ciudad de México","municipality":"Iztapalapa","city":"Iztapalapa","neighborhood":"Miguel de la Madrid Hurtado","category":"Colonia","type":"U","postal_code":"09698","population":"38640","dwellings":null,"occupied_dwellings":null,"price_m2":null,"property_price":null,"ids_prom":"330.016","nse":"D","nse_label":"D (31%)","nse_score":"3.300","nse_ab":"153","nse_cplus":"341","nse_c":"502","nse_cminus":"719","nse_dplus":"818","nse_d":"1323","nse_e":"384","nse_total":"4243","nse_ab_pct":"3.63","nse_cplus_pct":"8.05","nse_c_pct":"11.85","nse_cminus_pct":"16.96","nse_dplus_pct":"19.29","nse_d_pct":"31.18","nse_e_pct":"9.05"}},{"type":"Feature","geometry":{"type":"Polygon","coordinates":[[[-99.109661,19.349678],[-99.109517,19.351179],[-99.109368,19.352842],[-99.109214,19.354566],[-99.109036,19.356379],[-99.109386,19.356411],[-99.109611,19.356432],[-99.110171,19.356484],[-99.111361,19.356624],[-99.111408,19.356045],[-99.111343,19.355716],[-99.111012,19.354959],[-99.111106,19.354900],[-99.111006,19.354476],[-99.111015,19.353807],[-99.111077,19.352990],[-99.111241,19.351397],[-99.111285,19.350952],[-99.111045,19.350133],[-99.111031,19.349805],[-99.110837,19.349793],[-99.110223,19.349732],[-99.109723,19.349682],[-99.109661,19.349678]]]},"properties":{"cvegeo":"0900700010108","match":"Neighborhood","name":"Minerva","state":"Ciudad de México","municipality":"Iztapalapa","city":"Iztapalapa","neighborhood":"Minerva","category":"Colonia","type":"U","postal_code":"09810","population":"4611","dwellings":null,"occupied_dwellings":null,"price_m2":null,"property_price":null,"ids_prom":"470.227","nse":"A/B","nse_label":"A/B (20%)","nse_score":"4.702","nse_ab":"99","nse_cplus":"97","nse_c":"85","nse_cminus":"81","nse_dplus":"61","nse_d":"67","nse_e":"10","nse_total":"503","nse_ab_pct":"19.85","nse_cplus_pct":"19.38","nse_c_pct":"16.98","nse_cminus_pct":"16.13","nse_dplus_pct":"12.27","nse_d_pct":"13.40","nse_e_pct":"1.99"}},{"type":"Feature","geometry":{"type":"Polygon","coordinates":[[[-99.095981,19.333686],[-99.095974,19.333750],[-99.095936,19.334022],[-99.095925,19.334102],[-99.095892,19.334354],[-99.095888,19.334382],[-99.096551,19.334495],[-99.096431,19.335633],[-99.096322,19.336496],[-99.095721,19.336442],[-99.095539,19.337430],[-99.095714,19.337442],[-99.095877,19.337445],[-99.096100,19.337462],[-99.096192,19.337466],[-99.096276,19.337473],[-99.096507,19.337487],[-99.096696,19.337514],[-99.096790,19.337522],[-99.097020,19.337540],[-99.097243,19.337552],[-99.098198,19.337621],[-99.098333,19.337601],[-99.099495,19.337681],[-99.099968,19.337718],[-99.100491,19.337750],[-99.100597,19.337748],[-99.100955,19.337877],[-99.101470,19.338001],[-99.101655,19.338047],[-99.102061,19.338144],[-99.102098,19.338153],[-99.102547,19.338269],[-99.102692,19.338305],[-99.102723,19.338313],[-99.103029,19.338371],[-99.103536,19.338455],[-99.104011,19.338534],[-99.104185,19.338562],[-99.104507,19.338615],[-99.104629,19.338128],[-99.104963,19.336957],[-99.104956,19.336844],[-99.104518,19.336725],[-99.104394,19.336729],[-99.104120,19.336760],[-99.103647,19.336811],[-99.103700,19.337350],[-99.103339,19.337373],[-99.102816,19.337435],[-99.102283,19.337503],[-99.102205,19.337512],[-99.101717,19.337576],[-99.101406,19.337621],[-99.100994,19.337686],[-99.100819,19.336563],[-99.100804,19.336452],[-99.100471,19.333926],[-99.100376,19.333938],[-99.099848,19.334006],[-99.099818,19.334009],[-99.099552,19.334032],[-99.099240,19.334053],[-99.099161,19.334057],[-99.098866,19.334050],[-99.098734,19.334043],[-99.098208,19.334007],[-99.097873,19.333960],[-99.097502,19.333916],[-99.096940,19.333848],[-99.096765,19.333825],[-99.096428,19.333765],[-99.095981,19.333686]]]},"properties":{"cvegeo":"0900700010109","match":"Neighborhood","name":"El Mirador","state":"Ciudad de México","municipality":"Iztapalapa","city":"Iztapalapa","neighborhood":"El Mirador","category":"Colonia","type":"U","postal_code":"09800","population":"16960","dwellings":null,"occupied_dwellings":null,"price_m2":null,"property_price":null,"ids_prom":"400.686","nse":"D","nse_label":"D (20%)","nse_score":"4.007","nse_ab":"78","nse_cplus":"155","nse_c":"177","nse_cminus":"197","nse_dplus":"191","nse_d":"204","nse_e":"37","nse_total":"1042","nse_ab_pct":"7.51","nse_cplus_pct":"14.88","nse_c_pct":"16.99","nse_cminus_pct":"18.96","nse_dplus_pct":"18.37","nse_d_pct":"19.64","nse_e_pct":"3.65"}},{"type":"Feature","geometry":{"type":"Polygon","coordinates":[[[-99.047652,19.322031],[-99.047337,19.322334],[-99.047180,19.322484],[-99.046939,19.322718],[-99.046715,19.322935],[-99.046564,19.323078],[-99.046411,19.323226],[-99.046256,19.323375],[-99.046165,19.323462],[-99.046078,19.323546],[-99.045987,19.323635],[-99.045871,19.323747],[-99.045509,19.324090],[-99.045255,19.324374],[-99.044898,19.324781],[-99.044790,19.324905],[-99.044536,19.325353],[-99.044941,19.325514],[-99.045252,19.325639],[-99.045655,19.325770],[-99.046024,19.325923],[-99.046432,19.326085],[-99.046726,19.326186],[-99.046943,19.326270],[-99.047083,19.326324],[-99.047741,19.326587],[-99.047832,19.326615],[-99.048219,19.326753],[-99.048553,19.326872],[-99.048926,19.327005],[-99.049221,19.327109],[-99.049293,19.327136],[-99.049715,19.327290],[-99.049843,19.327155],[-99.050091,19.326893],[-99.050354,19.326612],[-99.050607,19.326344],[-99.050644,19.326301],[-99.051230,19.325689],[-99.050804,19.325290],[-99.050482,19.324961],[-99.050213,19.324685],[-99.049910,19.324357],[-99.049647,19.324079],[-99.049588,19.324018],[-99.049319,19.323744],[-99.049298,19.323722],[-99.049077,19.323488],[-99.049048,19.323455],[-99.048786,19.323179],[-99.048539,19.322941],[-99.048317,19.322729],[-99.048261,19.322672],[-99.047666,19.322047],[-99.047652,19.322031]]]},"properties":{"cvegeo":"0900700010110","match":"Neighborhood","name":"Mixcoatl","state":"Ciudad de México","municipality":"Iztapalapa","city":"Iztapalapa","neighborhood":"Mixcoatl","category":"Colonia","type":"U","postal_code":"09708","population":"1505","dwellings":null,"occupied_dwellings":null,"price_m2":null,"property_price":null,"ids_prom":"355.547","nse":"D","nse_label":"D (26%)","nse_score":"3.556","nse_ab":"64","nse_cplus":"195","nse_c":"274","nse_cminus":"352","nse_dplus":"282","nse_d":"466","nse_e":"144","nse_total":"1777","nse_ab_pct":"3.60","nse_cplus_pct":"10.97","nse_c_pct":"15.42","nse_cminus_pct":"19.81","nse_dplus_pct":"15.87","nse_d_pct":"26.22","nse_e_pct":"8.10"}},{"type":"Feature","geometry":{"type":"Polygon","coordinates":[[[-99.088631,19.353078],[-99.087784,19.353246],[-99.087324,19.353537],[-99.087167,19.353693],[-99.087005,19.353933],[-99.086624,19.354473],[-99.086283,19.355036],[-99.086025,19.355546],[-99.085933,19.355705],[-99.085672,19.355766],[-99.086462,19.356177],[-99.086613,19.356530],[-99.086960,19.356530],[-99.087594,19.356646],[-99.088296,19.356669],[-99.089036,19.356577],[-99.089300,19.356545],[-99.090005,19.356457],[-99.089724,19.356148],[-99.089692,19.355977],[-99.089705,19.355831],[-99.089743,19.355703],[-99.089846,19.355557],[-99.089962,19.355453],[-99.090174,19.355325],[-99.090379,19.355166],[-99.090540,19.354959],[-99.090610,19.354734],[-99.090624,19.354682],[-99.090208,19.354576],[-99.089441,19.353659],[-99.088931,19.353587],[-99.088728,19.353558],[-99.088631,19.353078]]]},"properties":{"cvegeo":"0900700010111","match":"Neighborhood","name":"El Molino","state":"Ciudad de México","municipality":"Iztapalapa","city":"Iztapalapa","neighborhood":"El Molino","category":"Colonia","type":"U","postal_code":"09830","population":"1328","dwellings":null,"occupied_dwellings":null,"price_m2":null,"property_price":null,"ids_prom":"408.965","nse":"D","nse_label":"D (20%)","nse_score":"4.090","nse_ab":"35","nse_cplus":"45","nse_c":"58","nse_cminus":"66","nse_dplus":"50","nse_d":"69","nse_e":"12","nse_total":"338","nse_ab_pct":"10.48","nse_cplus_pct":"13.51","nse_c_pct":"17.30","nse_cminus_pct":"19.68","nse_dplus_pct":"14.92","nse_d_pct":"20.43","nse_e_pct":"3.68"}},{"type":"Feature","geometry":{"type":"Polygon","coordinates":[[[-99.067006,19.293719],[-99.066642,19.294070],[-99.066193,19.294496],[-99.066084,19.294599],[-99.065944,19.294715],[-99.065792,19.294858],[-99.065466,19.295157],[-99.065361,19.295255],[-99.065189,19.295411],[-99.064883,19.295691],[-99.064775,19.295793],[-99.065139,19.296202],[-99.065153,19.296219],[-99.065518,19.296678],[-99.065574,19.296749],[-99.065701,19.296906],[-99.065814,19.297047],[-99.066002,19.297288],[-99.066428,19.297816],[-99.066448,19.297904],[-99.066552,19.298357],[-99.066559,19.298387],[-99.066656,19.298808],[-99.066667,19.298857],[-99.066761,19.299283],[-99.066849,19.299680],[-99.066888,19.299857],[-99.066960,19.300168],[-99.067051,19.300534],[-99.067137,19.300922],[-99.067166,19.301050],[-99.067304,19.301613],[-99.067386,19.301949],[-99.067428,19.302122],[-99.067429,19.302164],[-99.067960,19.302170],[-99.067987,19.301627],[-99.068011,19.301083],[-99.068027,19.300515],[-99.067967,19.299961],[-99.067849,19.299463],[-99.068188,19.299406],[-99.068616,19.299425],[-99.070250,19.299574],[-99.070418,19.299023],[-99.070530,19.298581],[-99.070644,19.298151],[-99.070766,19.297726],[-99.070885,19.297280],[-99.071010,19.296846],[-99.071122,19.296411],[-99.071249,19.295945],[-99.071360,19.295530],[-99.071485,19.295106],[-99.071593,19.294668],[-99.071714,19.294215],[-99.070542,19.294508],[-99.070403,19.294543],[-99.069878,19.294674],[-99.069407,19.294792],[-99.069037,19.294885],[-99.068924,19.294913],[-99.068623,19.295023],[-99.067774,19.294337],[-99.067702,19.294280],[-99.067006,19.293719]]]},"properties":{"cvegeo":"0900700010112","match":"Neighborhood","name":"El Molino Tezonco","state":"Ciudad de México","municipality":"Iztapalapa","city":"Iztapalapa","neighborhood":"El Molino Tezonco","category":"Colonia","type":"U","postal_code":"09960","population":"1945","dwellings":null,"occupied_dwellings":null,"price_m2":null,"property_price":null,"ids_prom":"385.191","nse":"D","nse_label":"D (22%)","nse_score":"3.852","nse_ab":"117","nse_cplus":"225","nse_c":"262","nse_cminus":"312","nse_dplus":"270","nse_d":"371","nse_e":"99","nse_total":"1659","nse_ab_pct":"7.08","nse_cplus_pct":"13.58","nse_c_pct":"15.81","nse_cminus_pct":"18.85","nse_dplus_pct":"16.31","nse_d_pct":"22.40","nse_e_pct":"5.97"}},{"type":"Feature","geometry":{"type":"Polygon","coordinates":[[[-99.019331,19.350713],[-99.019096,19.350784],[-99.018657,19.350947],[-99.018502,19.351012],[-99.018567,19.352370],[-99.018507,19.352752],[-99.018501,19.352787],[-99.018448,19.353099],[-99.018400,19.353477],[-99.018356,19.353803],[-99.018314,19.354131],[-99.018738,19.354351],[-99.019257,19.354634],[-99.019678,19.354849],[-99.019927,19.354972],[-99.020199,19.355117],[-99.020237,19.355139],[-99.020562,19.355313],[-99.020772,19.355424],[-99.021147,19.355612],[-99.021436,19.355770],[-99.021523,19.355813],[-99.021600,19.355852],[-99.021820,19.355971],[-99.022111,19.356123],[-99.023105,19.356635],[-99.023425,19.356235],[-99.023785,19.355719],[-99.023871,19.355603],[-99.024028,19.355377],[-99.024023,19.354947],[-99.024044,19.354613],[-99.023994,19.354351],[-99.023946,19.354093],[-99.023875,19.353804],[-99.023667,19.353633],[-99.023409,19.353549],[-99.022422,19.353234],[-99.021918,19.353105],[-99.021377,19.352956],[-99.021558,19.352247],[-99.020950,19.352271],[-99.020598,19.351961],[-99.020465,19.351766],[-99.020204,19.351333],[-99.020290,19.350871],[-99.019852,19.350823],[-99.019569,19.350758],[-99.019331,19.350713]]]},"properties":{"cvegeo":"0900700010113","match":"Neighborhood","name":"Monte Albán","state":"Ciudad de México","municipality":"Iztapalapa","city":"Iztapalapa","neighborhood":"Monte Albán","category":"Colonia","type":"U","postal_code":"09550","population":"3356","dwellings":null,"occupied_dwellings":null,"price_m2":null,"property_price":null,"ids_prom":"361.496","nse":"D","nse_label":"D (27%)","nse_score":"3.615","nse_ab":"52","nse_cplus":"105","nse_c":"122","nse_cminus":"173","nse_dplus":"172","nse_d":"251","nse_e":"58","nse_total":"936","nse_ab_pct":"5.61","nse_cplus_pct":"11.28","nse_c_pct":"13.09","nse_cminus_pct":"18.48","nse_dplus_pct":"18.37","nse_d_pct":"26.90","nse_e_pct":"6.27"}},{"type":"Feature","geometry":{"type":"Polygon","coordinates":[[[-99.103804,19.375917],[-99.103713,19.376214],[-99.103505,19.376818],[-99.103432,19.377075],[-99.103349,19.377446],[-99.103237,19.377982],[-99.103167,19.378318],[-99.103377,19.378342],[-99.103640,19.378372],[-99.103766,19.378387],[-99.104051,19.378419],[-99.104120,19.378427],[-99.104491,19.378469],[-99.104544,19.378475],[-99.104839,19.378509],[-99.105008,19.378528],[-99.105165,19.378546],[-99.105499,19.378584],[-99.105527,19.378587],[-99.105804,19.378619],[-99.105962,19.378637],[-99.106432,19.378690],[-99.106763,19.378728],[-99.106915,19.378745],[-99.107097,19.378766],[-99.107346,19.378795],[-99.107479,19.378810],[-99.107615,19.378825],[-99.107968,19.378865],[-99.108181,19.378890],[-99.108317,19.378905],[-99.108590,19.378936],[-99.108799,19.378960],[-99.109225,19.379008],[-99.109670,19.379069],[-99.109516,19.378707],[-99.109268,19.378083],[-99.109101,19.377618],[-99.108759,19.376672],[-99.108380,19.376604],[-99.107898,19.376520],[-99.107425,19.376463],[-99.106974,19.376393],[-99.106503,19.376322],[-99.106028,19.376250],[-99.105559,19.376193],[-99.105076,19.376107],[-99.104602,19.376045],[-99.103804,19.375917]]]},"properties":{"cvegeo":"0900700010115","match":"Neighborhood","name":"Nueva Rosita","state":"Ciudad de México","municipality":"Iztapalapa","city":"Iztapalapa","neighborhood":"Nueva Rosita","category":"Colonia","type":"U","postal_code":"09420","population":"580","dwellings":null,"occupied_dwellings":null,"price_m2":null,"property_price":null,"ids_prom":"428.004","nse":"C","nse_label":"C (18%)","nse_score":"4.280","nse_ab":"108","nse_cplus":"151","nse_c":"156","nse_cminus":"154","nse_dplus":"135","nse_d":"154","nse_e":"30","nse_total":"891","nse_ab_pct":"12.18","nse_cplus_pct":"17.00","nse_c_pct":"17.59","nse_cminus_pct":"17.30","nse_dplus_pct":"15.18","nse_d_pct":"17.30","nse_e_pct":"3.45"}},{"type":"Feature","geometry":{"type":"Polygon","coordinates":[[[-99.023989,19.330093],[-99.023993,19.330391],[-99.023990,19.330647],[-99.023816,19.330991],[-99.023775,19.331116],[-99.023733,19.331244],[-99.023653,19.331239],[-99.023620,19.331461],[-99.023596,19.331807],[-99.023152,19.333168],[-99.023134,19.333361],[-99.023088,19.333624],[-99.023003,19.334016],[-99.022905,19.334429],[-99.022792,19.334930],[-99.022817,19.335229],[-99.022818,19.335435],[-99.022820,19.335698],[-99.023053,19.335775],[-99.022996,19.336028],[-99.022916,19.336487],[-99.022341,19.336390],[-99.022286,19.336734],[-99.022845,19.336846],[-99.022987,19.336920],[-99.023204,19.336977],[-99.023463,19.336998],[-99.023524,19.336636],[-99.023595,19.336586],[-99.023721,19.336591],[-99.023954,19.336607],[-99.024406,19.336656],[-99.024438,19.336506],[-99.024794,19.336602],[-99.024635,19.337047],[-99.024524,19.337913],[-99.024504,19.338293],[-99.024449,19.338631],[-99.024585,19.338713],[-99.024579,19.338743],[-99.024206,19.340799],[-99.024426,19.340829],[-99.024513,19.340908],[-99.024603,19.340979],[-99.024981,19.341303],[-99.025015,19.341374],[-99.025030,19.341557],[-99.025033,19.341809],[-99.025155,19.341876],[-99.025239,19.341921],[-99.025521,19.341970],[-99.026094,19.342068],[-99.026448,19.340912],[-99.026591,19.340555],[-99.026966,19.338383],[-99.026996,19.338189],[-99.027062,19.337861],[-99.027131,19.337530],[-99.027188,19.337508],[-99.027294,19.337518],[-99.027467,19.337187],[-99.027557,19.337027],[-99.027675,19.336986],[-99.028195,19.336997],[-99.028222,19.336602],[-99.028099,19.336583],[-99.028240,19.335677],[-99.028399,19.335542],[-99.028646,19.335336],[-99.028982,19.335051],[-99.029350,19.334776],[-99.029580,19.334582],[-99.029695,19.334481],[-99.029589,19.334427],[-99.029420,19.334160],[-99.029380,19.334083],[-99.029234,19.333697],[-99.029231,19.333680],[-99.029195,19.333514],[-99.029141,19.333360],[-99.029082,19.333183],[-99.028999,19.332949],[-99.028988,19.332857],[-99.028896,19.332558],[-99.028835,19.332415],[-99.028647,19.332132],[-99.028434,19.331965],[-99.028203,19.331864],[-99.027932,19.331755],[-99.027794,19.331698],[-99.027480,19.331554],[-99.027425,19.331513],[-99.027179,19.331292],[-99.026976,19.331125],[-99.026713,19.330919],[-99.026358,19.330635],[-99.026201,19.330750],[-99.026130,19.330978],[-99.026068,19.331139],[-99.025947,19.331214],[-99.025720,19.331405],[-99.025509,19.331347],[-99.025327,19.331323],[-99.025326,19.330896],[-99.024748,19.330222],[-99.024545,19.330194],[-99.024253,19.330201],[-99.024086,19.330113],[-99.023989,19.330093]]]},"properties":{"cvegeo":"0900700010117","match":"Neighborhood","name":"Palmitas","state":"Ciudad de México","municipality":"Iztapalapa","city":"Iztapalapa","neighborhood":"Palmitas","category":"Colonia","type":"U","postal_code":"09670","population":"2574","dwellings":null,"occupied_dwellings":null,"price_m2":null,"property_price":null,"ids_prom":"347.437","nse":"D","nse_label":"D (29%)","nse_score":"3.474","nse_ab":"167","nse_cplus":"336","nse_c":"463","nse_cminus":"587","nse_dplus":"633","nse_d":"998","nse_e":"276","nse_total":"3464","nse_ab_pct":"4.84","nse_cplus_pct":"9.72","nse_c_pct":"13.39","nse_cminus_pct":"16.95","nse_dplus_pct":"18.29","nse_d_pct":"28.82","nse_e_pct":"7.99"}},{"type":"Feature","geometry":{"type":"Polygon","coordinates":[[[-99.030711,19.370894],[-99.030456,19.370940],[-99.030086,19.371057],[-99.029821,19.371163],[-99.029488,19.371430],[-99.028726,19.372134],[-99.028910,19.372343],[-99.028139,19.373113],[-99.028628,19.373633],[-99.028512,19.373728],[-99.028404,19.373809],[-99.028150,19.373973],[-99.027968,19.374122],[-99.027947,19.374151],[-99.027847,19.374288],[-99.027830,19.374312],[-99.027439,19.374433],[-99.027260,19.374174],[-99.027139,19.373961],[-99.026649,19.374382],[-99.025997,19.374998],[-99.026119,19.375197],[-99.026181,19.375398],[-99.026571,19.376145],[-99.026777,19.376532],[-99.026373,19.376850],[-99.025989,19.377402],[-99.025839,19.377694],[-99.025838,19.378060],[-99.025904,19.378518],[-99.025959,19.378688],[-99.026060,19.378955],[-99.026554,19.379301],[-99.026632,19.379190],[-99.026652,19.379198],[-99.026968,19.379356],[-99.026625,19.379882],[-99.026791,19.379979],[-99.027258,19.380250],[-99.028117,19.380747],[-99.029437,19.381511],[-99.030470,19.382109],[-99.030702,19.381907],[-99.031518,19.381220],[-99.031913,19.380888],[-99.032075,19.380755],[-99.032443,19.380484],[-99.032791,19.380194],[-99.033133,19.379925],[-99.033680,19.379479],[-99.033963,19.379240],[-99.034360,19.378902],[-99.034804,19.378549],[-99.035379,19.378068],[-99.035590,19.377905],[-99.035799,19.377705],[-99.035980,19.377983],[-99.037811,19.376546],[-99.037510,19.376462],[-99.037217,19.376381],[-99.037111,19.376351],[-99.037049,19.376334],[-99.036926,19.376300],[-99.036837,19.376276],[-99.036537,19.376193],[-99.036469,19.376174],[-99.036157,19.376087],[-99.036052,19.376058],[-99.035806,19.375990],[-99.035637,19.375943],[-99.035456,19.375893],[-99.035161,19.375811],[-99.034817,19.375708],[-99.034496,19.375577],[-99.034264,19.375134],[-99.034191,19.374983],[-99.034251,19.374778],[-99.034439,19.374193],[-99.034515,19.374002],[-99.034056,19.374009],[-99.033898,19.373929],[-99.032853,19.373649],[-99.032657,19.373569],[-99.032569,19.373494],[-99.032477,19.373369],[-99.032417,19.373213],[-99.032402,19.373112],[-99.032415,19.372944],[-99.032510,19.372729],[-99.032685,19.372509],[-99.031521,19.371497],[-99.030711,19.370894]]]},"properties":{"cvegeo":"0900700010118","match":"Neighborhood","name":"El Paraíso","state":"Ciudad de México","municipality":"Iztapalapa","city":"Iztapalapa","neighborhood":"El Paraíso","category":"Colonia","type":"U","postal_code":"09230","population":"1137","dwellings":null,"occupied_dwellings":null,"price_m2":null,"property_price":null,"ids_prom":"364.571","nse":"D","nse_label":"D (26%)","nse_score":"3.646","nse_ab":"154","nse_cplus":"380","nse_c":"671","nse_cminus":"841","nse_dplus":"850","nse_d":"1057","nse_e":"125","nse_total":"4081","nse_ab_pct":"3.79","nse_cplus_pct":"9.31","nse_c_pct":"16.45","nse_cminus_pct":"20.62","nse_dplus_pct":"20.85","nse_d_pct":"25.90","nse_e_pct":"3.07"}},{"type":"Feature","geometry":{"type":"Polygon","coordinates":[[[-99.065358,19.338829],[-99.065352,19.339053],[-99.065435,19.339157],[-99.065709,19.339472],[-99.065822,19.339560],[-99.066037,19.339700],[-99.066377,19.339898],[-99.066572,19.340018],[-99.066867,19.340219],[-99.066969,19.340294],[-99.067051,19.340362],[-99.067294,19.340536],[-99.067553,19.340722],[-99.067719,19.340875],[-99.068124,19.341283],[-99.068519,19.341724],[-99.068961,19.342203],[-99.069306,19.342572],[-99.069373,19.342644],[-99.069637,19.342958],[-99.069751,19.343093],[-99.070105,19.343514],[-99.070481,19.343958],[-99.070863,19.344447],[-99.070997,19.344670],[-99.071299,19.344753],[-99.071475,19.344789],[-99.071790,19.344868],[-99.072274,19.344985],[-99.072749,19.345101],[-99.073237,19.345221],[-99.073680,19.345362],[-99.073906,19.345462],[-99.074131,19.345616],[-99.074440,19.345807],[-99.074565,19.345887],[-99.075036,19.346192],[-99.075904,19.346585],[-99.075739,19.347302],[-99.076201,19.347526],[-99.076482,19.347640],[-99.076822,19.347790],[-99.076956,19.347556],[-99.077359,19.346851],[-99.077002,19.345845],[-99.076586,19.344637],[-99.076148,19.343419],[-99.075940,19.342792],[-99.075645,19.341888],[-99.075407,19.341185],[-99.075078,19.340193],[-99.074771,19.339259],[-99.074630,19.338842],[-99.073936,19.338857],[-99.073329,19.338871],[-99.072855,19.338882],[-99.072591,19.338888],[-99.072530,19.338889],[-99.071961,19.338902],[-99.071626,19.338910],[-99.071389,19.338915],[-99.071114,19.338924],[-99.070881,19.338930],[-99.070651,19.338932],[-99.070186,19.338942],[-99.069773,19.338951],[-99.069487,19.338951],[-99.069387,19.338951],[-99.069040,19.338951],[-99.068977,19.338951],[-99.068813,19.338951],[-99.068706,19.338951],[-99.068310,19.338948],[-99.067167,19.338939],[-99.067026,19.338939],[-99.066748,19.338934],[-99.066583,19.338931],[-99.065448,19.338882],[-99.065358,19.338829]]]},"properties":{"cvegeo":"0900700010119","match":"Neighborhood","name":"Paraje San Juan","state":"Ciudad de México","municipality":"Iztapalapa","city":"Iztapalapa","neighborhood":"Paraje San Juan","category":"Colonia","type":"U","postal_code":"09830","population":"3092","dwellings":null,"occupied_dwellings":null,"price_m2":null,"property_price":null,"ids_prom":"405.646","nse":"D","nse_label":"D (20%)","nse_score":"4.057","nse_ab":"266","nse_cplus":"438","nse_c":"513","nse_cminus":"526","nse_dplus":"414","nse_d":"575","nse_e":"153","nse_total":"2887","nse_ab_pct":"9.22","nse_cplus_pct":"15.18","nse_c_pct":"17.77","nse_cminus_pct":"18.22","nse_dplus_pct":"14.36","nse_d_pct":"19.94","nse_e_pct":"5.31"}},{"type":"Feature","geometry":{"type":"Polygon","coordinates":[[[-99.067864,19.335540],[-99.067897,19.335877],[-99.067163,19.335566],[-99.067129,19.336004],[-99.067089,19.336381],[-99.067227,19.336804],[-99.067408,19.337254],[-99.067543,19.337695],[-99.067746,19.338390],[-99.068134,19.338359],[-99.068310,19.338948],[-99.068706,19.338951],[-99.068813,19.338951],[-99.068977,19.338951],[-99.069040,19.338951],[-99.069387,19.338951],[-99.069487,19.338951],[-99.069773,19.338951],[-99.070186,19.338942],[-99.070651,19.338932],[-99.070881,19.338930],[-99.071114,19.338924],[-99.071389,19.338915],[-99.071626,19.338910],[-99.071961,19.338902],[-99.072530,19.338889],[-99.072591,19.338888],[-99.072855,19.338882],[-99.073329,19.338871],[-99.073936,19.338857],[-99.074630,19.338842],[-99.074303,19.338564],[-99.073044,19.337978],[-99.072464,19.337701],[-99.072450,19.337693],[-99.072424,19.337680],[-99.071938,19.337448],[-99.071408,19.337200],[-99.069984,19.336537],[-99.069801,19.336447],[-99.069427,19.336273],[-99.068854,19.336006],[-99.068257,19.335728],[-99.067864,19.335540]]]},"properties":{"cvegeo":"0900700010120","match":"Neighborhood","name":"Ampliación Paraje San Juan","state":"Ciudad de México","municipality":"Iztapalapa","city":"Iztapalapa","neighborhood":"Ampliación Paraje San Juan","category":"Colonia","type":"U","postal_code":"09839","population":"6283","dwellings":null,"occupied_dwellings":null,"price_m2":null,"property_price":null,"ids_prom":"376.278","nse":"D","nse_label":"D (24%)","nse_score":"3.763","nse_ab":"75","nse_cplus":"115","nse_c":"161","nse_cminus":"184","nse_dplus":"160","nse_d":"243","nse_e":"71","nse_total":"1012","nse_ab_pct":"7.48","nse_cplus_pct":"11.44","nse_c_pct":"15.94","nse_cminus_pct":"18.23","nse_dplus_pct":"15.87","nse_d_pct":"24.03","nse_e_pct":"7.02"}},{"type":"Feature","geometry":{"type":"Polygon","coordinates":[[[-99.080594,19.343155],[-99.080556,19.343155],[-99.080336,19.344253],[-99.080270,19.344241],[-99.080150,19.344216],[-99.078272,19.343843],[-99.078025,19.343793],[-99.076148,19.343419],[-99.076586,19.344637],[-99.077002,19.345845],[-99.077359,19.346851],[-99.077457,19.347100],[-99.077699,19.347853],[-99.077760,19.347860],[-99.079923,19.348095],[-99.080439,19.348154],[-99.080774,19.348191],[-99.080914,19.347304],[-99.081193,19.347343],[-99.081684,19.347394],[-99.081835,19.347419],[-99.082194,19.347467],[-99.082497,19.347499],[-99.082637,19.347534],[-99.082772,19.347655],[-99.082916,19.347779],[-99.083223,19.348038],[-99.083500,19.348276],[-99.083747,19.348522],[-99.083818,19.348597],[-99.084151,19.348936],[-99.084370,19.349226],[-99.084575,19.349515],[-99.084898,19.349293],[-99.085027,19.349205],[-99.085410,19.348961],[-99.085868,19.348671],[-99.086194,19.348465],[-99.086239,19.348518],[-99.086427,19.348414],[-99.086534,19.348357],[-99.086661,19.348287],[-99.085720,19.347118],[-99.086154,19.346907],[-99.085535,19.346653],[-99.085500,19.346450],[-99.085480,19.346345],[-99.085411,19.346008],[-99.084580,19.346293],[-99.084479,19.346143],[-99.083785,19.345088],[-99.083707,19.344994],[-99.083701,19.344985],[-99.083670,19.345005],[-99.083492,19.345093],[-99.083279,19.345188],[-99.083072,19.345250],[-99.082781,19.345354],[-99.082661,19.345386],[-99.082570,19.345396],[-99.082428,19.345388],[-99.082018,19.345358],[-99.081747,19.345337],[-99.081721,19.345156],[-99.081642,19.345042],[-99.081430,19.344841],[-99.081168,19.344578],[-99.081019,19.344391],[-99.080989,19.344349],[-99.080965,19.344308],[-99.080900,19.344072],[-99.080888,19.343984],[-99.080893,19.343912],[-99.080930,19.343867],[-99.080971,19.343834],[-99.081036,19.343747],[-99.081133,19.343595],[-99.081183,19.343514],[-99.081205,19.343435],[-99.081234,19.343192],[-99.080942,19.343176],[-99.080896,19.343179],[-99.080854,19.343170],[-99.080594,19.343155]]]},"properties":{"cvegeo":"0900700010121","match":"Neighborhood","name":"Paraje San Juan Cerro","state":"Ciudad de México","municipality":"Iztapalapa","city":"Iztapalapa","neighborhood":"Paraje San Juan Cerro","category":"Colonia","type":"U","postal_code":"09858","population":"5663","dwellings":null,"occupied_dwellings":null,"price_m2":null,"property_price":null,"ids_prom":"402.388","nse":"C-","nse_label":"C- (20%)","nse_score":"4.024","nse_ab":"190","nse_cplus":"328","nse_c":"445","nse_cminus":"467","nse_dplus":"375","nse_d":"446","nse_e":"116","nse_total":"2369","nse_ab_pct":"8.05","nse_cplus_pct":"13.85","nse_c_pct":"18.79","nse_cminus_pct":"19.71","nse_dplus_pct":"15.83","nse_d_pct":"18.85","nse_e_pct":"4.91"}},{"type":"Feature","geometry":{"type":"Polygon","coordinates":[[[-99.063384,19.333528],[-99.063138,19.334016],[-99.063012,19.334270],[-99.062841,19.334617],[-99.062662,19.334972],[-99.062575,19.335139],[-99.062453,19.335397],[-99.062231,19.335841],[-99.062213,19.335877],[-99.063179,19.336364],[-99.063468,19.335925],[-99.063640,19.335702],[-99.063654,19.335773],[-99.063716,19.336307],[-99.063826,19.336427],[-99.064386,19.336890],[-99.065347,19.337718],[-99.065307,19.337941],[-99.065231,19.338316],[-99.065156,19.338716],[-99.065106,19.338793],[-99.065008,19.338947],[-99.065352,19.339053],[-99.065358,19.338829],[-99.065448,19.338882],[-99.066583,19.338931],[-99.066748,19.338934],[-99.067026,19.338939],[-99.067167,19.338939],[-99.068310,19.338948],[-99.068134,19.338359],[-99.067746,19.338390],[-99.067543,19.337695],[-99.067408,19.337254],[-99.067227,19.336804],[-99.067089,19.336381],[-99.067129,19.336004],[-99.067163,19.335566],[-99.067897,19.335877],[-99.067864,19.335540],[-99.066370,19.334842],[-99.065818,19.334583],[-99.064934,19.334228],[-99.064441,19.334019],[-99.064442,19.333977],[-99.063760,19.333679],[-99.063525,19.333577],[-99.063442,19.333549],[-99.063384,19.333528]]]},"properties":{"cvegeo":"0900700010122","match":"Neighborhood","name":"San Juan Joya","state":"Ciudad de México","municipality":"Iztapalapa","city":"Iztapalapa","neighborhood":"San Juan Joya","category":"Colonia","type":"U","postal_code":"09839","population":"1540","dwellings":null,"occupied_dwellings":null,"price_m2":null,"property_price":null,"ids_prom":"377.544","nse":"D","nse_label":"D (25%)","nse_score":"3.775","nse_ab":"73","nse_cplus":"125","nse_c":"150","nse_cminus":"212","nse_dplus":"164","nse_d":"263","nse_e":"55","nse_total":"1046","nse_ab_pct":"7.05","nse_cplus_pct":"11.99","nse_c_pct":"14.40","nse_cminus_pct":"20.34","nse_dplus_pct":"15.74","nse_d_pct":"25.19","nse_e_pct":"5.29"}},{"type":"Feature","geometry":{"type":"Polygon","coordinates":[[[-99.017854,19.350108],[-99.017603,19.350524],[-99.017210,19.351031],[-99.016841,19.351405],[-99.016585,19.351625],[-99.016309,19.351813],[-99.016169,19.351899],[-99.015781,19.352113],[-99.015294,19.352329],[-99.015081,19.352428],[-99.014888,19.352509],[-99.013466,19.353100],[-99.014433,19.353803],[-99.015255,19.354360],[-99.015275,19.355124],[-99.015337,19.357534],[-99.015350,19.357987],[-99.015365,19.358530],[-99.015562,19.358601],[-99.015983,19.358768],[-99.016381,19.358953],[-99.016857,19.359171],[-99.017094,19.359254],[-99.017397,19.359251],[-99.017791,19.359246],[-99.018180,19.359241],[-99.018855,19.359251],[-99.019528,19.359323],[-99.020440,19.359471],[-99.020570,19.359331],[-99.020723,19.359173],[-99.022009,19.357792],[-99.023105,19.356635],[-99.022111,19.356123],[-99.021820,19.355971],[-99.021600,19.355852],[-99.021523,19.355813],[-99.021436,19.355770],[-99.021147,19.355612],[-99.020772,19.355424],[-99.020562,19.355313],[-99.020237,19.355139],[-99.020199,19.355117],[-99.019927,19.354972],[-99.019678,19.354849],[-99.019257,19.354634],[-99.018738,19.354351],[-99.018314,19.354131],[-99.018356,19.353803],[-99.018400,19.353477],[-99.018448,19.353099],[-99.018501,19.352787],[-99.018507,19.352752],[-99.018567,19.352370],[-99.018502,19.351012],[-99.018657,19.350947],[-99.019096,19.350784],[-99.019331,19.350713],[-99.018833,19.350519],[-99.018481,19.350371],[-99.017854,19.350108]]]},"properties":{"cvegeo":"0900700010123","match":"Neighborhood","name":"Paraje Zacatepec","state":"Ciudad de México","municipality":"Iztapalapa","city":"Iztapalapa","neighborhood":"Paraje Zacatepec","category":"Colonia","type":"U","postal_code":"09560","population":"2051","dwellings":null,"occupied_dwellings":null,"price_m2":null,"property_price":null,"ids_prom":"359.952","nse":"D","nse_label":"D (26%)","nse_score":"3.600","nse_ab":"148","nse_cplus":"303","nse_c":"443","nse_cminus":"522","nse_dplus":"574","nse_d":"763","nse_e":"191","nse_total":"2949","nse_ab_pct":"5.03","nse_cplus_pct":"10.30","nse_c_pct":"15.05","nse_cminus_pct":"17.73","nse_dplus_pct":"19.49","nse_d_pct":"25.89","nse_e_pct":"6.51"}},{"type":"Feature","geometry":{"type":"Polygon","coordinates":[[[-99.083902,19.382155],[-99.083718,19.383297],[-99.083474,19.384572],[-99.083282,19.385613],[-99.083497,19.385640],[-99.083728,19.385660],[-99.083870,19.385672],[-99.084086,19.385689],[-99.084237,19.385706],[-99.084106,19.386501],[-99.084161,19.386515],[-99.084063,19.387097],[-99.084005,19.387461],[-99.083965,19.387724],[-99.083914,19.388098],[-99.083733,19.389255],[-99.083605,19.389380],[-99.084056,19.389662],[-99.084525,19.389928],[-99.084571,19.389573],[-99.084584,19.389475],[-99.084907,19.389670],[-99.086374,19.390103],[-99.086527,19.390152],[-99.087452,19.390398],[-99.088585,19.390699],[-99.088801,19.390382],[-99.088996,19.390079],[-99.089135,19.389858],[-99.089326,19.389555],[-99.089503,19.389267],[-99.089678,19.388999],[-99.089867,19.388715],[-99.090217,19.388174],[-99.090388,19.387899],[-99.090478,19.387759],[-99.090548,19.387653],[-99.090738,19.387366],[-99.090938,19.387055],[-99.091166,19.386702],[-99.091557,19.386071],[-99.091894,19.385540],[-99.092238,19.385000],[-99.092317,19.384862],[-99.092846,19.384053],[-99.089875,19.383467],[-99.089675,19.383428],[-99.087565,19.382934],[-99.087033,19.382824],[-99.085562,19.382508],[-99.085398,19.382473],[-99.083902,19.382155]]]},"properties":{"cvegeo":"0900700010125","match":"Neighborhood","name":"Paseos de Churubusco","state":"Ciudad de México","municipality":"Iztapalapa","city":"Iztapalapa","neighborhood":"Paseos de Churubusco","category":"Colonia","type":"U","postal_code":"09030","population":"4441","dwellings":null,"occupied_dwellings":null,"price_m2":null,"property_price":null,"ids_prom":"539.332","nse":"C+","nse_label":"C+ (30%)","nse_score":"5.393","nse_ab":"755","nse_cplus":"843","nse_c":"552","nse_cminus":"343","nse_dplus":"195","nse_d":"151","nse_e":"6","nse_total":"2852","nse_ab_pct":"26.50","nse_cplus_pct":"29.57","nse_c_pct":"19.37","nse_cminus_pct":"12.04","nse_dplus_pct":"6.86","nse_d_pct":"5.31","nse_e_pct":"0.21"}},{"type":"Feature","geometry":{"type":"Polygon","coordinates":[[[-99.052332,19.332505],[-99.051830,19.332719],[-99.051706,19.332777],[-99.051446,19.332899],[-99.051198,19.333015],[-99.051152,19.333037],[-99.050736,19.333220],[-99.050218,19.333448],[-99.049852,19.333612],[-99.049729,19.333663],[-99.049591,19.333723],[-99.049518,19.333751],[-99.049452,19.333775],[-99.049258,19.333851],[-99.048846,19.334002],[-99.048329,19.334201],[-99.048046,19.334313],[-99.047708,19.334446],[-99.047220,19.334611],[-99.046735,19.334791],[-99.046513,19.334872],[-99.046515,19.335193],[-99.046527,19.335565],[-99.046519,19.335934],[-99.046521,19.336225],[-99.046534,19.336978],[-99.046533,19.337316],[-99.046531,19.337957],[-99.046867,19.338000],[-99.047306,19.338072],[-99.047317,19.338074],[-99.047759,19.338218],[-99.047675,19.339781],[-99.047634,19.340599],[-99.048970,19.340378],[-99.049251,19.340345],[-99.050018,19.339712],[-99.050360,19.339427],[-99.050654,19.339190],[-99.051115,19.338806],[-99.051282,19.338686],[-99.051655,19.338367],[-99.051877,19.338179],[-99.052067,19.338018],[-99.052096,19.337994],[-99.052306,19.337817],[-99.052551,19.337610],[-99.052772,19.337423],[-99.052996,19.337233],[-99.053119,19.337128],[-99.053427,19.336868],[-99.053755,19.336600],[-99.054140,19.336263],[-99.054512,19.335948],[-99.054872,19.335644],[-99.055147,19.335410],[-99.055328,19.335256],[-99.055394,19.335200],[-99.055418,19.335180],[-99.055599,19.335031],[-99.055697,19.334950],[-99.055903,19.334778],[-99.056141,19.334577],[-99.055732,19.334205],[-99.055712,19.334265],[-99.054653,19.333798],[-99.054633,19.333562],[-99.052335,19.332614],[-99.052332,19.332505]]]},"properties":{"cvegeo":"0900700010127","match":"Neighborhood","name":"Las Peñas","state":"Ciudad de México","municipality":"Iztapalapa","city":"Iztapalapa","neighborhood":"Las Peñas","category":"Colonia","type":"U","postal_code":"09750","population":"9678","dwellings":null,"occupied_dwellings":null,"price_m2":null,"property_price":null,"ids_prom":"392.891","nse":"D","nse_label":"D (21%)","nse_score":"3.929","nse_ab":"250","nse_cplus":"400","nse_c":"546","nse_cminus":"564","nse_dplus":"548","nse_d":"663","nse_e":"148","nse_total":"3123","nse_ab_pct":"8.03","nse_cplus_pct":"12.82","nse_c_pct":"17.50","nse_cminus_pct":"18.08","nse_dplus_pct":"17.56","nse_d_pct":"21.25","nse_e_pct":"4.76"}},{"type":"Feature","geometry":{"type":"Polygon","coordinates":[[[-99.101523,19.378176],[-99.101414,19.378995],[-99.101250,19.380240],[-99.103018,19.380447],[-99.103370,19.380510],[-99.103755,19.380557],[-99.104265,19.380627],[-99.104754,19.380690],[-99.105107,19.380738],[-99.105403,19.380776],[-99.105667,19.380810],[-99.105725,19.380810],[-99.105938,19.380831],[-99.106089,19.380848],[-99.106300,19.380862],[-99.106390,19.380187],[-99.106211,19.380162],[-99.106402,19.378945],[-99.106432,19.378690],[-99.105962,19.378637],[-99.105804,19.378619],[-99.105527,19.378587],[-99.105499,19.378584],[-99.105165,19.378546],[-99.105008,19.378528],[-99.104839,19.378509],[-99.104544,19.378475],[-99.104491,19.378469],[-99.104120,19.378427],[-99.104051,19.378419],[-99.103766,19.378387],[-99.103640,19.378372],[-99.103377,19.378342],[-99.103167,19.378318],[-99.101791,19.378204],[-99.101523,19.378176]]]},"properties":{"cvegeo":"0900700010128","match":"Neighborhood","name":"Los Picos","state":"Ciudad de México","municipality":"Iztapalapa","city":"Iztapalapa","neighborhood":"Los Picos","category":"Colonia","type":"U","postal_code":"09420","population":"20934","dwellings":null,"occupied_dwellings":null,"price_m2":null,"property_price":null,"ids_prom":"437.212","nse":"C","nse_label":"C (19%)","nse_score":"4.372","nse_ab":"94","nse_cplus":"135","nse_c":"145","nse_cminus":"135","nse_dplus":"123","nse_d":"120","nse_e":"16","nse_total":"771","nse_ab_pct":"12.21","nse_cplus_pct":"17.58","nse_c_pct":"18.93","nse_cminus_pct":"17.58","nse_dplus_pct":"15.98","nse_d_pct":"15.60","nse_e_pct":"2.11"}},{"type":"Feature","geometry":{"type":"Polygon","coordinates":[[[-99.085576,19.350610],[-99.085170,19.350680],[-99.084990,19.350711],[-99.084749,19.350760],[-99.084671,19.350784],[-99.084332,19.350713],[-99.084211,19.351041],[-99.084073,19.351423],[-99.084055,19.351468],[-99.083980,19.351631],[-99.083886,19.351845],[-99.083596,19.352467],[-99.083568,19.352520],[-99.083314,19.353011],[-99.083154,19.353140],[-99.082718,19.353782],[-99.083862,19.354377],[-99.085087,19.355066],[-99.085549,19.355474],[-99.085672,19.355766],[-99.085933,19.355705],[-99.086025,19.355546],[-99.086283,19.355036],[-99.086624,19.354473],[-99.087005,19.353933],[-99.087167,19.353693],[-99.087324,19.353537],[-99.087128,19.353321],[-99.087928,19.352572],[-99.087949,19.352542],[-99.087997,19.352442],[-99.087987,19.352259],[-99.087952,19.352056],[-99.087558,19.352047],[-99.087456,19.352044],[-99.087412,19.352194],[-99.087226,19.352154],[-99.087129,19.352277],[-99.086949,19.352499],[-99.086730,19.352708],[-99.086072,19.351815],[-99.086238,19.351663],[-99.086653,19.351307],[-99.085629,19.351069],[-99.085576,19.350610]]]},"properties":{"cvegeo":"0900700010129","match":"Neighborhood","name":"Plan de Iguala","state":"Ciudad de México","municipality":"Iztapalapa","city":"Iztapalapa","neighborhood":"Plan de Iguala","category":"Colonia","type":"U","postal_code":"09838","population":"5124","dwellings":null,"occupied_dwellings":null,"price_m2":null,"property_price":null,"ids_prom":"399.374","nse":"C-","nse_label":"C- (22%)","nse_score":"3.994","nse_ab":"76","nse_cplus":"131","nse_c":"172","nse_cminus":"220","nse_dplus":"175","nse_d":"203","nse_e":"30","nse_total":"1009","nse_ab_pct":"7.57","nse_cplus_pct":"13.05","nse_c_pct":"17.07","nse_cminus_pct":"21.87","nse_dplus_pct":"17.35","nse_d_pct":"20.12","nse_e_pct":"2.97"}},{"type":"Feature","geometry":{"type":"Polygon","coordinates":[[[-99.064674,19.291909],[-99.064352,19.291974],[-99.063882,19.292071],[-99.063486,19.292152],[-99.062110,19.292433],[-99.061724,19.292520],[-99.061684,19.292564],[-99.061632,19.292663],[-99.061618,19.293070],[-99.061601,19.293556],[-99.061562,19.294092],[-99.061719,19.294220],[-99.061978,19.294425],[-99.062127,19.294822],[-99.062341,19.295655],[-99.062352,19.295696],[-99.062405,19.295902],[-99.062455,19.296100],[-99.062512,19.296324],[-99.062594,19.296715],[-99.062609,19.296835],[-99.062620,19.296992],[-99.062642,19.297304],[-99.062802,19.297606],[-99.063033,19.297352],[-99.063259,19.297148],[-99.063441,19.296984],[-99.063580,19.296860],[-99.063677,19.296772],[-99.063716,19.296737],[-99.063985,19.296499],[-99.064247,19.296264],[-99.064646,19.295904],[-99.064775,19.295793],[-99.064883,19.295691],[-99.065189,19.295411],[-99.065361,19.295255],[-99.065466,19.295157],[-99.065792,19.294858],[-99.065944,19.294715],[-99.066084,19.294599],[-99.066193,19.294496],[-99.066642,19.294070],[-99.067006,19.293719],[-99.066849,19.293591],[-99.065270,19.292340],[-99.065240,19.292317],[-99.064674,19.291909]]]},"properties":{"cvegeo":"0900700010130","match":"Neighborhood","name":"La Planta","state":"Ciudad de México","municipality":"Iztapalapa","city":"Iztapalapa","neighborhood":"La Planta","category":"Colonia","type":"U","postal_code":"09960","population":"573","dwellings":null,"occupied_dwellings":null,"price_m2":null,"property_price":null,"ids_prom":"353.750","nse":"D","nse_label":"D (27%)","nse_score":"3.538","nse_ab":"64","nse_cplus":"145","nse_c":"278","nse_cminus":"285","nse_dplus":"300","nse_d":"442","nse_e":"109","nse_total":"1626","nse_ab_pct":"3.95","nse_cplus_pct":"8.94","nse_c_pct":"17.13","nse_cminus_pct":"17.57","nse_dplus_pct":"18.47","nse_d_pct":"27.21","nse_e_pct":"6.74"}},{"type":"Feature","geometry":{"type":"Polygon","coordinates":[[[-99.045614,19.313777],[-99.040442,19.315415],[-99.040589,19.315446],[-99.040816,19.315667],[-99.040917,19.315761],[-99.041187,19.316015],[-99.041252,19.316073],[-99.041549,19.316330],[-99.041842,19.316583],[-99.041882,19.316619],[-99.042004,19.316729],[-99.042169,19.316877],[-99.042296,19.316996],[-99.042571,19.317246],[-99.042630,19.317300],[-99.042760,19.317422],[-99.042884,19.317538],[-99.042935,19.317579],[-99.043142,19.317779],[-99.043416,19.318033],[-99.043699,19.318294],[-99.043833,19.318418],[-99.044185,19.318743],[-99.044452,19.318989],[-99.044713,19.319231],[-99.044764,19.319280],[-99.044952,19.319452],[-99.045172,19.319649],[-99.045349,19.319818],[-99.045851,19.320319],[-99.045989,19.320437],[-99.046235,19.320675],[-99.046528,19.320953],[-99.047553,19.321934],[-99.047652,19.322031],[-99.047666,19.322047],[-99.048261,19.322672],[-99.048317,19.322729],[-99.048539,19.322941],[-99.048786,19.323179],[-99.049048,19.323455],[-99.049077,19.323488],[-99.049298,19.323722],[-99.049319,19.323744],[-99.049588,19.324018],[-99.049647,19.324079],[-99.049910,19.324357],[-99.050213,19.324685],[-99.050482,19.324961],[-99.050804,19.325290],[-99.051230,19.325689],[-99.051297,19.325750],[-99.051396,19.325840],[-99.051254,19.325362],[-99.051174,19.325145],[-99.051027,19.324758],[-99.050952,19.324590],[-99.050932,19.324548],[-99.050880,19.324473],[-99.050852,19.324443],[-99.050726,19.324120],[-99.050688,19.324028],[-99.050583,19.323751],[-99.050573,19.323711],[-99.050443,19.323422],[-99.050419,19.323347],[-99.050305,19.323068],[-99.050264,19.322930],[-99.050098,19.322497],[-99.050022,19.322310],[-99.049936,19.322100],[-99.049834,19.321838],[-99.049624,19.321297],[-99.049263,19.320443],[-99.048818,19.319585],[-99.047876,19.318001],[-99.047706,19.317631],[-99.047569,19.317272],[-99.047424,19.316824],[-99.047342,19.316477],[-99.047208,19.316040],[-99.047078,19.315674],[-99.046988,19.315442],[-99.046898,19.315293],[-99.046618,19.314876],[-99.046314,19.314525],[-99.046136,19.314335],[-99.045934,19.314172],[-99.045810,19.314032],[-99.045614,19.313777]]]},"properties":{"cvegeo":"0900700010131","match":"Neighborhood","name":"La Polvorilla","state":"Ciudad de México","municipality":"Iztapalapa","city":"Iztapalapa","neighborhood":"La Polvorilla","category":"Colonia","type":"U","postal_code":"09750","population":"871","dwellings":null,"occupied_dwellings":null,"price_m2":null,"property_price":null,"ids_prom":"342.136","nse":"D","nse_label":"D (31%)","nse_score":"3.421","nse_ab":"124","nse_cplus":"295","nse_c":"437","nse_cminus":"520","nse_dplus":"569","nse_d":"980","nse_e":"234","nse_total":"3163","nse_ab_pct":"3.95","nse_cplus_pct":"9.36","nse_c_pct":"13.82","nse_cminus_pct":"16.46","nse_dplus_pct":"18.01","nse_d_pct":"30.99","nse_e_pct":"7.42"}},{"type":"Feature","geometry":{"type":"Polygon","coordinates":[[[-99.133970,19.356534],[-99.133674,19.356552],[-99.133488,19.356588],[-99.133074,19.356736],[-99.132915,19.356801],[-99.132691,19.356918],[-99.132502,19.357034],[-99.132369,19.357120],[-99.132287,19.357177],[-99.132127,19.357301],[-99.131913,19.357520],[-99.131763,19.357717],[-99.131424,19.358260],[-99.131361,19.358376],[-99.131178,19.358661],[-99.131315,19.358618],[-99.131689,19.358681],[-99.132161,19.358739],[-99.132247,19.358748],[-99.132612,19.358791],[-99.132832,19.358822],[-99.133129,19.358853],[-99.133424,19.358888],[-99.133623,19.358905],[-99.133989,19.358948],[-99.134140,19.358961],[-99.134610,19.359009],[-99.135193,19.359069],[-99.135260,19.359078],[-99.135545,19.359109],[-99.135785,19.359136],[-99.135897,19.359148],[-99.136261,19.359188],[-99.136420,19.359205],[-99.136602,19.359223],[-99.137038,19.359273],[-99.137413,19.359314],[-99.137652,19.359338],[-99.138093,19.359385],[-99.138287,19.359405],[-99.138710,19.359457],[-99.139400,19.359537],[-99.139656,19.358354],[-99.139894,19.357370],[-99.139889,19.357140],[-99.139836,19.356918],[-99.139232,19.356865],[-99.137722,19.356768],[-99.137279,19.356743],[-99.136937,19.356717],[-99.136574,19.356695],[-99.136254,19.356675],[-99.135915,19.356646],[-99.135524,19.356623],[-99.135031,19.356589],[-99.134747,19.356569],[-99.134560,19.356564],[-99.134397,19.356547],[-99.134270,19.356541],[-99.133970,19.356534]]]},"properties":{"cvegeo":"0900700010132","match":"Neighborhood","name":"El Prado","state":"Ciudad de México","municipality":"Iztapalapa","city":"Iztapalapa","neighborhood":"El Prado","category":"Colonia","type":"U","postal_code":"09480","population":"3407","dwellings":null,"occupied_dwellings":null,"price_m2":null,"property_price":null,"ids_prom":"536.393","nse":"C+","nse_label":"C+ (28%)","nse_score":"5.364","nse_ab":"200","nse_cplus":"219","nse_c":"172","nse_cminus":"84","nse_dplus":"61","nse_d":"37","nse_e":"4","nse_total":"780","nse_ab_pct":"25.63","nse_cplus_pct":"28.16","nse_c_pct":"22.15","nse_cminus_pct":"10.87","nse_dplus_pct":"7.91","nse_d_pct":"4.75","nse_e_pct":"0.53"}},{"type":"Feature","geometry":{"type":"Polygon","coordinates":[[[-99.061416,19.326737],[-99.061220,19.326982],[-99.061131,19.327099],[-99.061122,19.327111],[-99.061038,19.327209],[-99.060979,19.327291],[-99.060834,19.327462],[-99.060690,19.327642],[-99.060538,19.327834],[-99.060153,19.328319],[-99.060129,19.328349],[-99.059628,19.328969],[-99.059241,19.329449],[-99.058835,19.329950],[-99.058693,19.330126],[-99.058288,19.330625],[-99.057962,19.331045],[-99.057761,19.330956],[-99.057584,19.330877],[-99.057407,19.330804],[-99.057214,19.330725],[-99.056855,19.330565],[-99.056494,19.330408],[-99.056479,19.330401],[-99.056134,19.330241],[-99.055962,19.330434],[-99.056184,19.330646],[-99.056243,19.330707],[-99.056469,19.330943],[-99.056514,19.330991],[-99.056772,19.331261],[-99.056956,19.331454],[-99.056838,19.331644],[-99.056740,19.331801],[-99.056659,19.331933],[-99.056309,19.332497],[-99.056265,19.332569],[-99.056088,19.332867],[-99.055959,19.333079],[-99.055828,19.333252],[-99.055784,19.333311],[-99.055607,19.333577],[-99.052618,19.332383],[-99.052421,19.332463],[-99.052332,19.332505],[-99.052335,19.332614],[-99.054633,19.333562],[-99.054653,19.333798],[-99.055712,19.334265],[-99.055732,19.334205],[-99.056141,19.334577],[-99.056275,19.334474],[-99.056638,19.334165],[-99.056883,19.333965],[-99.057047,19.333814],[-99.057150,19.333724],[-99.057330,19.333596],[-99.057571,19.333396],[-99.057625,19.333356],[-99.057917,19.333119],[-99.058154,19.332962],[-99.058348,19.332812],[-99.058369,19.332834],[-99.058737,19.333211],[-99.059024,19.333506],[-99.059353,19.333853],[-99.059472,19.333979],[-99.059672,19.334191],[-99.059862,19.334384],[-99.060064,19.334596],[-99.060189,19.334727],[-99.060544,19.335094],[-99.060738,19.335295],[-99.060790,19.335352],[-99.060858,19.335425],[-99.061410,19.336007],[-99.061730,19.336343],[-99.061896,19.336520],[-99.062052,19.336684],[-99.062412,19.337071],[-99.062590,19.337256],[-99.062808,19.337474],[-99.063088,19.337755],[-99.063106,19.337773],[-99.063417,19.337910],[-99.064374,19.338333],[-99.064601,19.338435],[-99.064957,19.338797],[-99.065008,19.338947],[-99.065106,19.338793],[-99.065156,19.338716],[-99.065231,19.338316],[-99.065307,19.337941],[-99.065347,19.337718],[-99.064386,19.336890],[-99.063826,19.336427],[-99.063716,19.336307],[-99.063654,19.335773],[-99.063640,19.335702],[-99.063468,19.335925],[-99.063179,19.336364],[-99.062213,19.335877],[-99.062231,19.335841],[-99.062453,19.335397],[-99.062575,19.335139],[-99.062662,19.334972],[-99.062841,19.334617],[-99.063012,19.334270],[-99.063138,19.334016],[-99.063384,19.333528],[-99.063442,19.333549],[-99.064390,19.332373],[-99.064576,19.332119],[-99.064663,19.332000],[-99.064993,19.331590],[-99.065179,19.331359],[-99.064500,19.330858],[-99.063554,19.330194],[-99.063783,19.329904],[-99.064015,19.329629],[-99.064228,19.329361],[-99.062652,19.328270],[-99.062672,19.328243],[-99.062779,19.328129],[-99.062973,19.327913],[-99.061416,19.326737]]]},"properties":{"cvegeo":"0900700010134","match":"Neighborhood","name":"Presidentes de México","state":"Ciudad de México","municipality":"Iztapalapa","city":"Iztapalapa","neighborhood":"Presidentes de México","category":"Colonia","type":"U","postal_code":"09740","population":"14296","dwellings":null,"occupied_dwellings":null,"price_m2":null,"property_price":null,"ids_prom":"395.690","nse":"D","nse_label":"D (21%)","nse_score":"3.957","nse_ab":"282","nse_cplus":"650","nse_c":"874","nse_cminus":"963","nse_dplus":"804","nse_d":"981","nse_e":"153","nse_total":"4710","nse_ab_pct":"6.00","nse_cplus_pct":"13.81","nse_c_pct":"18.57","nse_cminus_pct":"20.46","nse_dplus_pct":"17.07","nse_d_pct":"20.84","nse_e_pct":"3.25"}},{"type":"Feature","geometry":{"type":"Polygon","coordinates":[[[-99.065604,19.352652],[-99.065264,19.353990],[-99.064573,19.353858],[-99.064212,19.353789],[-99.064055,19.353756],[-99.063817,19.353701],[-99.063517,19.353645],[-99.063496,19.353707],[-99.062547,19.353529],[-99.062400,19.353502],[-99.062199,19.353466],[-99.062065,19.353439],[-99.061509,19.355746],[-99.061426,19.356094],[-99.061337,19.356416],[-99.060992,19.357811],[-99.060772,19.358710],[-99.060544,19.359651],[-99.060438,19.360009],[-99.060878,19.360022],[-99.061331,19.360039],[-99.061762,19.360062],[-99.061824,19.360070],[-99.062313,19.360134],[-99.062736,19.360186],[-99.063203,19.360247],[-99.063651,19.360302],[-99.063912,19.360335],[-99.064106,19.360329],[-99.064231,19.360211],[-99.064575,19.360648],[-99.065046,19.361212],[-99.065544,19.361828],[-99.066989,19.363536],[-99.067027,19.363315],[-99.067328,19.361752],[-99.067009,19.361667],[-99.066748,19.361610],[-99.066559,19.361568],[-99.066255,19.361499],[-99.066599,19.360462],[-99.067081,19.358976],[-99.067590,19.357501],[-99.068063,19.356044],[-99.068529,19.354595],[-99.068926,19.354676],[-99.069193,19.353378],[-99.068155,19.353192],[-99.067653,19.353092],[-99.067274,19.353013],[-99.067194,19.352997],[-99.066945,19.352946],[-99.066691,19.352889],[-99.066431,19.352834],[-99.066248,19.352789],[-99.065861,19.352703],[-99.065604,19.352652]]]},"properties":{"cvegeo":"0900700010136","match":"Neighborhood","name":"Progresista","state":"Ciudad de México","municipality":"Iztapalapa","city":"Iztapalapa","neighborhood":"Progresista","category":"Colonia","type":"U","postal_code":"09240","population":"9757","dwellings":null,"occupied_dwellings":null,"price_m2":null,"property_price":null,"ids_prom":"432.704","nse":"C","nse_label":"C (24%)","nse_score":"4.327","nse_ab":"350","nse_cplus":"960","nse_c":"1371","nse_cminus":"1283","nse_dplus":"906","nse_d":"703","nse_e":"61","nse_total":"5635","nse_ab_pct":"6.21","nse_cplus_pct":"17.03","nse_c_pct":"24.33","nse_cminus_pct":"22.77","nse_dplus_pct":"16.08","nse_d_pct":"12.49","nse_e_pct":"1.09"}},{"type":"Feature","geometry":{"type":"Polygon","coordinates":[[[-99.111031,19.349805],[-99.111045,19.350133],[-99.111285,19.350952],[-99.111241,19.351397],[-99.111077,19.352990],[-99.111015,19.353807],[-99.111006,19.354476],[-99.111106,19.354900],[-99.111012,19.354959],[-99.111343,19.355716],[-99.111408,19.356045],[-99.111361,19.356624],[-99.111435,19.356630],[-99.111532,19.356638],[-99.111947,19.356673],[-99.112381,19.356704],[-99.112805,19.356734],[-99.113264,19.356767],[-99.113308,19.356771],[-99.113562,19.354010],[-99.113628,19.353207],[-99.113801,19.351632],[-99.113964,19.350038],[-99.113438,19.349999],[-99.112932,19.349962],[-99.112448,19.349925],[-99.111930,19.349888],[-99.111414,19.349843],[-99.111031,19.349805]]]},"properties":{"cvegeo":"0900700010137","match":"Neighborhood","name":"Progreso del Sur","state":"Ciudad de México","municipality":"Iztapalapa","city":"Iztapalapa","neighborhood":"Progreso del Sur","category":"Colonia","type":"U","postal_code":"09810","population":"9462","dwellings":null,"occupied_dwellings":null,"price_m2":null,"property_price":null,"ids_prom":"439.599","nse":"C","nse_label":"C (18%)","nse_score":"4.396","nse_ab":"31","nse_cplus":"42","nse_c":"43","nse_cminus":"38","nse_dplus":"36","nse_d":"38","nse_e":"5","nse_total":"235","nse_ab_pct":"13.25","nse_cplus_pct":"17.87","nse_c_pct":"18.49","nse_cminus_pct":"16.49","nse_dplus_pct":"15.56","nse_d_pct":"16.18","nse_e_pct":"2.16"}},{"type":"Feature","geometry":{"type":"Polygon","coordinates":[[[-99.108295,19.370181],[-99.107245,19.370210],[-99.106970,19.370219],[-99.106636,19.370226],[-99.105999,19.370261],[-99.105929,19.370265],[-99.105801,19.370289],[-99.105618,19.370357],[-99.105195,19.370553],[-99.104577,19.370949],[-99.104208,19.371195],[-99.103982,19.371346],[-99.103696,19.371545],[-99.103331,19.371842],[-99.103148,19.371991],[-99.102925,19.372245],[-99.102572,19.372728],[-99.102490,19.372898],[-99.102391,19.373111],[-99.102314,19.373315],[-99.102236,19.373581],[-99.102113,19.374078],[-99.102080,19.374327],[-99.101971,19.375055],[-99.101966,19.375094],[-99.101949,19.375210],[-99.101925,19.375378],[-99.101881,19.375699],[-99.101850,19.375917],[-99.101840,19.375986],[-99.101790,19.376346],[-99.101781,19.376409],[-99.101757,19.376577],[-99.101746,19.376656],[-99.101728,19.376785],[-99.101719,19.376848],[-99.101687,19.377046],[-99.101651,19.377291],[-99.101634,19.377414],[-99.101582,19.377769],[-99.101577,19.377804],[-99.101523,19.378176],[-99.101791,19.378204],[-99.103167,19.378318],[-99.103237,19.377982],[-99.103349,19.377446],[-99.103432,19.377075],[-99.103505,19.376818],[-99.103713,19.376214],[-99.103804,19.375917],[-99.104602,19.376045],[-99.104954,19.374619],[-99.105402,19.374711],[-99.105565,19.374121],[-99.105762,19.373309],[-99.106248,19.373345],[-99.106740,19.373380],[-99.106967,19.373394],[-99.107097,19.373401],[-99.107482,19.373420],[-99.107884,19.373431],[-99.107866,19.372863],[-99.107862,19.372752],[-99.107852,19.372362],[-99.107913,19.372064],[-99.108072,19.371281],[-99.108214,19.370569],[-99.108295,19.370181]]]},"properties":{"cvegeo":"0900700010138","match":"Neighborhood","name":"Aculco","state":"Ciudad de México","municipality":"Iztapalapa","city":"Iztapalapa","neighborhood":"Aculco","category":"Pueblo","type":"U","postal_code":"09410","population":"3508","dwellings":null,"occupied_dwellings":null,"price_m2":null,"property_price":null,"ids_prom":"432.573","nse":"C+","nse_label":"C+ (19%)","nse_score":"4.326","nse_ab":"188","nse_cplus":"293","nse_c":"273","nse_cminus":"256","nse_dplus":"195","nse_d":"269","nse_e":"62","nse_total":"1539","nse_ab_pct":"12.22","nse_cplus_pct":"19.06","nse_c_pct":"17.74","nse_cminus_pct":"16.68","nse_dplus_pct":"12.73","nse_d_pct":"17.53","nse_e_pct":"4.05"}},{"type":"Feature","geometry":{"type":"Polygon","coordinates":[[[-99.107818,19.334444],[-99.107828,19.334858],[-99.106406,19.334851],[-99.105932,19.334764],[-99.105671,19.334697],[-99.105323,19.335716],[-99.105191,19.336098],[-99.104718,19.336127],[-99.104776,19.336519],[-99.104966,19.336801],[-99.104956,19.336844],[-99.104963,19.336957],[-99.104629,19.338128],[-99.104507,19.338615],[-99.105136,19.338738],[-99.105832,19.338902],[-99.105648,19.339307],[-99.105614,19.339436],[-99.105605,19.339478],[-99.105617,19.339507],[-99.105651,19.339518],[-99.105717,19.339506],[-99.105998,19.339437],[-99.106384,19.339354],[-99.107046,19.339317],[-99.106878,19.339858],[-99.106655,19.340532],[-99.106342,19.341281],[-99.106278,19.341434],[-99.106080,19.342016],[-99.105959,19.342493],[-99.105763,19.343238],[-99.105933,19.343292],[-99.107292,19.343706],[-99.107767,19.343841],[-99.107925,19.343081],[-99.108048,19.342547],[-99.108094,19.342360],[-99.108131,19.342196],[-99.108184,19.342004],[-99.108233,19.341808],[-99.108502,19.340848],[-99.108714,19.340174],[-99.108846,19.339617],[-99.108904,19.339279],[-99.108896,19.338082],[-99.109629,19.338130],[-99.110405,19.338261],[-99.111547,19.335482],[-99.111112,19.335327],[-99.110908,19.335255],[-99.110569,19.335165],[-99.110309,19.335109],[-99.110216,19.335093],[-99.110196,19.335165],[-99.110075,19.335139],[-99.109767,19.335073],[-99.109734,19.335040],[-99.109029,19.334934],[-99.108944,19.334862],[-99.107818,19.334444]]]},"properties":{"cvegeo":"0900700010139","match":"Neighborhood","name":"Culhuacan","state":"Ciudad de México","municipality":"Iztapalapa","city":"Iztapalapa","neighborhood":"Culhuacan","category":"Pueblo","type":"U","postal_code":"09800","population":"3498","dwellings":null,"occupied_dwellings":null,"price_m2":null,"property_price":null,"ids_prom":"408.153","nse":"D","nse_label":"D (19%)","nse_score":"4.082","nse_ab":"168","nse_cplus":"269","nse_c":"303","nse_cminus":"312","nse_dplus":"288","nse_d":"343","nse_e":"77","nse_total":"1763","nse_ab_pct":"9.58","nse_cplus_pct":"15.30","nse_c_pct":"17.20","nse_cminus_pct":"17.75","nse_dplus_pct":"16.34","nse_d_pct":"19.46","nse_e_pct":"4.38"}},{"type":"Feature","geometry":{"type":"Polygon","coordinates":[[[-99.108502,19.340848],[-99.108233,19.341808],[-99.108184,19.342004],[-99.108131,19.342196],[-99.108094,19.342360],[-99.108048,19.342547],[-99.107925,19.343081],[-99.107767,19.343841],[-99.107738,19.344018],[-99.107619,19.344656],[-99.107566,19.345015],[-99.107473,19.345807],[-99.107547,19.345847],[-99.107466,19.346316],[-99.107299,19.347222],[-99.107241,19.347531],[-99.106908,19.349352],[-99.107789,19.349505],[-99.108250,19.349542],[-99.108709,19.349586],[-99.108722,19.349588],[-99.109181,19.349633],[-99.109661,19.349678],[-99.109723,19.349682],[-99.110223,19.349732],[-99.110837,19.349793],[-99.111052,19.348892],[-99.111186,19.348290],[-99.111258,19.348017],[-99.111292,19.347878],[-99.111418,19.347385],[-99.111441,19.347297],[-99.111489,19.347101],[-99.111502,19.347050],[-99.111540,19.346903],[-99.111662,19.346441],[-99.111871,19.345486],[-99.112051,19.344619],[-99.112105,19.344348],[-99.112134,19.344201],[-99.112232,19.343767],[-99.112270,19.343599],[-99.111905,19.343296],[-99.110299,19.341975],[-99.109609,19.341538],[-99.109636,19.341140],[-99.108502,19.340848]]]},"properties":{"cvegeo":"0900700010140","match":"Neighborhood","name":"Los Reyes Culhuacan","state":"Ciudad de México","municipality":"Iztapalapa","city":"Iztapalapa","neighborhood":"Los Reyes Culhuacan","category":"Pueblo","type":"U","postal_code":"09840","population":"9929","dwellings":null,"occupied_dwellings":null,"price_m2":null,"property_price":null,"ids_prom":"385.918","nse":"D","nse_label":"D (23%)","nse_score":"3.859","nse_ab":"128","nse_cplus":"248","nse_c":"258","nse_cminus":"277","nse_dplus":"293","nse_d":"396","nse_e":"98","nse_total":"1702","nse_ab_pct":"7.56","nse_cplus_pct":"14.61","nse_c_pct":"15.20","nse_cminus_pct":"16.32","nse_dplus_pct":"17.24","nse_d_pct":"23.29","nse_e_pct":"5.78"}},{"type":"Feature","geometry":{"type":"Polygon","coordinates":[[[-99.107884,19.373431],[-99.107864,19.373931],[-99.108074,19.374615],[-99.108377,19.375338],[-99.108425,19.375483],[-99.108759,19.376672],[-99.109101,19.377618],[-99.109268,19.378083],[-99.109516,19.378707],[-99.109670,19.379069],[-99.110162,19.379136],[-99.110882,19.379235],[-99.110941,19.378943],[-99.111000,19.378497],[-99.111003,19.378481],[-99.111080,19.377931],[-99.111118,19.377722],[-99.112515,19.378084],[-99.113111,19.378220],[-99.113246,19.377724],[-99.113434,19.377049],[-99.113713,19.375769],[-99.113905,19.374882],[-99.114086,19.373985],[-99.113258,19.373828],[-99.112758,19.373734],[-99.112263,19.373640],[-99.112052,19.373600],[-99.111565,19.373567],[-99.111116,19.373536],[-99.110714,19.373508],[-99.110643,19.373505],[-99.110126,19.373484],[-99.109589,19.373466],[-99.109135,19.373459],[-99.108663,19.373449],[-99.108187,19.373438],[-99.107884,19.373431]]]},"properties":{"cvegeo":"0900700010141","match":"Neighborhood","name":"Magdalena Atlazolpa","state":"Ciudad de México","municipality":"Iztapalapa","city":"Iztapalapa","neighborhood":"Magdalena Atlazolpa","category":"Pueblo","type":"U","postal_code":"09410","population":"7643","dwellings":null,"occupied_dwellings":null,"price_m2":null,"property_price":null,"ids_prom":"429.918","nse":"C+","nse_label":"C+ (18%)","nse_score":"4.299","nse_ab":"207","nse_cplus":"278","nse_c":"258","nse_cminus":"270","nse_dplus":"219","nse_d":"267","nse_e":"71","nse_total":"1572","nse_ab_pct":"13.22","nse_cplus_pct":"17.70","nse_c_pct":"16.42","nse_cminus_pct":"17.18","nse_dplus_pct":"13.95","nse_d_pct":"16.98","nse_e_pct":"4.55"}},{"type":"Feature","geometry":{"type":"Polygon","coordinates":[[[-99.120211,19.353807],[-99.120168,19.354502],[-99.120073,19.355639],[-99.120001,19.355634],[-99.119963,19.355632],[-99.119930,19.355822],[-99.119689,19.355803],[-99.119535,19.355798],[-99.119454,19.355798],[-99.118994,19.355767],[-99.118638,19.357550],[-99.118156,19.357450],[-99.117764,19.357373],[-99.116898,19.357203],[-99.116117,19.357066],[-99.115723,19.357002],[-99.115285,19.358912],[-99.115222,19.359208],[-99.115617,19.359256],[-99.115989,19.359292],[-99.116418,19.359325],[-99.116867,19.359364],[-99.116902,19.359367],[-99.117274,19.359403],[-99.117305,19.359407],[-99.117679,19.359452],[-99.118186,19.359518],[-99.118654,19.359571],[-99.119063,19.359611],[-99.119295,19.359630],[-99.119490,19.359653],[-99.119923,19.359712],[-99.120333,19.359752],[-99.120752,19.359792],[-99.121197,19.359826],[-99.121669,19.359870],[-99.122224,19.359936],[-99.122208,19.359614],[-99.122160,19.359149],[-99.122030,19.357803],[-99.121980,19.357662],[-99.121980,19.357662],[-99.121977,19.357642],[-99.121976,19.357634],[-99.121890,19.356976],[-99.121879,19.356889],[-99.121643,19.355062],[-99.121589,19.354636],[-99.121454,19.353920],[-99.120720,19.353853],[-99.120211,19.353807]]]},"properties":{"cvegeo":"0900700010142","match":"Neighborhood","name":"Mexicaltzingo","state":"Ciudad de México","municipality":"Iztapalapa","city":"Iztapalapa","neighborhood":"Mexicaltzingo","category":"Pueblo","type":"U","postal_code":"09099","population":"1319","dwellings":null,"occupied_dwellings":null,"price_m2":null,"property_price":null,"ids_prom":"494.846","nse":"C+","nse_label":"C+ (25%)","nse_score":"4.949","nse_ab":"185","nse_cplus":"240","nse_c":"191","nse_cminus":"143","nse_dplus":"102","nse_d":"90","nse_e":"9","nse_total":"964","nse_ab_pct":"19.20","nse_cplus_pct":"24.93","nse_c_pct":"19.91","nse_cminus_pct":"14.88","nse_dplus_pct":"10.64","nse_d_pct":"9.42","nse_e_pct":"1.01"}},{"type":"Feature","geometry":{"type":"Polygon","coordinates":[[[-99.103821,19.324587],[-99.103824,19.324767],[-99.103711,19.325588],[-99.103522,19.326078],[-99.103379,19.326455],[-99.103238,19.326783],[-99.103112,19.327075],[-99.103166,19.327425],[-99.103117,19.327544],[-99.103418,19.327681],[-99.103626,19.327776],[-99.103832,19.327869],[-99.104115,19.327998],[-99.104137,19.328009],[-99.104454,19.328151],[-99.104756,19.328287],[-99.105093,19.328453],[-99.105168,19.328490],[-99.105527,19.328654],[-99.105557,19.328665],[-99.105749,19.328733],[-99.105788,19.328736],[-99.106479,19.328785],[-99.106610,19.328792],[-99.106840,19.328916],[-99.107448,19.328379],[-99.107589,19.328287],[-99.107070,19.327746],[-99.106544,19.327205],[-99.106093,19.326740],[-99.106046,19.326692],[-99.105770,19.326351],[-99.105729,19.326300],[-99.105546,19.326121],[-99.105428,19.326006],[-99.105206,19.325789],[-99.105102,19.325686],[-99.104891,19.325481],[-99.104336,19.324938],[-99.104186,19.324811],[-99.103987,19.324673],[-99.103821,19.324587]]]},"properties":{"cvegeo":"0900700010143","match":"Neighborhood","name":"San Andrés Tomatlan","state":"Ciudad de México","municipality":"Iztapalapa","city":"Iztapalapa","neighborhood":"San Andrés Tomatlan","category":"Pueblo","type":"U","postal_code":"09870","population":"13072","dwellings":null,"occupied_dwellings":null,"price_m2":null,"property_price":null,"ids_prom":"403.518","nse":"D","nse_label":"D (22%)","nse_score":"4.035","nse_ab":"51","nse_cplus":"94","nse_c":"103","nse_cminus":"104","nse_dplus":"88","nse_d":"132","nse_e":"24","nse_total":"598","nse_ab_pct":"8.58","nse_cplus_pct":"15.85","nse_c_pct":"17.24","nse_cminus_pct":"17.39","nse_dplus_pct":"14.75","nse_d_pct":"22.16","nse_e_pct":"4.04"}},{"type":"Feature","geometry":{"type":"Polygon","coordinates":[[[-99.116396,19.372942],[-99.116319,19.373354],[-99.116169,19.373343],[-99.116109,19.373744],[-99.115970,19.374333],[-99.116373,19.374408],[-99.116434,19.374419],[-99.117117,19.374545],[-99.117503,19.374626],[-99.117707,19.374668],[-99.117941,19.374721],[-99.118464,19.374829],[-99.118837,19.374904],[-99.119023,19.374940],[-99.119293,19.374999],[-99.119685,19.375075],[-99.120113,19.375157],[-99.120483,19.375229],[-99.120875,19.375311],[-99.120935,19.375324],[-99.121312,19.375403],[-99.121699,19.375484],[-99.122534,19.375700],[-99.122664,19.375738],[-99.122669,19.374362],[-99.121569,19.374202],[-99.121139,19.374154],[-99.120708,19.374109],[-99.119916,19.374001],[-99.120066,19.373340],[-99.120088,19.373300],[-99.119649,19.373233],[-99.119458,19.373198],[-99.119276,19.373172],[-99.118808,19.373134],[-99.118293,19.373069],[-99.117837,19.373017],[-99.117550,19.373005],[-99.117534,19.373049],[-99.117291,19.373026],[-99.116993,19.373002],[-99.116706,19.372975],[-99.116396,19.372942]]]},"properties":{"cvegeo":"0900700010144","match":"Neighborhood","name":"San Juanico Nextipac","state":"Ciudad de México","municipality":"Iztapalapa","city":"Iztapalapa","neighborhood":"San Juanico Nextipac","category":"Pueblo","type":"U","postal_code":"09400","population":"1640","dwellings":null,"occupied_dwellings":null,"price_m2":null,"property_price":null,"ids_prom":"398.090","nse":"D","nse_label":"D (26%)","nse_score":"3.981","nse_ab":"65","nse_cplus":"94","nse_c":"94","nse_cminus":"94","nse_dplus":"96","nse_d":"166","nse_e":"20","nse_total":"632","nse_ab_pct":"10.33","nse_cplus_pct":"14.93","nse_c_pct":"14.91","nse_cminus_pct":"15.01","nse_dplus_pct":"15.24","nse_d_pct":"26.36","nse_e_pct":"3.23"}},{"type":"Feature","geometry":{"type":"Polygon","coordinates":[[[-99.059871,19.304441],[-99.058402,19.306256],[-99.056930,19.308057],[-99.056202,19.308951],[-99.056097,19.309080],[-99.055771,19.309480],[-99.055480,19.309831],[-99.055349,19.309995],[-99.055189,19.310194],[-99.055135,19.310257],[-99.054899,19.310539],[-99.054656,19.310843],[-99.054448,19.311080],[-99.054208,19.311354],[-99.054185,19.311381],[-99.056365,19.313031],[-99.056583,19.313195],[-99.057566,19.313881],[-99.058447,19.315000],[-99.058576,19.315061],[-99.058772,19.314746],[-99.059000,19.314424],[-99.059226,19.314133],[-99.059463,19.313845],[-99.059705,19.313559],[-99.059932,19.313272],[-99.060192,19.312946],[-99.060462,19.312705],[-99.060601,19.312527],[-99.060895,19.312150],[-99.061754,19.312494],[-99.061608,19.312710],[-99.061276,19.313195],[-99.061175,19.313341],[-99.061825,19.313954],[-99.061503,19.314276],[-99.061237,19.314535],[-99.060981,19.314796],[-99.060730,19.315050],[-99.060670,19.315122],[-99.060758,19.315149],[-99.063817,19.315873],[-99.064200,19.315525],[-99.064443,19.315305],[-99.064571,19.315190],[-99.065635,19.315457],[-99.065585,19.315683],[-99.066090,19.315634],[-99.066368,19.315599],[-99.066397,19.315599],[-99.066714,19.315595],[-99.066764,19.315595],[-99.067258,19.315641],[-99.067438,19.315655],[-99.067761,19.315687],[-99.068028,19.315695],[-99.068216,19.315701],[-99.068328,19.315696],[-99.068505,19.315696],[-99.068733,19.315679],[-99.068935,19.315683],[-99.069061,19.315653],[-99.069238,19.315589],[-99.069469,19.315491],[-99.069639,19.315337],[-99.069693,19.315221],[-99.069751,19.315045],[-99.069761,19.314851],[-99.069819,19.313763],[-99.070018,19.313680],[-99.069944,19.313485],[-99.069892,19.313275],[-99.069865,19.312975],[-99.069814,19.311748],[-99.069793,19.311066],[-99.069792,19.311045],[-99.069779,19.310501],[-99.069770,19.310387],[-99.069762,19.310163],[-99.069735,19.309976],[-99.069655,19.309650],[-99.069522,19.309353],[-99.069418,19.309190],[-99.069383,19.309146],[-99.069158,19.308899],[-99.068737,19.308498],[-99.068326,19.308097],[-99.067996,19.307767],[-99.067791,19.307564],[-99.067517,19.307298],[-99.067299,19.307101],[-99.067116,19.306960],[-99.066739,19.306726],[-99.065918,19.306412],[-99.065479,19.306259],[-99.065016,19.306102],[-99.064547,19.305959],[-99.064061,19.305810],[-99.063674,19.305687],[-99.063527,19.305628],[-99.063400,19.305685],[-99.062664,19.305441],[-99.060886,19.304858],[-99.060487,19.304690],[-99.059871,19.304441]]]},"properties":{"cvegeo":"0900700010145","match":"Neighborhood","name":"San Lorenzo Tezonco","state":"Ciudad de México","municipality":"Iztapalapa","city":"Iztapalapa","neighborhood":"San Lorenzo Tezonco","category":"Pueblo","type":"U","postal_code":"09790","population":"3531","dwellings":null,"occupied_dwellings":null,"price_m2":null,"property_price":null,"ids_prom":"362.626","nse":"D","nse_label":"D (26%)","nse_score":"3.626","nse_ab":"103","nse_cplus":"207","nse_c":"269","nse_cminus":"325","nse_dplus":"367","nse_d":"492","nse_e":"109","nse_total":"1878","nse_ab_pct":"5.51","nse_cplus_pct":"11.03","nse_c_pct":"14.34","nse_cminus_pct":"17.32","nse_dplus_pct":"19.57","nse_d_pct":"26.20","nse_e_pct":"5.82"}},{"type":"Feature","geometry":{"type":"Polygon","coordinates":[[[-99.026791,19.379979],[-99.026587,19.380270],[-99.026370,19.380613],[-99.026067,19.381090],[-99.025775,19.381541],[-99.025473,19.382007],[-99.025181,19.382468],[-99.024863,19.382954],[-99.024560,19.383426],[-99.024242,19.383923],[-99.023939,19.384394],[-99.023502,19.385060],[-99.023634,19.385119],[-99.024018,19.385292],[-99.024407,19.385468],[-99.024805,19.385647],[-99.024887,19.385684],[-99.024959,19.385716],[-99.025228,19.385837],[-99.025390,19.385910],[-99.025498,19.385959],[-99.025885,19.386133],[-99.026244,19.386295],[-99.026303,19.386321],[-99.026667,19.386485],[-99.027043,19.386655],[-99.027480,19.386851],[-99.027667,19.386935],[-99.027863,19.386626],[-99.028166,19.386170],[-99.028474,19.385715],[-99.028765,19.385253],[-99.029095,19.384767],[-99.029397,19.384316],[-99.029710,19.383850],[-99.030024,19.383384],[-99.030337,19.382912],[-99.030567,19.382564],[-99.030753,19.382273],[-99.030470,19.382109],[-99.029437,19.381511],[-99.028117,19.380747],[-99.027258,19.380250],[-99.026791,19.379979]]]},"properties":{"cvegeo":"0900700010146","match":"Neighborhood","name":"San Lorenzo Xicotencatl","state":"Ciudad de México","municipality":"Iztapalapa","city":"Iztapalapa","neighborhood":"San Lorenzo Xicotencatl","category":"Pueblo","type":"U","postal_code":"09130","population":"4731","dwellings":null,"occupied_dwellings":null,"price_m2":null,"property_price":null,"ids_prom":"406.358","nse":"D","nse_label":"D (21%)","nse_score":"4.064","nse_ab":"102","nse_cplus":"173","nse_c":"217","nse_cminus":"198","nse_dplus":"194","nse_d":"240","nse_e":"40","nse_total":"1166","nse_ab_pct":"8.79","nse_cplus_pct":"14.85","nse_c_pct":"18.62","nse_cminus_pct":"17.01","nse_dplus_pct":"16.65","nse_d_pct":"20.58","nse_e_pct":"3.51"}},{"type":"Feature","geometry":{"type":"Polygon","coordinates":[[[-99.015365,19.358530],[-99.015378,19.359003],[-99.015394,19.359501],[-99.015406,19.360015],[-99.015367,19.360072],[-99.013481,19.360987],[-99.013425,19.361017],[-99.013381,19.361042],[-99.012402,19.361497],[-99.011531,19.360923],[-99.011511,19.361089],[-99.011472,19.361407],[-99.011444,19.361618],[-99.012056,19.361707],[-99.012686,19.361805],[-99.011609,19.362363],[-99.011577,19.362521],[-99.011541,19.362773],[-99.012927,19.363061],[-99.013291,19.363133],[-99.013820,19.363242],[-99.014199,19.363318],[-99.014568,19.363396],[-99.014701,19.363424],[-99.014906,19.363466],[-99.015219,19.363530],[-99.015369,19.363562],[-99.015652,19.363623],[-99.015712,19.363636],[-99.015996,19.363694],[-99.015570,19.364799],[-99.015294,19.365515],[-99.014841,19.366814],[-99.015438,19.367035],[-99.016257,19.367303],[-99.016411,19.366898],[-99.017048,19.365160],[-99.017759,19.364200],[-99.018542,19.363336],[-99.019514,19.363525],[-99.020522,19.362301],[-99.020573,19.362243],[-99.020580,19.362235],[-99.021077,19.361654],[-99.022413,19.360023],[-99.021731,19.359710],[-99.021376,19.359504],[-99.021255,19.359443],[-99.021044,19.359336],[-99.020723,19.359173],[-99.020570,19.359331],[-99.020440,19.359471],[-99.019528,19.359323],[-99.018855,19.359251],[-99.018180,19.359241],[-99.017791,19.359246],[-99.017397,19.359251],[-99.017094,19.359254],[-99.016857,19.359171],[-99.016381,19.358953],[-99.015983,19.358768],[-99.015562,19.358601],[-99.015365,19.358530]]]},"properties":{"cvegeo":"0900700010147","match":"Neighborhood","name":"San Sebastián Tecoloxtitla","state":"Ciudad de México","municipality":"Iztapalapa","city":"Iztapalapa","neighborhood":"San Sebastián Tecoloxtitla","category":"Pueblo","type":"U","postal_code":"09520","population":"6951","dwellings":null,"occupied_dwellings":null,"price_m2":null,"property_price":null,"ids_prom":"373.053","nse":"D","nse_label":"D (25%)","nse_score":"3.731","nse_ab":"126","nse_cplus":"252","nse_c":"294","nse_cminus":"329","nse_dplus":"336","nse_d":"488","nse_e":"131","nse_total":"1960","nse_ab_pct":"6.47","nse_cplus_pct":"12.89","nse_c_pct":"15.04","nse_cminus_pct":"16.80","nse_dplus_pct":"17.15","nse_d_pct":"24.94","nse_e_pct":"6.72"}},{"type":"Feature","geometry":{"type":"Polygon","coordinates":[[[-99.036675,19.335347],[-99.036610,19.335552],[-99.036552,19.335706],[-99.036418,19.336084],[-99.036295,19.336427],[-99.036137,19.336865],[-99.035978,19.337313],[-99.035854,19.337685],[-99.035740,19.338116],[-99.035594,19.338669],[-99.035589,19.338685],[-99.035354,19.339430],[-99.035212,19.339882],[-99.035207,19.339899],[-99.035161,19.340094],[-99.035158,19.340104],[-99.035116,19.340283],[-99.035063,19.340492],[-99.034990,19.340740],[-99.034961,19.340840],[-99.034721,19.341651],[-99.034626,19.341974],[-99.034546,19.342245],[-99.034430,19.342641],[-99.034387,19.342792],[-99.034089,19.343797],[-99.034087,19.343905],[-99.034235,19.343891],[-99.034673,19.343845],[-99.035074,19.343807],[-99.035480,19.343767],[-99.035858,19.343734],[-99.035981,19.343727],[-99.036144,19.343707],[-99.036441,19.343678],[-99.036838,19.343643],[-99.037226,19.343601],[-99.037660,19.343559],[-99.037813,19.343539],[-99.038111,19.343508],[-99.038504,19.343468],[-99.038949,19.343428],[-99.039385,19.343384],[-99.039713,19.343350],[-99.039788,19.343345],[-99.040187,19.343310],[-99.040500,19.343279],[-99.040683,19.343258],[-99.040765,19.343250],[-99.041147,19.343212],[-99.041380,19.343192],[-99.041539,19.343174],[-99.041943,19.343138],[-99.042036,19.343128],[-99.042368,19.343093],[-99.042761,19.343054],[-99.042818,19.343048],[-99.043220,19.343005],[-99.043603,19.342969],[-99.043841,19.342946],[-99.044046,19.342925],[-99.044478,19.342890],[-99.044879,19.342854],[-99.045165,19.342824],[-99.045263,19.342814],[-99.045699,19.342771],[-99.046171,19.342726],[-99.046541,19.342693],[-99.046947,19.342655],[-99.047542,19.342594],[-99.049480,19.342404],[-99.049755,19.342525],[-99.049909,19.342506],[-99.050046,19.342488],[-99.050547,19.342425],[-99.051032,19.342363],[-99.051533,19.342299],[-99.051749,19.342271],[-99.052009,19.341431],[-99.051777,19.341448],[-99.051762,19.340489],[-99.051208,19.340499],[-99.051191,19.339697],[-99.051485,19.339659],[-99.051503,19.338666],[-99.051282,19.338686],[-99.051115,19.338806],[-99.050654,19.339190],[-99.050360,19.339427],[-99.050018,19.339712],[-99.049251,19.340345],[-99.048970,19.340378],[-99.047634,19.340599],[-99.047675,19.339781],[-99.047759,19.338218],[-99.047317,19.338074],[-99.047306,19.338072],[-99.046867,19.338000],[-99.046531,19.337957],[-99.045824,19.337868],[-99.045458,19.337792],[-99.044996,19.337697],[-99.044589,19.337616],[-99.044231,19.337524],[-99.044165,19.337509],[-99.044021,19.337479],[-99.043263,19.337324],[-99.042829,19.337240],[-99.042791,19.337226],[-99.042378,19.337073],[-99.041798,19.336857],[-99.041379,19.336701],[-99.040365,19.336335],[-99.039973,19.336194],[-99.039419,19.335978],[-99.039238,19.335930],[-99.038930,19.335846],[-99.038836,19.335813],[-99.038636,19.335781],[-99.038443,19.335738],[-99.038388,19.335726],[-99.037194,19.335462],[-99.036675,19.335347]]]},"properties":{"cvegeo":"0900700010148","match":"Neighborhood","name":"Santa Cruz Meyehualco","state":"Ciudad de México","municipality":"Iztapalapa","city":"Iztapalapa","neighborhood":"Santa Cruz Meyehualco","category":"Pueblo","type":"U","postal_code":"09700","population":"11481","dwellings":null,"occupied_dwellings":null,"price_m2":null,"property_price":null,"ids_prom":"356.214","nse":"D","nse_label":"D (27%)","nse_score":"3.562","nse_ab":"198","nse_cplus":"364","nse_c":"602","nse_cminus":"639","nse_dplus":"678","nse_d":"1018","nse_e":"290","nse_total":"3792","nse_ab_pct":"5.23","nse_cplus_pct":"9.62","nse_c_pct":"15.89","nse_cminus_pct":"16.85","nse_dplus_pct":"17.90","nse_d_pct":"26.86","nse_e_pct":"7.66"}},{"type":"Feature","geometry":{"type":"Polygon","coordinates":[[[-99.025341,19.344766],[-99.024750,19.344825],[-99.024300,19.344867],[-99.023113,19.344988],[-99.022614,19.345045],[-99.022330,19.345078],[-99.021957,19.345123],[-99.021587,19.345186],[-99.020991,19.345383],[-99.020625,19.345587],[-99.020188,19.345911],[-99.019840,19.346242],[-99.019565,19.346596],[-99.019236,19.347171],[-99.018338,19.349068],[-99.018201,19.349362],[-99.018105,19.349568],[-99.017878,19.350056],[-99.017854,19.350108],[-99.018481,19.350371],[-99.018833,19.350519],[-99.019331,19.350713],[-99.019569,19.350758],[-99.019852,19.350823],[-99.020290,19.350871],[-99.020204,19.351333],[-99.020465,19.351766],[-99.020598,19.351961],[-99.020950,19.352271],[-99.021558,19.352247],[-99.021377,19.352956],[-99.021918,19.353105],[-99.022422,19.353234],[-99.023409,19.353549],[-99.023667,19.353633],[-99.023875,19.353804],[-99.023946,19.354093],[-99.023994,19.354351],[-99.024044,19.354613],[-99.024023,19.354947],[-99.024028,19.355377],[-99.023871,19.355603],[-99.023785,19.355719],[-99.023425,19.356235],[-99.023105,19.356635],[-99.024114,19.357177],[-99.024201,19.357227],[-99.025281,19.357804],[-99.025431,19.357089],[-99.025458,19.356911],[-99.025547,19.356573],[-99.025847,19.355492],[-99.026029,19.354841],[-99.026163,19.354237],[-99.026339,19.353347],[-99.026385,19.353117],[-99.026417,19.352955],[-99.026769,19.352925],[-99.027272,19.352882],[-99.027780,19.352836],[-99.028433,19.352783],[-99.028882,19.352745],[-99.029600,19.352683],[-99.029752,19.352670],[-99.030001,19.351879],[-99.030065,19.351673],[-99.030290,19.351000],[-99.030420,19.350613],[-99.030567,19.350176],[-99.030108,19.350118],[-99.029411,19.350063],[-99.029211,19.350056],[-99.028886,19.350027],[-99.028844,19.350022],[-99.028302,19.349976],[-99.027746,19.349923],[-99.027225,19.349879],[-99.026840,19.349830],[-99.025877,19.349703],[-99.025380,19.349625],[-99.025476,19.349144],[-99.025568,19.348622],[-99.025649,19.348131],[-99.025800,19.347290],[-99.025604,19.347337],[-99.025129,19.347486],[-99.024810,19.347591],[-99.024327,19.347755],[-99.024345,19.347690],[-99.024785,19.346292],[-99.025022,19.345774],[-99.025341,19.344766]]]},"properties":{"cvegeo":"0900700010149","match":"Neighborhood","name":"Santa María Aztahuacan","state":"Ciudad de México","municipality":"Iztapalapa","city":"Iztapalapa","neighborhood":"Santa María Aztahuacan","category":"Pueblo","type":"U","postal_code":"09500","population":"10239","dwellings":null,"occupied_dwellings":null,"price_m2":null,"property_price":null,"ids_prom":"358.145","nse":"D","nse_label":"D (28%)","nse_score":"3.581","nse_ab":"167","nse_cplus":"322","nse_c":"432","nse_cminus":"500","nse_dplus":"502","nse_d":"819","nse_e":"227","nse_total":"2973","nse_ab_pct":"5.65","nse_cplus_pct":"10.84","nse_c_pct":"14.55","nse_cminus_pct":"16.84","nse_dplus_pct":"16.91","nse_d_pct":"27.56","nse_e_pct":"7.66"}},{"type":"Feature","geometry":{"type":"Polygon","coordinates":[[[-99.099076,19.320441],[-99.099059,19.320442],[-99.098801,19.320448],[-99.098805,19.320500],[-99.098686,19.320964],[-99.098011,19.322606],[-99.098084,19.322673],[-99.097504,19.324207],[-99.097388,19.324528],[-99.097271,19.324830],[-99.097031,19.325450],[-99.096885,19.325822],[-99.096787,19.326074],[-99.096302,19.327352],[-99.095489,19.327924],[-99.094440,19.328636],[-99.094498,19.328967],[-99.094362,19.329117],[-99.094304,19.329221],[-99.094290,19.329306],[-99.094271,19.329488],[-99.093902,19.329378],[-99.093827,19.329834],[-99.094705,19.330084],[-99.095166,19.330214],[-99.095784,19.330398],[-99.096259,19.330527],[-99.096613,19.330643],[-99.097310,19.330831],[-99.097382,19.330599],[-99.097441,19.330406],[-99.097546,19.329977],[-99.097668,19.329652],[-99.098049,19.329730],[-99.098374,19.329808],[-99.098404,19.329707],[-99.098483,19.329443],[-99.098719,19.328683],[-99.098793,19.328432],[-99.098968,19.328067],[-99.099512,19.328253],[-99.099656,19.327939],[-99.099669,19.327907],[-99.099792,19.327624],[-99.099814,19.327584],[-99.100037,19.327088],[-99.100162,19.326791],[-99.100255,19.326591],[-99.100394,19.326300],[-99.101750,19.326928],[-99.103117,19.327544],[-99.103166,19.327425],[-99.103112,19.327075],[-99.103238,19.326783],[-99.103379,19.326455],[-99.103522,19.326078],[-99.103711,19.325588],[-99.103824,19.324767],[-99.103821,19.324587],[-99.103458,19.324416],[-99.102782,19.324055],[-99.102400,19.323839],[-99.102066,19.323641],[-99.101702,19.323424],[-99.101418,19.323239],[-99.101170,19.323077],[-99.101048,19.322989],[-99.100843,19.322839],[-99.100684,19.322683],[-99.100406,19.322404],[-99.099954,19.321920],[-99.099536,19.321400],[-99.099407,19.321237],[-99.099298,19.321100],[-99.099242,19.320987],[-99.099207,19.320917],[-99.099125,19.320657],[-99.099077,19.320444],[-99.099076,19.320441]]]},"properties":{"cvegeo":"0900700010150","match":"Neighborhood","name":"Santa María Tomatlan","state":"Ciudad de México","municipality":"Iztapalapa","city":"Iztapalapa","neighborhood":"Santa María Tomatlan","category":"Pueblo","type":"U","postal_code":"09870","population":"983","dwellings":null,"occupied_dwellings":null,"price_m2":null,"property_price":null,"ids_prom":"378.484","nse":"D","nse_label":"D (25%)","nse_score":"3.785","nse_ab":"171","nse_cplus":"285","nse_c":"318","nse_cminus":"398","nse_dplus":"373","nse_d":"550","nse_e":"137","nse_total":"2235","nse_ab_pct":"7.68","nse_cplus_pct":"12.76","nse_c_pct":"14.26","nse_cminus_pct":"17.84","nse_dplus_pct":"16.69","nse_d_pct":"24.63","nse_e_pct":"6.13"}},{"type":"Feature","geometry":{"type":"Polygon","coordinates":[[[-99.013466,19.353100],[-99.012578,19.353485],[-99.011087,19.354109],[-99.010377,19.354389],[-99.009693,19.354676],[-99.008890,19.354985],[-99.008322,19.355207],[-99.007183,19.355674],[-99.005614,19.356315],[-99.005214,19.356475],[-99.004526,19.356744],[-99.003270,19.357231],[-99.002530,19.357530],[-99.001758,19.357823],[-99.000915,19.358125],[-99.000234,19.358398],[-98.999205,19.358825],[-98.999009,19.359557],[-98.999666,19.360223],[-99.000140,19.360697],[-99.000800,19.361225],[-99.002385,19.362435],[-99.003024,19.362814],[-99.003799,19.363389],[-99.005292,19.364540],[-99.006002,19.365087],[-99.006768,19.365677],[-99.007502,19.366267],[-99.008226,19.366849],[-99.009392,19.367785],[-99.010349,19.368535],[-99.011256,19.369245],[-99.011137,19.368553],[-99.011423,19.367768],[-99.012128,19.365896],[-99.012353,19.365200],[-99.012793,19.363850],[-99.012927,19.363061],[-99.011541,19.362773],[-99.011577,19.362521],[-99.011609,19.362363],[-99.012686,19.361805],[-99.012056,19.361707],[-99.011444,19.361618],[-99.011472,19.361407],[-99.011511,19.361089],[-99.011531,19.360923],[-99.012402,19.361497],[-99.013381,19.361042],[-99.013425,19.361017],[-99.013481,19.360987],[-99.015367,19.360072],[-99.015406,19.360015],[-99.015394,19.359501],[-99.015378,19.359003],[-99.015365,19.358530],[-99.015350,19.357987],[-99.015337,19.357534],[-99.015275,19.355124],[-99.015255,19.354360],[-99.014433,19.353803],[-99.013466,19.353100]]]},"properties":{"cvegeo":"0900700010151","match":"Neighborhood","name":"Santa Martha Acatitla","state":"Ciudad de México","municipality":"Iztapalapa","city":"Iztapalapa","neighborhood":"Santa Martha Acatitla","category":"Pueblo","type":"U","postal_code":"09510","population":"8539","dwellings":null,"occupied_dwellings":null,"price_m2":null,"property_price":null,"ids_prom":"353.879","nse":"D","nse_label":"D (28%)","nse_score":"3.539","nse_ab":"148","nse_cplus":"310","nse_c":"411","nse_cminus":"512","nse_dplus":"470","nse_d":"803","nse_e":"245","nse_total":"2902","nse_ab_pct":"5.10","nse_cplus_pct":"10.70","nse_c_pct":"14.16","nse_cminus_pct":"17.66","nse_dplus_pct":"16.21","nse_d_pct":"27.69","nse_e_pct":"8.46"}},{"type":"Feature","geometry":{"type":"Polygon","coordinates":[[[-99.001149,19.348925],[-99.001012,19.351179],[-99.001078,19.351189],[-99.000996,19.351993],[-99.000883,19.352002],[-99.000801,19.352501],[-99.000761,19.352603],[-99.000688,19.352762],[-99.000615,19.352932],[-99.000541,19.353136],[-99.000923,19.353301],[-99.000879,19.353579],[-99.000827,19.353894],[-99.000764,19.354225],[-99.000704,19.354560],[-99.000621,19.354977],[-99.000725,19.354998],[-99.001173,19.354970],[-99.001393,19.354949],[-99.001461,19.355329],[-99.001501,19.355322],[-99.001539,19.355664],[-99.002548,19.355342],[-99.002530,19.357530],[-99.003270,19.357231],[-99.004526,19.356744],[-99.005214,19.356475],[-99.005614,19.356315],[-99.007183,19.355674],[-99.008322,19.355207],[-99.008890,19.354985],[-99.009693,19.354676],[-99.009114,19.354564],[-99.008596,19.354533],[-99.008249,19.354495],[-99.007723,19.354434],[-99.007188,19.354379],[-99.007033,19.354362],[-99.006549,19.354284],[-99.006285,19.354253],[-99.006306,19.353887],[-99.006319,19.353633],[-99.006330,19.353598],[-99.006338,19.353297],[-99.006336,19.353151],[-99.006318,19.352800],[-99.006311,19.352446],[-99.006317,19.352174],[-99.006329,19.351819],[-99.005949,19.351782],[-99.005750,19.351757],[-99.005826,19.351332],[-99.005990,19.350975],[-99.006057,19.350853],[-99.006157,19.350597],[-99.006362,19.349952],[-99.005823,19.349854],[-99.005706,19.349827],[-99.005259,19.349727],[-99.004961,19.349673],[-99.004583,19.349605],[-99.004231,19.349539],[-99.003835,19.349458],[-99.003547,19.349394],[-99.002856,19.349271],[-99.002569,19.349218],[-99.002221,19.349148],[-99.001505,19.348997],[-99.001149,19.348925]]]},"properties":{"cvegeo":"0900700010152","match":"Neighborhood","name":"Santiago Acahualtepec","state":"Ciudad de México","municipality":"Iztapalapa","city":"Iztapalapa","neighborhood":"Santiago Acahualtepec","category":"Pueblo","type":"U","postal_code":"09600","population":"2218","dwellings":null,"occupied_dwellings":null,"price_m2":null,"property_price":null,"ids_prom":"333.244","nse":"D","nse_label":"D (32%)","nse_score":"3.332","nse_ab":"113","nse_cplus":"224","nse_c":"349","nse_cminus":"426","nse_dplus":"512","nse_d":"867","nse_e":"238","nse_total":"2732","nse_ab_pct":"4.15","nse_cplus_pct":"8.22","nse_c_pct":"12.79","nse_cminus_pct":"15.61","nse_dplus_pct":"18.77","nse_d_pct":"31.73","nse_e_pct":"8.73"}},{"type":"Feature","geometry":{"type":"Polygon","coordinates":[[[-99.063593,19.323964],[-99.063570,19.323998],[-99.063149,19.324591],[-99.062938,19.324853],[-99.062865,19.324943],[-99.062721,19.325122],[-99.062568,19.325311],[-99.062498,19.325398],[-99.062435,19.325474],[-99.062280,19.325667],[-99.061984,19.326034],[-99.061817,19.326242],[-99.061601,19.326507],[-99.061416,19.326737],[-99.062973,19.327913],[-99.062779,19.328129],[-99.062672,19.328243],[-99.062652,19.328270],[-99.064228,19.329361],[-99.064015,19.329629],[-99.063783,19.329904],[-99.063554,19.330194],[-99.064500,19.330858],[-99.065179,19.331359],[-99.065276,19.331241],[-99.065400,19.331091],[-99.065591,19.330857],[-99.065621,19.330821],[-99.065786,19.330620],[-99.065843,19.330551],[-99.066048,19.330302],[-99.066132,19.330199],[-99.066269,19.330033],[-99.066506,19.329744],[-99.066736,19.329464],[-99.066951,19.329204],[-99.067152,19.328958],[-99.067392,19.328666],[-99.067464,19.328578],[-99.067532,19.328497],[-99.067642,19.328371],[-99.067840,19.328134],[-99.068047,19.327885],[-99.068263,19.327626],[-99.068515,19.327323],[-99.068890,19.326873],[-99.068469,19.326683],[-99.066962,19.326001],[-99.066008,19.325613],[-99.065104,19.325246],[-99.064558,19.325016],[-99.063581,19.324606],[-99.063537,19.324480],[-99.063718,19.324058],[-99.063593,19.323964]]]},"properties":{"cvegeo":"0900700010153","match":"Neighborhood","name":"Puente Blanco","state":"Ciudad de México","municipality":"Iztapalapa","city":"Iztapalapa","neighborhood":"Puente Blanco","category":"Colonia","type":"U","postal_code":"09770","population":"2971","dwellings":null,"occupied_dwellings":null,"price_m2":null,"property_price":null,"ids_prom":"379.600","nse":"D","nse_label":"D (25%)","nse_score":"3.796","nse_ab":"117","nse_cplus":"274","nse_c":"346","nse_cminus":"374","nse_dplus":"350","nse_d":"509","nse_e":"100","nse_total":"2072","nse_ab_pct":"5.65","nse_cplus_pct":"13.25","nse_c_pct":"16.70","nse_cminus_pct":"18.08","nse_dplus_pct":"16.91","nse_d_pct":"24.58","nse_e_pct":"4.83"}},{"type":"Feature","geometry":{"type":"Polygon","coordinates":[[[-99.106432,19.378690],[-99.106402,19.378945],[-99.106211,19.380162],[-99.106390,19.380187],[-99.106300,19.380862],[-99.106559,19.380856],[-99.106745,19.380864],[-99.106854,19.380875],[-99.106929,19.380882],[-99.107038,19.380893],[-99.107201,19.380910],[-99.107315,19.380921],[-99.107362,19.380926],[-99.107434,19.380941],[-99.107671,19.380962],[-99.108006,19.381002],[-99.108522,19.381067],[-99.108569,19.381070],[-99.108754,19.381096],[-99.108929,19.381120],[-99.109184,19.381149],[-99.109398,19.381173],[-99.109436,19.381179],[-99.110387,19.381293],[-99.110415,19.381295],[-99.110459,19.381302],[-99.110526,19.381309],[-99.110556,19.381312],[-99.110583,19.381315],[-99.110936,19.381356],[-99.110759,19.381026],[-99.110699,19.380751],[-99.110688,19.380647],[-99.110678,19.380543],[-99.110693,19.380315],[-99.110702,19.380248],[-99.110742,19.379999],[-99.110759,19.379915],[-99.110795,19.379701],[-99.110800,19.379668],[-99.110842,19.379517],[-99.110882,19.379235],[-99.110162,19.379136],[-99.109670,19.379069],[-99.109225,19.379008],[-99.108799,19.378960],[-99.108590,19.378936],[-99.108317,19.378905],[-99.108181,19.378890],[-99.107968,19.378865],[-99.107615,19.378825],[-99.107479,19.378810],[-99.107346,19.378795],[-99.107097,19.378766],[-99.106915,19.378745],[-99.106763,19.378728],[-99.106432,19.378690]]]},"properties":{"cvegeo":"0900700010154","match":"Neighborhood","name":"Purísima Atlazolpa","state":"Ciudad de México","municipality":"Iztapalapa","city":"Iztapalapa","neighborhood":"Purísima Atlazolpa","category":"Colonia","type":"U","postal_code":"09429","population":"3681","dwellings":null,"occupied_dwellings":null,"price_m2":null,"property_price":null,"ids_prom":"417.490","nse":"D","nse_label":"D (18%)","nse_score":"4.175","nse_ab":"63","nse_cplus":"94","nse_c":"104","nse_cminus":"104","nse_dplus":"99","nse_d":"107","nse_e":"21","nse_total":"595","nse_ab_pct":"10.60","nse_cplus_pct":"15.83","nse_c_pct":"17.58","nse_cminus_pct":"17.62","nse_dplus_pct":"16.75","nse_d_pct":"18.04","nse_e_pct":"3.58"}},{"type":"Feature","geometry":{"type":"Polygon","coordinates":[[[-99.080851,19.385276],[-99.080687,19.386406],[-99.080639,19.386773],[-99.080550,19.387248],[-99.080471,19.387710],[-99.080434,19.387934],[-99.080246,19.389035],[-99.080237,19.389082],[-99.080184,19.389431],[-99.079941,19.390532],[-99.080372,19.390776],[-99.080448,19.390816],[-99.080693,19.390934],[-99.080913,19.391049],[-99.081052,19.391115],[-99.081368,19.391291],[-99.081429,19.391319],[-99.081775,19.391500],[-99.081914,19.391559],[-99.082113,19.391657],[-99.082375,19.391799],[-99.082440,19.391834],[-99.082799,19.392030],[-99.083140,19.392216],[-99.083208,19.392246],[-99.083583,19.392428],[-99.083648,19.392474],[-99.084018,19.392572],[-99.084032,19.392496],[-99.084143,19.391900],[-99.084229,19.391468],[-99.084305,19.391076],[-99.084324,19.390960],[-99.084384,19.390635],[-99.084525,19.389928],[-99.084056,19.389662],[-99.083605,19.389380],[-99.083733,19.389255],[-99.083914,19.388098],[-99.083965,19.387724],[-99.084005,19.387461],[-99.084063,19.387097],[-99.084161,19.386515],[-99.084106,19.386501],[-99.084237,19.385706],[-99.084086,19.385689],[-99.083870,19.385672],[-99.083728,19.385660],[-99.083497,19.385640],[-99.083282,19.385613],[-99.083125,19.385596],[-99.082727,19.385540],[-99.082355,19.385488],[-99.082024,19.385441],[-99.081308,19.385340],[-99.080851,19.385276]]]},"properties":{"cvegeo":"0900700010155","match":"Neighborhood","name":"Real del Moral","state":"Ciudad de México","municipality":"Iztapalapa","city":"Iztapalapa","neighborhood":"Real del Moral","category":"Colonia","type":"U","postal_code":"09010","population":"698","dwellings":null,"occupied_dwellings":null,"price_m2":null,"property_price":null,"ids_prom":"512.370","nse":"C+","nse_label":"C+ (30%)","nse_score":"5.124","nse_ab":"352","nse_cplus":"542","nse_c":"379","nse_cminus":"258","nse_dplus":"159","nse_d":"134","nse_e":"9","nse_total":"1837","nse_ab_pct":"19.19","nse_cplus_pct":"29.53","nse_c_pct":"20.67","nse_cminus_pct":"14.09","nse_dplus_pct":"8.66","nse_d_pct":"7.32","nse_e_pct":"0.54"}},{"type":"Feature","geometry":{"type":"Polygon","coordinates":[[[-99.029695,19.334481],[-99.029580,19.334582],[-99.029350,19.334776],[-99.028982,19.335051],[-99.028646,19.335336],[-99.028399,19.335542],[-99.028240,19.335677],[-99.028099,19.336583],[-99.028222,19.336602],[-99.028195,19.336997],[-99.027675,19.336986],[-99.027557,19.337027],[-99.027467,19.337187],[-99.027294,19.337518],[-99.027188,19.337508],[-99.027131,19.337530],[-99.027062,19.337861],[-99.026996,19.338189],[-99.026966,19.338383],[-99.026591,19.340555],[-99.026448,19.340912],[-99.026094,19.342068],[-99.025900,19.342852],[-99.025577,19.344083],[-99.025341,19.344766],[-99.026668,19.344618],[-99.027938,19.344482],[-99.028208,19.344453],[-99.028765,19.344404],[-99.029323,19.344351],[-99.029531,19.344328],[-99.029817,19.344302],[-99.029916,19.344293],[-99.030264,19.344259],[-99.030492,19.344239],[-99.031043,19.344185],[-99.031430,19.344149],[-99.031687,19.344122],[-99.032047,19.344083],[-99.032781,19.344022],[-99.033322,19.343969],[-99.033568,19.343950],[-99.033812,19.343926],[-99.034087,19.343905],[-99.034089,19.343797],[-99.034387,19.342792],[-99.034430,19.342641],[-99.034546,19.342245],[-99.034626,19.341974],[-99.034721,19.341651],[-99.034961,19.340840],[-99.034990,19.340740],[-99.035063,19.340492],[-99.035116,19.340283],[-99.035158,19.340104],[-99.035161,19.340094],[-99.035207,19.339899],[-99.035212,19.339882],[-99.035354,19.339430],[-99.035589,19.338685],[-99.035594,19.338669],[-99.035740,19.338116],[-99.035854,19.337685],[-99.035978,19.337313],[-99.036137,19.336865],[-99.036295,19.336427],[-99.036418,19.336084],[-99.036552,19.335706],[-99.036610,19.335552],[-99.036152,19.335441],[-99.035688,19.335332],[-99.035574,19.335309],[-99.035239,19.335237],[-99.035112,19.335210],[-99.034847,19.335151],[-99.034773,19.335138],[-99.034487,19.335077],[-99.034419,19.335062],[-99.034344,19.335046],[-99.034083,19.334991],[-99.034042,19.334982],[-99.033727,19.334919],[-99.033409,19.334848],[-99.033043,19.334765],[-99.032999,19.334882],[-99.032915,19.335163],[-99.032481,19.335070],[-99.032111,19.334994],[-99.031756,19.334925],[-99.031362,19.334835],[-99.031248,19.334808],[-99.031039,19.334755],[-99.030743,19.334696],[-99.030318,19.334611],[-99.030075,19.334562],[-99.029695,19.334481]]]},"properties":{"cvegeo":"0900700010157","match":"Neighborhood","name":"Reforma Política","state":"Ciudad de México","municipality":"Iztapalapa","city":"Iztapalapa","neighborhood":"Reforma Política","category":"Colonia","type":"U","postal_code":"09730","population":"11314","dwellings":null,"occupied_dwellings":null,"price_m2":null,"property_price":null,"ids_prom":"383.408","nse":"D","nse_label":"D (24%)","nse_score":"3.834","nse_ab":"338","nse_cplus":"672","nse_c":"825","nse_cminus":"846","nse_dplus":"847","nse_d":"1173","nse_e":"272","nse_total":"4976","nse_ab_pct":"6.80","nse_cplus_pct":"13.51","nse_c_pct":"16.59","nse_cminus_pct":"17.01","nse_dplus_pct":"17.04","nse_d_pct":"23.58","nse_e_pct":"5.47"}},{"type":"Feature","geometry":{"type":"Polygon","coordinates":[[[-99.062920,19.352087],[-99.062547,19.353529],[-99.063496,19.353707],[-99.063517,19.353645],[-99.063817,19.353701],[-99.064055,19.353756],[-99.064212,19.353789],[-99.064573,19.353858],[-99.065264,19.353990],[-99.065604,19.352652],[-99.065458,19.352622],[-99.065070,19.352541],[-99.064922,19.352511],[-99.064666,19.352455],[-99.064557,19.352432],[-99.064363,19.352387],[-99.064229,19.352360],[-99.064067,19.352327],[-99.063997,19.352313],[-99.063902,19.352293],[-99.063433,19.352196],[-99.063029,19.352110],[-99.062920,19.352087]]]},"properties":{"cvegeo":"0900700010158","match":"Neighborhood","name":"La Regadera","state":"Ciudad de México","municipality":"Iztapalapa","city":"Iztapalapa","neighborhood":"La Regadera","category":"Colonia","type":"U","postal_code":"09250","population":"2188","dwellings":null,"occupied_dwellings":null,"price_m2":null,"property_price":null,"ids_prom":"409.741","nse":"D","nse_label":"D (22%)","nse_score":"4.097","nse_ab":"21","nse_cplus":"38","nse_c":"34","nse_cminus":"39","nse_dplus":"32","nse_d":"48","nse_e":"8","nse_total":"223","nse_ab_pct":"9.74","nse_cplus_pct":"17.16","nse_c_pct":"15.43","nse_cminus_pct":"17.50","nse_dplus_pct":"14.74","nse_d_pct":"21.81","nse_e_pct":"3.62"}},{"type":"Feature","geometry":{"type":"Polygon","coordinates":[[[-99.048984,19.362253],[-99.048909,19.362317],[-99.048871,19.362758],[-99.048802,19.363000],[-99.048605,19.363367],[-99.048384,19.363684],[-99.048288,19.363885],[-99.047765,19.365281],[-99.047688,19.365612],[-99.047598,19.367699],[-99.047566,19.368067],[-99.047541,19.368359],[-99.047493,19.368525],[-99.047462,19.368604],[-99.047381,19.368723],[-99.047215,19.368877],[-99.047036,19.368956],[-99.046892,19.369066],[-99.046735,19.369282],[-99.046613,19.369545],[-99.046449,19.369832],[-99.046316,19.370117],[-99.046186,19.370415],[-99.046041,19.370708],[-99.045933,19.370997],[-99.045807,19.371270],[-99.045675,19.371507],[-99.045818,19.371812],[-99.045874,19.371975],[-99.046068,19.372234],[-99.046287,19.372345],[-99.046550,19.372420],[-99.046805,19.372478],[-99.047046,19.372533],[-99.047279,19.372594],[-99.047540,19.372662],[-99.047749,19.372717],[-99.048018,19.372783],[-99.048360,19.372876],[-99.048368,19.372548],[-99.048365,19.372406],[-99.049690,19.372452],[-99.050674,19.372485],[-99.051349,19.372503],[-99.051347,19.372297],[-99.051362,19.371986],[-99.051374,19.371679],[-99.051444,19.371488],[-99.051448,19.371388],[-99.051447,19.371080],[-99.051509,19.369926],[-99.051736,19.367184],[-99.051777,19.366628],[-99.051847,19.365264],[-99.052115,19.365302],[-99.052594,19.365371],[-99.053046,19.365431],[-99.053497,19.365500],[-99.054029,19.365578],[-99.054509,19.365645],[-99.054885,19.365698],[-99.055407,19.365772],[-99.056008,19.365856],[-99.056321,19.364647],[-99.056486,19.364117],[-99.056797,19.363125],[-99.056329,19.363064],[-99.055890,19.363007],[-99.055413,19.362946],[-99.054985,19.362896],[-99.054548,19.362848],[-99.054107,19.362797],[-99.053673,19.362743],[-99.053521,19.362728],[-99.053028,19.362677],[-99.052560,19.362625],[-99.052392,19.362610],[-99.052159,19.362587],[-99.051677,19.362533],[-99.051254,19.362490],[-99.050810,19.362446],[-99.050350,19.362394],[-99.049791,19.362332],[-99.049443,19.362302],[-99.048984,19.362253]]]},"properties":{"cvegeo":"0900700010159","match":"Neighborhood","name":"Renovación","state":"Ciudad de México","municipality":"Iztapalapa","city":"Iztapalapa","neighborhood":"Renovación","category":"Colonia","type":"U","postal_code":"09209","population":"3034","dwellings":null,"occupied_dwellings":null,"price_m2":null,"property_price":null,"ids_prom":"349.854","nse":"D","nse_label":"D (30%)","nse_score":"3.499","nse_ab":"126","nse_cplus":"233","nse_c":"355","nse_cminus":"432","nse_dplus":"429","nse_d":"750","nse_e":"176","nse_total":"2505","nse_ab_pct":"5.07","nse_cplus_pct":"9.34","nse_c_pct":"14.18","nse_cminus_pct":"17.27","nse_dplus_pct":"17.14","nse_d_pct":"29.97","nse_e_pct":"7.04"}},{"type":"Feature","geometry":{"type":"Polygon","coordinates":[[[-99.127327,19.365996],[-99.127151,19.366045],[-99.126779,19.366150],[-99.126748,19.366202],[-99.126438,19.366711],[-99.125998,19.367450],[-99.125906,19.367610],[-99.125813,19.367771],[-99.125624,19.368084],[-99.125514,19.368245],[-99.125345,19.368447],[-99.125032,19.368725],[-99.124958,19.368773],[-99.124474,19.369033],[-99.124405,19.369063],[-99.124063,19.369183],[-99.123856,19.369238],[-99.123006,19.369344],[-99.122518,19.369381],[-99.122543,19.370033],[-99.122602,19.371723],[-99.122620,19.372149],[-99.122635,19.372592],[-99.122660,19.373335],[-99.122662,19.373581],[-99.122669,19.374362],[-99.122664,19.375738],[-99.123170,19.375837],[-99.123554,19.375900],[-99.123981,19.375977],[-99.124094,19.376000],[-99.124408,19.376055],[-99.124580,19.376096],[-99.125018,19.376191],[-99.125267,19.376232],[-99.125435,19.376261],[-99.125893,19.376328],[-99.125974,19.376342],[-99.126169,19.376380],[-99.126390,19.376411],[-99.126445,19.376423],[-99.126661,19.376472],[-99.126801,19.376498],[-99.127241,19.376568],[-99.127266,19.374534],[-99.127347,19.372754],[-99.127376,19.370730],[-99.127429,19.367409],[-99.127530,19.366483],[-99.127555,19.366016],[-99.127327,19.365996]]]},"properties":{"cvegeo":"0900700010160","match":"Neighborhood","name":"El Retoño","state":"Ciudad de México","municipality":"Iztapalapa","city":"Iztapalapa","neighborhood":"El Retoño","category":"Colonia","type":"U","postal_code":"09440","population":"2660","dwellings":null,"occupied_dwellings":null,"price_m2":null,"property_price":null,"ids_prom":"461.091","nse":"C+","nse_label":"C+ (20%)","nse_score":"4.611","nse_ab":"397","nse_cplus":"508","nse_c":"475","nse_cminus":"380","nse_dplus":"333","nse_d":"342","nse_e":"49","nse_total":"2486","nse_ab_pct":"15.97","nse_cplus_pct":"20.47","nse_c_pct":"19.13","nse_cminus_pct":"15.29","nse_dplus_pct":"13.41","nse_d_pct":"13.75","nse_e_pct":"1.99"}},{"type":"Feature","geometry":{"type":"Polygon","coordinates":[[[-99.097718,19.351807],[-99.097453,19.352365],[-99.097274,19.352742],[-99.096953,19.353503],[-99.096935,19.353754],[-99.096964,19.353973],[-99.096963,19.354101],[-99.096939,19.354244],[-99.096868,19.354600],[-99.096798,19.355593],[-99.097474,19.355505],[-99.098123,19.355430],[-99.098654,19.355423],[-99.098955,19.354638],[-99.099074,19.354325],[-99.099245,19.353916],[-99.099412,19.353526],[-99.099414,19.353519],[-99.099548,19.353242],[-99.099248,19.352961],[-99.098975,19.352767],[-99.098855,19.352676],[-99.098582,19.352531],[-99.098495,19.352474],[-99.098413,19.352412],[-99.098153,19.352169],[-99.097970,19.352007],[-99.097718,19.351807]]]},"properties":{"cvegeo":"0900700010161","match":"Neighborhood","name":"Ricardo Flores Magón","state":"Ciudad de México","municipality":"Iztapalapa","city":"Iztapalapa","neighborhood":"Ricardo Flores Magón","category":"Colonia","type":"U","postal_code":"09820","population":"12129","dwellings":null,"occupied_dwellings":null,"price_m2":null,"property_price":null,"ids_prom":"421.262","nse":"C","nse_label":"C (21%)","nse_score":"4.213","nse_ab":"36","nse_cplus":"78","nse_c":"92","nse_cminus":"73","nse_dplus":"62","nse_d":"81","nse_e":"13","nse_total":"438","nse_ab_pct":"8.41","nse_cplus_pct":"17.88","nse_c_pct":"21.04","nse_cminus_pct":"16.68","nse_dplus_pct":"14.35","nse_d_pct":"18.48","nse_e_pct":"3.16"}},{"type":"Feature","geometry":{"type":"Polygon","coordinates":[[[-99.100418,19.351182],[-99.100080,19.351983],[-99.099649,19.353002],[-99.099548,19.353242],[-99.099414,19.353519],[-99.099412,19.353526],[-99.099245,19.353916],[-99.099074,19.354325],[-99.098955,19.354638],[-99.098654,19.355423],[-99.098700,19.355423],[-99.098515,19.356111],[-99.098500,19.356168],[-99.098266,19.356457],[-99.098820,19.356383],[-99.099635,19.356275],[-99.100597,19.356144],[-99.101785,19.355971],[-99.102306,19.355894],[-99.102640,19.355856],[-99.102906,19.355860],[-99.101741,19.355699],[-99.100983,19.355643],[-99.100922,19.355458],[-99.101298,19.355302],[-99.101403,19.355226],[-99.101543,19.354985],[-99.101764,19.354485],[-99.101792,19.354467],[-99.101826,19.354454],[-99.101965,19.354418],[-99.102095,19.354372],[-99.102160,19.354324],[-99.102251,19.354201],[-99.102327,19.354052],[-99.102423,19.353803],[-99.102566,19.353409],[-99.103063,19.352051],[-99.102840,19.351974],[-99.102344,19.351820],[-99.101645,19.351628],[-99.101068,19.351437],[-99.100418,19.351182]]]},"properties":{"cvegeo":"0900700010162","match":"Neighborhood","name":"Ampliación Ricardo Flores Magón","state":"Ciudad de México","municipality":"Iztapalapa","city":"Iztapalapa","neighborhood":"Ampliación Ricardo Flores Magón","category":"Colonia","type":"U","postal_code":"09828","population":"6738","dwellings":null,"occupied_dwellings":null,"price_m2":null,"property_price":null,"ids_prom":"421.221","nse":"C","nse_label":"C (21%)","nse_score":"4.212","nse_ab":"75","nse_cplus":"159","nse_c":"187","nse_cminus":"149","nse_dplus":"128","nse_d":"165","nse_e":"28","nse_total":"893","nse_ab_pct":"8.41","nse_cplus_pct":"17.87","nse_c_pct":"21.03","nse_cminus_pct":"16.69","nse_dplus_pct":"14.35","nse_d_pct":"18.48","nse_e_pct":"3.15"}},{"type":"Feature","geometry":{"type":"Polygon","coordinates":[[[-99.070195,19.330922],[-99.069829,19.332866],[-99.070054,19.332911],[-99.069698,19.334669],[-99.069479,19.334631],[-99.069017,19.334549],[-99.068698,19.334486],[-99.067549,19.334264],[-99.066556,19.334073],[-99.065499,19.333880],[-99.065230,19.333830],[-99.064440,19.333683],[-99.064442,19.333977],[-99.064441,19.334019],[-99.064934,19.334228],[-99.065818,19.334583],[-99.066370,19.334842],[-99.067864,19.335540],[-99.068257,19.335728],[-99.068854,19.336006],[-99.069427,19.336273],[-99.069801,19.336447],[-99.069984,19.336537],[-99.071408,19.337200],[-99.071938,19.337448],[-99.072424,19.337680],[-99.072450,19.337693],[-99.072464,19.337701],[-99.073044,19.337978],[-99.074303,19.338564],[-99.074630,19.338842],[-99.074805,19.335476],[-99.074883,19.333655],[-99.074950,19.331775],[-99.074426,19.331675],[-99.073379,19.331487],[-99.072822,19.331388],[-99.071402,19.331137],[-99.071111,19.331085],[-99.070195,19.330922]]]},"properties":{"cvegeo":"0900700010163","match":"Neighborhood","name":"El Rodeo","state":"Ciudad de México","municipality":"Iztapalapa","city":"Iztapalapa","neighborhood":"El Rodeo","category":"Colonia","type":"U","postal_code":"09860","population":"15099","dwellings":null,"occupied_dwellings":null,"price_m2":null,"property_price":null,"ids_prom":"407.921","nse":"C","nse_label":"C (20%)","nse_score":"4.079","nse_ab":"126","nse_cplus":"299","nse_c":"394","nse_cminus":"392","nse_dplus":"333","nse_d":"352","nse_e":"58","nse_total":"1956","nse_ab_pct":"6.45","nse_cplus_pct":"15.29","nse_c_pct":"20.16","nse_cminus_pct":"20.05","nse_dplus_pct":"17.02","nse_d_pct":"18.02","nse_e_pct":"2.97"}},{"type":"Feature","geometry":{"type":"Polygon","coordinates":[[[-99.064775,19.295793],[-99.064646,19.295904],[-99.064247,19.296264],[-99.063985,19.296499],[-99.063716,19.296737],[-99.063677,19.296772],[-99.063580,19.296860],[-99.063441,19.296984],[-99.063259,19.297148],[-99.063033,19.297352],[-99.062802,19.297606],[-99.062967,19.297826],[-99.063399,19.298402],[-99.063603,19.298673],[-99.063945,19.299481],[-99.064384,19.300512],[-99.064422,19.300605],[-99.064587,19.301087],[-99.064777,19.301643],[-99.064500,19.302520],[-99.064490,19.302550],[-99.064348,19.302963],[-99.064173,19.303480],[-99.064033,19.303879],[-99.063831,19.304452],[-99.063717,19.304776],[-99.063400,19.305685],[-99.063527,19.305628],[-99.063674,19.305687],[-99.064061,19.305810],[-99.064547,19.305959],[-99.065016,19.306102],[-99.065479,19.306259],[-99.065918,19.306412],[-99.066739,19.306726],[-99.067116,19.306960],[-99.067299,19.307101],[-99.067517,19.307298],[-99.067525,19.306628],[-99.067515,19.305330],[-99.067501,19.304749],[-99.067490,19.304291],[-99.067481,19.303954],[-99.067470,19.303488],[-99.067471,19.303345],[-99.067469,19.302967],[-99.067461,19.302710],[-99.067429,19.302164],[-99.067428,19.302122],[-99.067386,19.301949],[-99.067304,19.301613],[-99.067166,19.301050],[-99.067137,19.300922],[-99.067051,19.300534],[-99.066960,19.300168],[-99.066888,19.299857],[-99.066849,19.299680],[-99.066761,19.299283],[-99.066667,19.298857],[-99.066656,19.298808],[-99.066559,19.298387],[-99.066552,19.298357],[-99.066448,19.297904],[-99.066428,19.297816],[-99.066002,19.297288],[-99.065814,19.297047],[-99.065701,19.296906],[-99.065574,19.296749],[-99.065518,19.296678],[-99.065153,19.296219],[-99.065139,19.296202],[-99.064775,19.295793]]]},"properties":{"cvegeo":"0900700010164","match":"Neighborhood","name":"El Rosario","state":"Ciudad de México","municipality":"Iztapalapa","city":"Iztapalapa","neighborhood":"El Rosario","category":"Colonia","type":"U","postal_code":"09930","population":"4840","dwellings":null,"occupied_dwellings":null,"price_m2":null,"property_price":null,"ids_prom":"392.147","nse":"D","nse_label":"D (22%)","nse_score":"3.922","nse_ab":"153","nse_cplus":"232","nse_c":"248","nse_cminus":"343","nse_dplus":"251","nse_d":"371","nse_e":"103","nse_total":"1702","nse_ab_pct":"8.99","nse_cplus_pct":"13.63","nse_c_pct":"14.57","nse_cminus_pct":"20.15","nse_dplus_pct":"14.77","nse_d_pct":"21.80","nse_e_pct":"6.09"}},{"type":"Feature","geometry":{"type":"Polygon","coordinates":[[[-99.130020,19.366243],[-99.129982,19.368000],[-99.129965,19.368776],[-99.129947,19.369598],[-99.129943,19.369751],[-99.129176,19.369743],[-99.128684,19.369752],[-99.128677,19.369511],[-99.128367,19.368715],[-99.128053,19.367910],[-99.127665,19.366917],[-99.127530,19.366483],[-99.127429,19.367409],[-99.127376,19.370730],[-99.127347,19.372754],[-99.127266,19.374534],[-99.127241,19.376568],[-99.127324,19.376580],[-99.127448,19.376598],[-99.127616,19.376634],[-99.127825,19.376674],[-99.128279,19.376759],[-99.128363,19.376774],[-99.128414,19.376785],[-99.129105,19.376906],[-99.129478,19.376976],[-99.129538,19.376993],[-99.129581,19.376998],[-99.129700,19.377029],[-99.130082,19.377068],[-99.130198,19.377078],[-99.130569,19.377115],[-99.130841,19.377140],[-99.131070,19.377169],[-99.131402,19.377203],[-99.131944,19.375161],[-99.132525,19.373269],[-99.132558,19.373172],[-99.132895,19.372177],[-99.132996,19.371441],[-99.133350,19.371453],[-99.133766,19.371473],[-99.133961,19.371483],[-99.134253,19.371499],[-99.134956,19.371531],[-99.135473,19.371556],[-99.135732,19.371563],[-99.136201,19.371587],[-99.136726,19.371627],[-99.136931,19.370790],[-99.137177,19.369616],[-99.137418,19.368620],[-99.137557,19.368013],[-99.137739,19.367211],[-99.136968,19.367123],[-99.136382,19.367041],[-99.134630,19.366813],[-99.133311,19.366634],[-99.132480,19.366536],[-99.131965,19.366474],[-99.131501,19.366418],[-99.131007,19.366361],[-99.130515,19.366304],[-99.130020,19.366243]]]},"properties":{"cvegeo":"0900700010165","match":"Neighborhood","name":"San Andrés Tetepilco","state":"Ciudad de México","municipality":"Iztapalapa","city":"Iztapalapa","neighborhood":"San Andrés Tetepilco","category":"Colonia","type":"U","postal_code":"09440","population":"5441","dwellings":null,"occupied_dwellings":null,"price_m2":null,"property_price":null,"ids_prom":"433.899","nse":"C+","nse_label":"C+ (19%)","nse_score":"4.339","nse_ab":"407","nse_cplus":"736","nse_c":"729","nse_cminus":"672","nse_dplus":"531","nse_d":"606","nse_e":"129","nse_total":"3813","nse_ab_pct":"10.69","nse_cplus_pct":"19.31","nse_c_pct":"19.14","nse_cminus_pct":"17.62","nse_dplus_pct":"13.95","nse_d_pct":"15.91","nse_e_pct":"3.39"}},{"type":"Feature","geometry":{"type":"Polygon","coordinates":[[[-99.102618,19.371715],[-99.102185,19.371983],[-99.100657,19.373047],[-99.099886,19.373585],[-99.099418,19.373893],[-99.099280,19.373983],[-99.099026,19.374151],[-99.098487,19.374498],[-99.098333,19.374612],[-99.098191,19.374724],[-99.098031,19.374881],[-99.097885,19.375072],[-99.097652,19.375481],[-99.097402,19.375941],[-99.097278,19.376171],[-99.097219,19.376281],[-99.097095,19.376510],[-99.096926,19.376806],[-99.096742,19.377129],[-99.096654,19.377283],[-99.096391,19.377742],[-99.096024,19.378441],[-99.095785,19.378910],[-99.095541,19.379356],[-99.095648,19.379599],[-99.095986,19.379741],[-99.096301,19.379753],[-99.096664,19.379781],[-99.097021,19.379810],[-99.097288,19.379835],[-99.097614,19.379869],[-99.097967,19.379910],[-99.098314,19.379954],[-99.098720,19.379999],[-99.099136,19.380045],[-99.099513,19.380088],[-99.100794,19.380232],[-99.101092,19.380243],[-99.101144,19.380242],[-99.101250,19.380240],[-99.101414,19.378995],[-99.101523,19.378176],[-99.101577,19.377804],[-99.101582,19.377769],[-99.101634,19.377414],[-99.101651,19.377291],[-99.101687,19.377046],[-99.101719,19.376848],[-99.101728,19.376785],[-99.101746,19.376656],[-99.101757,19.376577],[-99.101781,19.376409],[-99.101790,19.376346],[-99.101840,19.375986],[-99.101850,19.375917],[-99.101881,19.375699],[-99.101925,19.375378],[-99.101949,19.375210],[-99.101966,19.375094],[-99.101971,19.375055],[-99.102080,19.374327],[-99.102113,19.374078],[-99.102236,19.373581],[-99.102314,19.373315],[-99.102391,19.373111],[-99.102490,19.372898],[-99.102572,19.372728],[-99.102925,19.372245],[-99.103148,19.371991],[-99.102618,19.371715]]]},"properties":{"cvegeo":"0900700010166","match":"Neighborhood","name":"San José Aculco","state":"Ciudad de México","municipality":"Iztapalapa","city":"Iztapalapa","neighborhood":"San José Aculco","category":"Colonia","type":"U","postal_code":"09410","population":"4810","dwellings":null,"occupied_dwellings":null,"price_m2":null,"property_price":null,"ids_prom":"345.881","nse":"D","nse_label":"D (33%)","nse_score":"3.459","nse_ab":"105","nse_cplus":"177","nse_c":"221","nse_cminus":"279","nse_dplus":"271","nse_d":"579","nse_e":"140","nse_total":"1775","nse_ab_pct":"5.92","nse_cplus_pct":"9.97","nse_c_pct":"12.49","nse_cminus_pct":"15.76","nse_dplus_pct":"15.31","nse_d_pct":"32.64","nse_e_pct":"7.91"}},{"type":"Feature","geometry":{"type":"Polygon","coordinates":[[[-99.034109,19.321784],[-99.033867,19.321916],[-99.033602,19.321998],[-99.032612,19.322561],[-99.032026,19.322568],[-99.031658,19.322586],[-99.031393,19.322524],[-99.031044,19.322417],[-99.030624,19.322447],[-99.030177,19.322277],[-99.030044,19.322553],[-99.029996,19.322739],[-99.030161,19.322818],[-99.030489,19.322975],[-99.030817,19.323054],[-99.030872,19.323089],[-99.031481,19.323249],[-99.032117,19.323392],[-99.032452,19.323449],[-99.032776,19.323444],[-99.032957,19.323498],[-99.033410,19.323615],[-99.033473,19.323471],[-99.033564,19.323140],[-99.033986,19.322936],[-99.032994,19.326003],[-99.033159,19.325998],[-99.033454,19.325990],[-99.033958,19.325986],[-99.034408,19.325991],[-99.034609,19.325991],[-99.034917,19.325991],[-99.035433,19.324517],[-99.036057,19.322794],[-99.035795,19.322712],[-99.035588,19.322647],[-99.035373,19.322580],[-99.035127,19.322510],[-99.034793,19.322434],[-99.034493,19.322209],[-99.034232,19.321990],[-99.034109,19.321784]]]},"properties":{"cvegeo":"0900700010167","match":"Neighborhood","name":"San José Buenavista","state":"Ciudad de México","municipality":"Iztapalapa","city":"Iztapalapa","neighborhood":"San José Buenavista","category":"Colonia","type":"U","postal_code":"09706","population":"6770","dwellings":null,"occupied_dwellings":null,"price_m2":null,"property_price":null,"ids_prom":"329.129","nse":"D","nse_label":"D (31%)","nse_score":"3.291","nse_ab":"29","nse_cplus":"54","nse_c":"87","nse_cminus":"111","nse_dplus":"138","nse_d":"220","nse_e":"69","nse_total":"710","nse_ab_pct":"4.13","nse_cplus_pct":"7.66","nse_c_pct":"12.27","nse_cminus_pct":"15.69","nse_dplus_pct":"19.45","nse_d_pct":"31.05","nse_e_pct":"9.76"}},{"type":"Feature","geometry":{"type":"Polygon","coordinates":[[[-99.068890,19.326873],[-99.068515,19.327323],[-99.068263,19.327626],[-99.068047,19.327885],[-99.067840,19.328134],[-99.067642,19.328371],[-99.067532,19.328497],[-99.067650,19.328564],[-99.067801,19.328599],[-99.068051,19.328650],[-99.068359,19.328708],[-99.068667,19.328767],[-99.070482,19.329106],[-99.070489,19.329049],[-99.072101,19.329334],[-99.072374,19.329385],[-99.072867,19.329469],[-99.073116,19.329515],[-99.073208,19.329531],[-99.073559,19.329592],[-99.073707,19.329626],[-99.075055,19.329883],[-99.075166,19.328018],[-99.070947,19.327271],[-99.070712,19.327237],[-99.069126,19.326955],[-99.068890,19.326873]]]},"properties":{"cvegeo":"0900700010168","match":"Neighborhood","name":"San Juan Estrella","state":"Ciudad de México","municipality":"Iztapalapa","city":"Iztapalapa","neighborhood":"San Juan Estrella","category":"Colonia","type":"U","postal_code":"09868","population":"8962","dwellings":null,"occupied_dwellings":null,"price_m2":null,"property_price":null,"ids_prom":"392.360","nse":"C-","nse_label":"C- (24%)","nse_score":"3.924","nse_ab":"42","nse_cplus":"161","nse_c":"235","nse_cminus":"292","nse_dplus":"232","nse_d":"235","nse_e":"25","nse_total":"1225","nse_ab_pct":"3.50","nse_cplus_pct":"13.17","nse_c_pct":"19.19","nse_cminus_pct":"23.90","nse_dplus_pct":"18.94","nse_d_pct":"19.19","nse_e_pct":"2.11"}},{"type":"Feature","geometry":{"type":"Polygon","coordinates":[[[-99.082384,19.329285],[-99.082020,19.331078],[-99.081642,19.331012],[-99.081291,19.330952],[-99.080853,19.330884],[-99.080474,19.330820],[-99.080100,19.330752],[-99.079722,19.330682],[-99.079395,19.330630],[-99.079350,19.330622],[-99.079170,19.330593],[-99.079012,19.330568],[-99.078642,19.330505],[-99.078430,19.330465],[-99.078229,19.330431],[-99.076445,19.330128],[-99.075055,19.329883],[-99.074950,19.331775],[-99.074883,19.333655],[-99.074805,19.335476],[-99.074630,19.338842],[-99.074737,19.338844],[-99.079171,19.340015],[-99.079223,19.340026],[-99.079274,19.340037],[-99.080366,19.340324],[-99.081060,19.340519],[-99.081298,19.340584],[-99.081779,19.340729],[-99.082745,19.340986],[-99.083546,19.341218],[-99.083863,19.341329],[-99.084802,19.341594],[-99.084831,19.341598],[-99.084851,19.341601],[-99.084990,19.341624],[-99.085068,19.341634],[-99.085104,19.341631],[-99.085149,19.341373],[-99.085261,19.341277],[-99.085539,19.341278],[-99.085642,19.341137],[-99.085955,19.339279],[-99.085999,19.339019],[-99.086041,19.338771],[-99.086093,19.338464],[-99.086145,19.338156],[-99.086198,19.337841],[-99.086260,19.337510],[-99.086579,19.335684],[-99.086609,19.335451],[-99.086647,19.335453],[-99.086697,19.335461],[-99.087556,19.335590],[-99.087695,19.335611],[-99.087733,19.335615],[-99.087769,19.335620],[-99.088060,19.335666],[-99.088112,19.335673],[-99.088159,19.335681],[-99.088455,19.335723],[-99.088496,19.335729],[-99.088537,19.335736],[-99.088692,19.335759],[-99.088725,19.335765],[-99.088929,19.335797],[-99.089001,19.335425],[-99.089225,19.334259],[-99.089236,19.334190],[-99.089247,19.334149],[-99.089655,19.332020],[-99.089734,19.331615],[-99.091192,19.331838],[-99.091389,19.330894],[-99.091392,19.330850],[-99.089079,19.330421],[-99.088769,19.330358],[-99.088326,19.330270],[-99.087378,19.330101],[-99.087355,19.330097],[-99.087105,19.330059],[-99.086699,19.330004],[-99.086353,19.329959],[-99.085016,19.329719],[-99.084589,19.329639],[-99.084178,19.329577],[-99.083355,19.329443],[-99.082384,19.329285]]]},"properties":{"cvegeo":"0900700010169","match":"Neighborhood","name":"San Juan Xalpa","state":"Ciudad de México","municipality":"Iztapalapa","city":"Iztapalapa","neighborhood":"San Juan Xalpa","category":"Colonia","type":"U","postal_code":"09850","population":"6940","dwellings":null,"occupied_dwellings":null,"price_m2":null,"property_price":null,"ids_prom":"404.448","nse":"C-","nse_label":"C- (22%)","nse_score":"4.045","nse_ab":"547","nse_cplus":"1265","nse_c":"1799","nse_cminus":"1957","nse_dplus":"1612","nse_d":"1622","nse_e":"237","nse_total":"9041","nse_ab_pct":"6.05","nse_cplus_pct":"14.00","nse_c_pct":"19.90","nse_cminus_pct":"21.65","nse_dplus_pct":"17.83","nse_d_pct":"17.95","nse_e_pct":"2.63"}},{"type":"Feature","geometry":{"type":"Polygon","coordinates":[[[-99.077359,19.346851],[-99.076956,19.347556],[-99.076822,19.347790],[-99.075863,19.349428],[-99.074863,19.351059],[-99.075395,19.351307],[-99.075686,19.351442],[-99.076209,19.351685],[-99.077516,19.352245],[-99.078456,19.352647],[-99.079323,19.353049],[-99.080177,19.353455],[-99.080649,19.353667],[-99.081326,19.353973],[-99.082036,19.354310],[-99.082796,19.354650],[-99.084967,19.355631],[-99.085258,19.355789],[-99.085391,19.355870],[-99.085672,19.355766],[-99.085549,19.355474],[-99.085087,19.355066],[-99.083862,19.354377],[-99.082718,19.353782],[-99.082294,19.353564],[-99.081878,19.353354],[-99.080862,19.352832],[-99.080779,19.352749],[-99.080434,19.352247],[-99.079929,19.351400],[-99.079707,19.351084],[-99.079482,19.350775],[-99.078964,19.350087],[-99.078712,19.349741],[-99.078086,19.348876],[-99.077863,19.348413],[-99.077699,19.347853],[-99.077457,19.347100],[-99.077359,19.346851]]]},"properties":{"cvegeo":"0900700010172","match":"Neighborhood","name":"San Miguel Octava Ampliación","state":"Ciudad de México","municipality":"Iztapalapa","city":"Iztapalapa","neighborhood":"San Miguel Octava Ampliación","category":"Colonia","type":"U","postal_code":"09837","population":"28623","dwellings":null,"occupied_dwellings":null,"price_m2":null,"property_price":null,"ids_prom":"412.344","nse":"C-","nse_label":"C- (19%)","nse_score":"4.123","nse_ab":"72","nse_cplus":"126","nse_c":"144","nse_cminus":"155","nse_dplus":"125","nse_d":"137","nse_e":"38","nse_total":"800","nse_ab_pct":"9.03","nse_cplus_pct":"15.82","nse_c_pct":"18.05","nse_cminus_pct":"19.46","nse_dplus_pct":"15.67","nse_d_pct":"17.13","nse_e_pct":"4.84"}},{"type":"Feature","geometry":{"type":"Polygon","coordinates":[[[-99.066480,19.351673],[-99.066425,19.351897],[-99.066399,19.352065],[-99.066322,19.352423],[-99.066301,19.352512],[-99.066248,19.352789],[-99.066431,19.352834],[-99.066691,19.352889],[-99.066945,19.352946],[-99.067194,19.352997],[-99.067274,19.353013],[-99.067653,19.353092],[-99.068155,19.353192],[-99.069193,19.353378],[-99.069396,19.353433],[-99.068939,19.352954],[-99.068503,19.352448],[-99.067920,19.351815],[-99.067904,19.351948],[-99.066480,19.351673]]]},"properties":{"cvegeo":"0900700010173","match":"Neighborhood","name":"Ampliación San Miguel","state":"Ciudad de México","municipality":"Iztapalapa","city":"Iztapalapa","neighborhood":"Ampliación San Miguel","category":"Colonia","type":"U","postal_code":"09360","population":"3592","dwellings":null,"occupied_dwellings":null,"price_m2":null,"property_price":null,"ids_prom":"411.509","nse":"D","nse_label":"D (21%)","nse_score":"4.115","nse_ab":"15","nse_cplus":"23","nse_c":"23","nse_cminus":"25","nse_dplus":"20","nse_d":"31","nse_e":"6","nse_total":"146","nse_ab_pct":"10.65","nse_cplus_pct":"16.36","nse_c_pct":"16.27","nse_cminus_pct":"17.24","nse_dplus_pct":"13.91","nse_d_pct":"21.19","nse_e_pct":"4.38"}},{"type":"Feature","geometry":{"type":"Polygon","coordinates":[[[-98.983723,19.336832],[-98.983428,19.336854],[-98.983073,19.336956],[-98.982951,19.337184],[-98.982871,19.337186],[-98.982802,19.337481],[-98.982746,19.337688],[-98.982560,19.338487],[-98.982451,19.338466],[-98.982245,19.339461],[-98.981991,19.339436],[-98.981746,19.339403],[-98.981675,19.339834],[-98.981627,19.340185],[-98.981489,19.340563],[-98.981430,19.340723],[-98.981319,19.340744],[-98.981076,19.341097],[-98.980935,19.341080],[-98.980690,19.341646],[-98.980631,19.341773],[-98.980553,19.341987],[-98.980477,19.341965],[-98.980443,19.342299],[-98.980328,19.342285],[-98.980206,19.342273],[-98.980178,19.342597],[-98.980238,19.342852],[-98.980182,19.343231],[-98.980134,19.343223],[-98.980067,19.343362],[-98.980078,19.343448],[-98.979979,19.343574],[-98.979874,19.343777],[-98.979816,19.343921],[-98.979631,19.344102],[-98.981273,19.345695],[-98.981709,19.345662],[-98.982427,19.345711],[-98.983313,19.345605],[-98.983666,19.345562],[-98.983917,19.345605],[-98.984056,19.345629],[-98.984257,19.345665],[-98.984671,19.345743],[-98.985345,19.345872],[-98.986354,19.346078],[-98.986403,19.346002],[-98.986592,19.345193],[-98.986811,19.344155],[-98.986523,19.344090],[-98.986076,19.344032],[-98.986292,19.343024],[-98.986396,19.342634],[-98.986545,19.342152],[-98.985538,19.341837],[-98.985138,19.341696],[-98.984822,19.341579],[-98.984237,19.341383],[-98.983895,19.341257],[-98.984027,19.340701],[-98.984110,19.340179],[-98.984525,19.340290],[-98.984593,19.340021],[-98.984672,19.339707],[-98.984766,19.339390],[-98.984881,19.338986],[-98.984982,19.338651],[-98.985080,19.338312],[-98.985134,19.337950],[-98.985156,19.337598],[-98.984839,19.337529],[-98.984939,19.337076],[-98.984915,19.336924],[-98.984583,19.336870],[-98.984137,19.336882],[-98.983723,19.336832]]]},"properties":{"cvegeo":"0900700010174","match":"Neighborhood","name":"San Miguel Teotongo Sección Guadalupe","state":"Ciudad de México","municipality":"Iztapalapa","city":"Iztapalapa","neighborhood":"San Miguel Teotongo Sección Guadalupe","category":"Colonia","type":"U","postal_code":"09630","population":"2777","dwellings":null,"occupied_dwellings":null,"price_m2":null,"property_price":null,"ids_prom":"307.783","nse":"D","nse_label":"D (35%)","nse_score":"3.078","nse_ab":"50","nse_cplus":"108","nse_c":"189","nse_cminus":"311","nse_dplus":"356","nse_d":"648","nse_e":"210","nse_total":"1874","nse_ab_pct":"2.68","nse_cplus_pct":"5.78","nse_c_pct":"10.09","nse_cminus_pct":"16.62","nse_dplus_pct":"19.01","nse_d_pct":"34.58","nse_e_pct":"11.24"}},{"type":"Feature","geometry":{"type":"Polygon","coordinates":[[[-99.003452,19.331081],[-99.003217,19.332424],[-99.003102,19.332491],[-99.002984,19.332559],[-99.002682,19.332703],[-99.002634,19.332725],[-99.002741,19.333125],[-99.002682,19.333336],[-99.002663,19.333590],[-99.002532,19.333792],[-99.002205,19.334098],[-99.002343,19.334353],[-99.002441,19.334681],[-99.002453,19.335104],[-99.002563,19.335415],[-99.002601,19.335686],[-99.002598,19.335775],[-99.002579,19.336332],[-99.002943,19.336391],[-99.003429,19.336085],[-99.003835,19.336092],[-99.004268,19.335982],[-99.004504,19.335885],[-99.004716,19.336008],[-99.004681,19.335679],[-99.005940,19.335599],[-99.005924,19.335779],[-99.006615,19.335599],[-99.006619,19.335316],[-99.006430,19.335288],[-99.006263,19.335197],[-99.006146,19.335100],[-99.005979,19.334903],[-99.005682,19.334483],[-99.005580,19.334373],[-99.005518,19.334089],[-99.005348,19.333779],[-99.005210,19.333550],[-99.005159,19.333473],[-99.005065,19.333267],[-99.004922,19.333078],[-99.004567,19.332543],[-99.004484,19.332391],[-99.004037,19.332045],[-99.004143,19.331709],[-99.004221,19.331452],[-99.003452,19.331081]]]},"properties":{"cvegeo":"0900700010176","match":"Neighborhood","name":"San Pablo","state":"Ciudad de México","municipality":"Iztapalapa","city":"Iztapalapa","neighborhood":"San Pablo","category":"Colonia","type":"U","postal_code":"09648","population":"3760","dwellings":null,"occupied_dwellings":null,"price_m2":null,"property_price":null,"ids_prom":"322.124","nse":"D","nse_label":"D (34%)","nse_score":"3.221","nse_ab":"7","nse_cplus":"14","nse_c":"29","nse_cminus":"39","nse_dplus":"43","nse_d":"78","nse_e":"20","nse_total":"233","nse_ab_pct":"3.37","nse_cplus_pct":"6.09","nse_c_pct":"12.59","nse_cminus_pct":"16.73","nse_dplus_pct":"18.68","nse_d_pct":"33.56","nse_e_pct":"8.98"}},{"type":"Feature","geometry":{"type":"Polygon","coordinates":[[[-99.049480,19.342404],[-99.047542,19.342594],[-99.046947,19.342655],[-99.046541,19.342693],[-99.046171,19.342726],[-99.045699,19.342771],[-99.045263,19.342814],[-99.045165,19.342824],[-99.044879,19.342854],[-99.044478,19.342890],[-99.044046,19.342925],[-99.043841,19.342946],[-99.043603,19.342969],[-99.043220,19.343005],[-99.042818,19.343048],[-99.042761,19.343054],[-99.042368,19.343093],[-99.042036,19.343128],[-99.041943,19.343138],[-99.041539,19.343174],[-99.041380,19.343192],[-99.041147,19.343212],[-99.040765,19.343250],[-99.040683,19.343258],[-99.040500,19.343279],[-99.040187,19.343310],[-99.039788,19.343345],[-99.039713,19.343350],[-99.039385,19.343384],[-99.038949,19.343428],[-99.038504,19.343468],[-99.038111,19.343508],[-99.037813,19.343539],[-99.037660,19.343559],[-99.037226,19.343601],[-99.036838,19.343643],[-99.036441,19.343678],[-99.036144,19.343707],[-99.035981,19.343727],[-99.035858,19.343734],[-99.035480,19.343767],[-99.035074,19.343807],[-99.034673,19.343845],[-99.034235,19.343891],[-99.034087,19.343905],[-99.033812,19.343926],[-99.033568,19.343950],[-99.033322,19.343969],[-99.032781,19.344022],[-99.032841,19.344416],[-99.032893,19.344788],[-99.032931,19.345057],[-99.032940,19.345134],[-99.032986,19.345532],[-99.033042,19.345835],[-99.033115,19.346100],[-99.033196,19.346319],[-99.033413,19.346647],[-99.033701,19.346960],[-99.033985,19.347203],[-99.034254,19.347361],[-99.034491,19.347486],[-99.034700,19.347611],[-99.035024,19.347765],[-99.035098,19.347805],[-99.035516,19.348015],[-99.035918,19.348195],[-99.036027,19.348244],[-99.036229,19.348326],[-99.036462,19.348421],[-99.036957,19.348628],[-99.037088,19.348682],[-99.037364,19.348795],[-99.037796,19.348984],[-99.038127,19.349112],[-99.038244,19.349161],[-99.038726,19.349362],[-99.039156,19.349525],[-99.039581,19.349665],[-99.039708,19.349711],[-99.039960,19.349809],[-99.040126,19.349929],[-99.040220,19.350004],[-99.040411,19.350163],[-99.040539,19.350271],[-99.040723,19.350455],[-99.040494,19.351163],[-99.040447,19.351719],[-99.040440,19.352759],[-99.040560,19.353565],[-99.040507,19.355388],[-99.040459,19.357222],[-99.040430,19.359006],[-99.040384,19.360795],[-99.040373,19.361210],[-99.040349,19.362618],[-99.040316,19.363596],[-99.040301,19.364395],[-99.040273,19.365397],[-99.040236,19.366534],[-99.043735,19.367857],[-99.045491,19.368550],[-99.046243,19.368834],[-99.046380,19.368942],[-99.046488,19.369114],[-99.046613,19.369545],[-99.046735,19.369282],[-99.046892,19.369066],[-99.047036,19.368956],[-99.047215,19.368877],[-99.047381,19.368723],[-99.047462,19.368604],[-99.047493,19.368525],[-99.047541,19.368359],[-99.047566,19.368067],[-99.047598,19.367699],[-99.047688,19.365612],[-99.047765,19.365281],[-99.048288,19.363885],[-99.048384,19.363684],[-99.048605,19.363367],[-99.048802,19.363000],[-99.048871,19.362758],[-99.048909,19.362317],[-99.048984,19.362253],[-99.049022,19.362122],[-99.049035,19.361294],[-99.049049,19.360869],[-99.049080,19.360255],[-99.049128,19.358352],[-99.049131,19.358225],[-99.049185,19.356716],[-99.049237,19.354404],[-99.049189,19.354217],[-99.049132,19.353589],[-99.049129,19.353138],[-99.049140,19.352912],[-99.049162,19.351989],[-99.049174,19.351541],[-99.049183,19.351269],[-99.049203,19.350673],[-99.049275,19.348906],[-99.049368,19.346786],[-99.049399,19.345316],[-99.049480,19.342404]]]},"properties":{"cvegeo":"0900700010178","match":"Neighborhood","name":"Santa Cruz Meyehualco","state":"Ciudad de México","municipality":"Iztapalapa","city":"Iztapalapa","neighborhood":"Santa Cruz Meyehualco","category":"Colonia","type":"U","postal_code":"09290","population":"1397","dwellings":null,"occupied_dwellings":null,"price_m2":null,"property_price":null,"ids_prom":"414.293","nse":"D","nse_label":"D (19%)","nse_score":"4.143","nse_ab":"558","nse_cplus":"924","nse_c":"1004","nse_cminus":"1056","nse_dplus":"869","nse_d":"1058","nse_e":"236","nse_total":"5712","nse_ab_pct":"9.77","nse_cplus_pct":"16.19","nse_c_pct":"17.58","nse_cminus_pct":"18.50","nse_dplus_pct":"15.22","nse_d_pct":"18.53","nse_e_pct":"4.14"}},{"type":"Feature","geometry":{"type":"Polygon","coordinates":[[[-99.107323,19.345770],[-99.107091,19.346428],[-99.106859,19.347057],[-99.106615,19.347709],[-99.106317,19.348429],[-99.105868,19.348284],[-99.104665,19.347932],[-99.103568,19.350588],[-99.103115,19.351896],[-99.103063,19.352051],[-99.102566,19.353409],[-99.102423,19.353803],[-99.102327,19.354052],[-99.102251,19.354201],[-99.102160,19.354324],[-99.102095,19.354372],[-99.101965,19.354418],[-99.101826,19.354454],[-99.101792,19.354467],[-99.101764,19.354485],[-99.101543,19.354985],[-99.101403,19.355226],[-99.101298,19.355302],[-99.100922,19.355458],[-99.100983,19.355643],[-99.101741,19.355699],[-99.102906,19.355860],[-99.103278,19.355884],[-99.103365,19.355892],[-99.103843,19.355934],[-99.104368,19.355980],[-99.104555,19.355997],[-99.105687,19.356098],[-99.105759,19.356104],[-99.106780,19.356194],[-99.107150,19.356221],[-99.107229,19.355240],[-99.107296,19.354403],[-99.107450,19.352738],[-99.107613,19.351229],[-99.107630,19.351029],[-99.107789,19.349505],[-99.106908,19.349352],[-99.107241,19.347531],[-99.107299,19.347222],[-99.107466,19.346316],[-99.107547,19.345847],[-99.107473,19.345807],[-99.107323,19.345770]]]},"properties":{"cvegeo":"0900700010179","match":"Neighborhood","name":"Santa Isabel Industrial","state":"Ciudad de México","municipality":"Iztapalapa","city":"Iztapalapa","neighborhood":"Santa Isabel Industrial","category":"Colonia","type":"U","postal_code":"09820","population":"9618","dwellings":null,"occupied_dwellings":null,"price_m2":null,"property_price":null,"ids_prom":"404.843","nse":"C-","nse_label":"C- (23%)","nse_score":"4.048","nse_ab":"13","nse_cplus":"40","nse_c":"58","nse_cminus":"63","nse_dplus":"43","nse_d":"52","nse_e":"5","nse_total":"277","nse_ab_pct":"4.84","nse_cplus_pct":"14.53","nse_c_pct":"21.11","nse_cminus_pct":"22.84","nse_dplus_pct":"15.57","nse_d_pct":"19.03","nse_e_pct":"2.08"}},{"type":"Feature","geometry":{"type":"Polygon","coordinates":[[[-99.087906,19.351658],[-99.087952,19.352056],[-99.087987,19.352259],[-99.087997,19.352442],[-99.087949,19.352542],[-99.087928,19.352572],[-99.087128,19.353321],[-99.087324,19.353537],[-99.087784,19.353246],[-99.088631,19.353078],[-99.088728,19.353558],[-99.088931,19.353587],[-99.089441,19.353659],[-99.090208,19.354576],[-99.090624,19.354682],[-99.090922,19.353299],[-99.090993,19.352546],[-99.091020,19.352373],[-99.091065,19.352236],[-99.091229,19.351996],[-99.091209,19.351756],[-99.090052,19.352073],[-99.089930,19.352050],[-99.089838,19.352032],[-99.089781,19.352025],[-99.089605,19.352008],[-99.089236,19.352005],[-99.089189,19.352005],[-99.088855,19.351909],[-99.088396,19.351777],[-99.087906,19.351658]]]},"properties":{"cvegeo":"0900700010181","match":"Neighborhood","name":"Santa María del Monte","state":"Ciudad de México","municipality":"Iztapalapa","city":"Iztapalapa","neighborhood":"Santa María del Monte","category":"Colonia","type":"U","postal_code":"09850","population":"50317","dwellings":null,"occupied_dwellings":null,"price_m2":null,"property_price":null,"ids_prom":"408.973","nse":"D","nse_label":"D (20%)","nse_score":"4.090","nse_ab":"19","nse_cplus":"25","nse_c":"32","nse_cminus":"37","nse_dplus":"28","nse_d":"38","nse_e":"6","nse_total":"188","nse_ab_pct":"10.49","nse_cplus_pct":"13.51","nse_c_pct":"17.30","nse_cminus_pct":"19.68","nse_dplus_pct":"14.92","nse_d_pct":"20.43","nse_e_pct":"3.68"}},{"type":"Feature","geometry":{"type":"Polygon","coordinates":[[[-99.006362,19.349952],[-99.006157,19.350597],[-99.006057,19.350853],[-99.005990,19.350975],[-99.005826,19.351332],[-99.005750,19.351757],[-99.005949,19.351782],[-99.006329,19.351819],[-99.006317,19.352174],[-99.006311,19.352446],[-99.006318,19.352800],[-99.006336,19.353151],[-99.006338,19.353297],[-99.006330,19.353598],[-99.006319,19.353633],[-99.006306,19.353887],[-99.006285,19.354253],[-99.006549,19.354284],[-99.007033,19.354362],[-99.007188,19.354379],[-99.007723,19.354434],[-99.008249,19.354495],[-99.008596,19.354533],[-99.009114,19.354564],[-99.009693,19.354676],[-99.010377,19.354389],[-99.011087,19.354109],[-99.012578,19.353485],[-99.013466,19.353100],[-99.014888,19.352509],[-99.015081,19.352428],[-99.014045,19.351870],[-99.012945,19.351277],[-99.012670,19.351154],[-99.011701,19.350958],[-99.010898,19.350829],[-99.010440,19.350737],[-99.010118,19.350673],[-99.009036,19.350462],[-99.008610,19.350381],[-99.008275,19.350316],[-99.008186,19.350298],[-99.007745,19.350212],[-99.007391,19.350151],[-99.007289,19.350137],[-99.007053,19.350095],[-99.006660,19.350017],[-99.006362,19.349952]]]},"properties":{"cvegeo":"0900700010182","match":"Neighborhood","name":"Santiago Acahualtepec Primera Ampliación","state":"Ciudad de México","municipality":"Iztapalapa","city":"Iztapalapa","neighborhood":"Santiago Acahualtepec Primera Ampliación","category":"Colonia","type":"U","postal_code":"09608","population":"5416","dwellings":null,"occupied_dwellings":null,"price_m2":null,"property_price":null,"ids_prom":"362.124","nse":"D","nse_label":"D (27%)","nse_score":"3.621","nse_ab":"99","nse_cplus":"153","nse_c":"198","nse_cminus":"259","nse_dplus":"273","nse_d":"403","nse_e":"95","nse_total":"1484","nse_ab_pct":"6.71","nse_cplus_pct":"10.34","nse_c_pct":"13.40","nse_cminus_pct":"17.52","nse_dplus_pct":"18.42","nse_d_pct":"27.16","nse_e_pct":"6.45"}},{"type":"Feature","geometry":{"type":"Polygon","coordinates":[[[-99.007434,19.341078],[-99.007284,19.341139],[-99.007384,19.341417],[-99.006858,19.341417],[-99.006502,19.341409],[-99.005914,19.341397],[-99.005694,19.341392],[-99.005429,19.341382],[-99.005045,19.341385],[-99.005014,19.341752],[-99.004989,19.342002],[-99.005084,19.342038],[-99.005079,19.342111],[-99.005550,19.342107],[-99.005485,19.342461],[-99.005375,19.342445],[-99.005206,19.343189],[-99.005075,19.344071],[-99.005277,19.344027],[-99.005377,19.344015],[-99.005489,19.344000],[-99.005800,19.344007],[-99.005813,19.344076],[-99.005775,19.344484],[-99.005838,19.344681],[-99.005829,19.345171],[-99.005779,19.345691],[-99.005794,19.345964],[-99.005818,19.346258],[-99.005849,19.346456],[-99.005873,19.346576],[-99.005912,19.346727],[-99.005955,19.346876],[-99.006022,19.347123],[-99.006015,19.347237],[-99.005987,19.347452],[-99.005946,19.347780],[-99.005873,19.348072],[-99.005861,19.348125],[-99.005835,19.348516],[-99.005804,19.348806],[-99.005779,19.348867],[-99.005631,19.349104],[-99.005259,19.349727],[-99.005706,19.349827],[-99.005823,19.349854],[-99.006362,19.349952],[-99.006660,19.350017],[-99.007053,19.350095],[-99.007289,19.350137],[-99.007391,19.350151],[-99.007745,19.350212],[-99.008186,19.350298],[-99.008275,19.350316],[-99.008610,19.350381],[-99.009036,19.350462],[-99.010118,19.350673],[-99.010440,19.350737],[-99.010898,19.350829],[-99.011701,19.350958],[-99.012670,19.351154],[-99.012945,19.351277],[-99.014045,19.351870],[-99.015081,19.352428],[-99.015294,19.352329],[-99.015781,19.352113],[-99.016169,19.351899],[-99.016309,19.351813],[-99.016585,19.351625],[-99.016841,19.351405],[-99.017210,19.351031],[-99.017603,19.350524],[-99.017854,19.350108],[-99.017878,19.350056],[-99.016867,19.349496],[-99.016535,19.349264],[-99.016183,19.349104],[-99.015869,19.348907],[-99.015816,19.348495],[-99.015809,19.348338],[-99.015817,19.348155],[-99.015930,19.347956],[-99.016014,19.347763],[-99.016216,19.347236],[-99.016247,19.347068],[-99.016129,19.346813],[-99.015700,19.346453],[-99.015484,19.346368],[-99.015301,19.346219],[-99.015142,19.346086],[-99.014984,19.345933],[-99.014951,19.345836],[-99.014885,19.345558],[-99.014747,19.345251],[-99.014388,19.345143],[-99.014107,19.345036],[-99.013940,19.344968],[-99.013751,19.344894],[-99.013581,19.344832],[-99.013385,19.344768],[-99.013218,19.344711],[-99.012839,19.344588],[-99.012450,19.344489],[-99.012224,19.344440],[-99.012092,19.344417],[-99.011856,19.344378],[-99.011771,19.344356],[-99.011568,19.344320],[-99.011436,19.344302],[-99.011193,19.344260],[-99.010835,19.344175],[-99.010649,19.344009],[-99.010498,19.343904],[-99.010282,19.343743],[-99.010177,19.343548],[-99.010059,19.343368],[-99.009910,19.343128],[-99.009611,19.342644],[-99.009372,19.342419],[-99.009159,19.342267],[-99.009041,19.342206],[-99.008652,19.342017],[-99.008675,19.341939],[-99.008134,19.341666],[-99.007833,19.341427],[-99.007434,19.341078]]]},"properties":{"cvegeo":"0900700010183","match":"Neighborhood","name":"Santiago Acahualtepec Segunda Ampliación","state":"Ciudad de México","municipality":"Iztapalapa","city":"Iztapalapa","neighborhood":"Santiago Acahualtepec Segunda Ampliación","category":"Colonia","type":"U","postal_code":"09609","population":"4931","dwellings":null,"occupied_dwellings":null,"price_m2":null,"property_price":null,"ids_prom":"368.151","nse":"D","nse_label":"D (26%)","nse_score":"3.682","nse_ab":"356","nse_cplus":"715","nse_c":"922","nse_cminus":"1093","nse_dplus":"1133","nse_d":"1600","nse_e":"351","nse_total":"6172","nse_ab_pct":"5.77","nse_cplus_pct":"11.59","nse_c_pct":"14.94","nse_cminus_pct":"17.71","nse_dplus_pct":"18.37","nse_d_pct":"25.93","nse_e_pct":"5.69"}},{"type":"Feature","geometry":{"type":"Polygon","coordinates":[[[-99.093622,19.352101],[-99.091746,19.352745],[-99.091901,19.353175],[-99.091785,19.353273],[-99.091731,19.353448],[-99.091759,19.353670],[-99.091832,19.353947],[-99.090922,19.353299],[-99.090624,19.354682],[-99.090610,19.354734],[-99.090540,19.354959],[-99.090379,19.355166],[-99.090174,19.355325],[-99.089962,19.355453],[-99.089846,19.355557],[-99.089743,19.355703],[-99.089705,19.355831],[-99.089692,19.355977],[-99.089724,19.356148],[-99.090005,19.356457],[-99.091454,19.356275],[-99.092529,19.356143],[-99.093435,19.356034],[-99.093693,19.355998],[-99.094198,19.355938],[-99.094709,19.355878],[-99.095036,19.355833],[-99.095197,19.355810],[-99.095898,19.355710],[-99.095980,19.355698],[-99.096430,19.355640],[-99.096798,19.355593],[-99.096868,19.354600],[-99.096939,19.354244],[-99.096963,19.354101],[-99.096964,19.353973],[-99.096935,19.353754],[-99.096953,19.353503],[-99.096720,19.353471],[-99.096337,19.353560],[-99.095841,19.353699],[-99.095685,19.353739],[-99.095555,19.353741],[-99.095289,19.353790],[-99.095008,19.353936],[-99.094910,19.353960],[-99.094828,19.353682],[-99.094771,19.353376],[-99.094692,19.352893],[-99.094308,19.353013],[-99.093940,19.353123],[-99.093809,19.352676],[-99.093737,19.352446],[-99.093666,19.352227],[-99.093622,19.352101]]]},"properties":{"cvegeo":"0900700010184","match":"Neighborhood","name":"El Santuario","state":"Ciudad de México","municipality":"Iztapalapa","city":"Iztapalapa","neighborhood":"El Santuario","category":"Colonia","type":"U","postal_code":"09820","population":"1779","dwellings":null,"occupied_dwellings":null,"price_m2":null,"property_price":null,"ids_prom":"414.396","nse":"C-","nse_label":"C- (19%)","nse_score":"4.144","nse_ab":"79","nse_cplus":"147","nse_c":"172","nse_cminus":"176","nse_dplus":"148","nse_d":"165","nse_e":"31","nse_total":"920","nse_ab_pct":"8.65","nse_cplus_pct":"16.03","nse_c_pct":"18.69","nse_cminus_pct":"19.13","nse_dplus_pct":"16.10","nse_d_pct":"18.00","nse_e_pct":"3.40"}},{"type":"Feature","geometry":{"type":"Polygon","coordinates":[[[-99.096040,19.347458],[-99.095483,19.348337],[-99.094966,19.349149],[-99.094135,19.348807],[-99.093708,19.348642],[-99.093484,19.349175],[-99.093837,19.349427],[-99.093322,19.350216],[-99.093240,19.350335],[-99.092717,19.350929],[-99.092608,19.351053],[-99.092502,19.351148],[-99.092373,19.351261],[-99.092201,19.351392],[-99.092001,19.351509],[-99.091825,19.351601],[-99.091510,19.351776],[-99.091229,19.351996],[-99.091065,19.352236],[-99.091020,19.352373],[-99.090993,19.352546],[-99.090922,19.353299],[-99.091832,19.353947],[-99.091759,19.353670],[-99.091731,19.353448],[-99.091785,19.353273],[-99.091901,19.353175],[-99.091746,19.352745],[-99.093622,19.352101],[-99.093666,19.352227],[-99.093737,19.352446],[-99.093809,19.352676],[-99.093940,19.353123],[-99.094308,19.353013],[-99.094692,19.352893],[-99.094771,19.353376],[-99.094828,19.353682],[-99.094910,19.353960],[-99.095008,19.353936],[-99.095289,19.353790],[-99.095555,19.353741],[-99.095685,19.353739],[-99.095841,19.353699],[-99.096337,19.353560],[-99.096720,19.353471],[-99.096953,19.353503],[-99.097274,19.352742],[-99.097453,19.352365],[-99.097718,19.351807],[-99.097970,19.352007],[-99.098807,19.350213],[-99.098456,19.350072],[-99.098039,19.349968],[-99.097587,19.349848],[-99.096956,19.349703],[-99.097534,19.348932],[-99.097587,19.348777],[-99.097061,19.348247],[-99.096540,19.347798],[-99.096040,19.347458]]]},"properties":{"cvegeo":"0900700010185","match":"Neighborhood","name":"Ampliación el Santuario","state":"Ciudad de México","municipality":"Iztapalapa","city":"Iztapalapa","neighborhood":"Ampliación el Santuario","category":"Colonia","type":"U","postal_code":"09829","population":"11132","dwellings":null,"occupied_dwellings":null,"price_m2":null,"property_price":null,"ids_prom":"428.891","nse":"C","nse_label":"C (21%)","nse_score":"4.289","nse_ab":"137","nse_cplus":"289","nse_c":"329","nse_cminus":"284","nse_dplus":"255","nse_d":"239","nse_e":"42","nse_total":"1577","nse_ab_pct":"8.70","nse_cplus_pct":"18.32","nse_c_pct":"20.87","nse_cminus_pct":"18.01","nse_dplus_pct":"16.22","nse_d_pct":"15.17","nse_e_pct":"2.71"}},{"type":"Feature","geometry":{"type":"Polygon","coordinates":[[[-99.114372,19.362912],[-99.114260,19.363316],[-99.113837,19.365182],[-99.113475,19.366878],[-99.113434,19.367068],[-99.113410,19.367173],[-99.113039,19.368697],[-99.112770,19.369900],[-99.112895,19.369893],[-99.113188,19.369876],[-99.113615,19.369849],[-99.113768,19.369845],[-99.114011,19.369832],[-99.114503,19.369806],[-99.114588,19.369800],[-99.114941,19.369775],[-99.115338,19.369747],[-99.115437,19.369740],[-99.115867,19.369709],[-99.115966,19.369704],[-99.116364,19.369683],[-99.116443,19.369680],[-99.116814,19.369659],[-99.117228,19.369637],[-99.117278,19.369638],[-99.117665,19.369618],[-99.117766,19.369613],[-99.118111,19.369596],[-99.118553,19.369573],[-99.118642,19.369568],[-99.118975,19.369549],[-99.119092,19.369543],[-99.119486,19.369520],[-99.119644,19.369511],[-99.119944,19.369494],[-99.120167,19.369482],[-99.120583,19.369458],[-99.121014,19.369434],[-99.121466,19.369429],[-99.122518,19.369381],[-99.122507,19.368744],[-99.122499,19.368340],[-99.122495,19.368087],[-99.122488,19.367698],[-99.122477,19.367117],[-99.122468,19.366591],[-99.122459,19.366105],[-99.122457,19.365993],[-99.122448,19.365520],[-99.122395,19.364123],[-99.122391,19.364035],[-99.122389,19.363740],[-99.121325,19.363631],[-99.120814,19.363578],[-99.120340,19.363531],[-99.119904,19.363480],[-99.119471,19.363430],[-99.119074,19.363392],[-99.118648,19.363350],[-99.118236,19.363305],[-99.117810,19.363264],[-99.117334,19.363215],[-99.116830,19.363164],[-99.116428,19.363117],[-99.116028,19.363084],[-99.115568,19.363035],[-99.115132,19.362987],[-99.114765,19.362947],[-99.114372,19.362912]]]},"properties":{"cvegeo":"0900700010186","match":"Neighborhood","name":"Sector Popular","state":"Ciudad de México","municipality":"Iztapalapa","city":"Iztapalapa","neighborhood":"Sector Popular","category":"Colonia","type":"U","postal_code":"09060","population":"9605","dwellings":null,"occupied_dwellings":null,"price_m2":null,"property_price":null,"ids_prom":"450.199","nse":"C+","nse_label":"C+ (20%)","nse_score":"4.502","nse_ab":"418","nse_cplus":"628","nse_c":"555","nse_cminus":"531","nse_dplus":"406","nse_d":"452","nse_e":"72","nse_total":"3064","nse_ab_pct":"13.66","nse_cplus_pct":"20.50","nse_c_pct":"18.12","nse_cminus_pct":"17.33","nse_dplus_pct":"13.26","nse_d_pct":"14.77","nse_e_pct":"2.36"}},{"type":"Feature","geometry":{"type":"Polygon","coordinates":[[[-99.068023,19.372257],[-99.067904,19.372266],[-99.067440,19.372304],[-99.067095,19.372331],[-99.066991,19.372343],[-99.066565,19.372379],[-99.066193,19.372408],[-99.066119,19.372417],[-99.065699,19.372455],[-99.065262,19.372492],[-99.064810,19.372532],[-99.064295,19.372572],[-99.063507,19.374215],[-99.062968,19.375361],[-99.063591,19.375273],[-99.063899,19.375216],[-99.064045,19.375186],[-99.064540,19.375057],[-99.064824,19.374963],[-99.065002,19.374905],[-99.065508,19.374745],[-99.065739,19.374665],[-99.066010,19.374565],[-99.066540,19.374355],[-99.066712,19.374291],[-99.067045,19.374162],[-99.067220,19.374086],[-99.067472,19.373978],[-99.068110,19.372283],[-99.068023,19.372257]]]},"properties":{"cvegeo":"0900700010187","match":"Neighborhood","name":"Sideral","state":"Ciudad de México","municipality":"Iztapalapa","city":"Iztapalapa","neighborhood":"Sideral","category":"Colonia","type":"U","postal_code":"09320","population":"4191","dwellings":null,"occupied_dwellings":null,"price_m2":null,"property_price":null,"ids_prom":"388.462","nse":"D","nse_label":"D (24%)","nse_score":"3.885","nse_ab":"50","nse_cplus":"72","nse_c":"82","nse_cminus":"88","nse_dplus":"81","nse_d":"129","nse_e":"33","nse_total":"537","nse_ab_pct":"9.33","nse_cplus_pct":"13.51","nse_c_pct":"15.29","nse_cminus_pct":"16.46","nse_dplus_pct":"15.10","nse_d_pct":"24.16","nse_e_pct":"6.14"}},{"type":"Feature","geometry":{"type":"Polygon","coordinates":[[[-99.122518,19.369381],[-99.121466,19.369429],[-99.121014,19.369434],[-99.120583,19.369458],[-99.120167,19.369482],[-99.119944,19.369494],[-99.119644,19.369511],[-99.119486,19.369520],[-99.119092,19.369543],[-99.118975,19.369549],[-99.118642,19.369568],[-99.118553,19.369573],[-99.118111,19.369596],[-99.117766,19.369613],[-99.117665,19.369618],[-99.117278,19.369638],[-99.117228,19.369637],[-99.116814,19.369659],[-99.116443,19.369680],[-99.116364,19.369683],[-99.115966,19.369704],[-99.115867,19.369709],[-99.115437,19.369740],[-99.115338,19.369747],[-99.114941,19.369775],[-99.114588,19.369800],[-99.114503,19.369806],[-99.114011,19.369832],[-99.113768,19.369845],[-99.113615,19.369849],[-99.113188,19.369876],[-99.112895,19.369893],[-99.112770,19.369900],[-99.112399,19.369920],[-99.112233,19.369930],[-99.111905,19.369948],[-99.111742,19.369957],[-99.111432,19.369974],[-99.111233,19.369985],[-99.110930,19.370002],[-99.110770,19.370010],[-99.110467,19.370027],[-99.110269,19.370039],[-99.109944,19.370061],[-99.109808,19.370071],[-99.109431,19.370097],[-99.109313,19.370105],[-99.108923,19.370132],[-99.108861,19.370135],[-99.108295,19.370181],[-99.108214,19.370569],[-99.108072,19.371281],[-99.107913,19.372064],[-99.107852,19.372362],[-99.107862,19.372752],[-99.107866,19.372863],[-99.107884,19.373431],[-99.108187,19.373438],[-99.108663,19.373449],[-99.109135,19.373459],[-99.109589,19.373466],[-99.110126,19.373484],[-99.110643,19.373505],[-99.110714,19.373508],[-99.111116,19.373536],[-99.111565,19.373567],[-99.112052,19.373600],[-99.112263,19.373640],[-99.112758,19.373734],[-99.113258,19.373828],[-99.114086,19.373985],[-99.114793,19.374116],[-99.115970,19.374333],[-99.116109,19.373744],[-99.116169,19.373343],[-99.116319,19.373354],[-99.116396,19.372942],[-99.116706,19.372975],[-99.116993,19.373002],[-99.117291,19.373026],[-99.117534,19.373049],[-99.117550,19.373005],[-99.117837,19.373017],[-99.118293,19.373069],[-99.118808,19.373134],[-99.119276,19.373172],[-99.119458,19.373198],[-99.119649,19.373233],[-99.120088,19.373300],[-99.120066,19.373340],[-99.119916,19.374001],[-99.120708,19.374109],[-99.121139,19.374154],[-99.121569,19.374202],[-99.122669,19.374362],[-99.122662,19.373581],[-99.122660,19.373335],[-99.122635,19.372592],[-99.122620,19.372149],[-99.122602,19.371723],[-99.122543,19.370033],[-99.122518,19.369381]]]},"properties":{"cvegeo":"0900700010188","match":"Neighborhood","name":"El Sifón","state":"Ciudad de México","municipality":"Iztapalapa","city":"Iztapalapa","neighborhood":"El Sifón","category":"Colonia","type":"U","postal_code":"09400","population":"15933","dwellings":null,"occupied_dwellings":null,"price_m2":null,"property_price":null,"ids_prom":"432.028","nse":"D","nse_label":"D (19%)","nse_score":"4.320","nse_ab":"442","nse_cplus":"649","nse_c":"635","nse_cminus":"553","nse_dplus":"467","nse_d":"674","nse_e":"105","nse_total":"3528","nse_ab_pct":"12.55","nse_cplus_pct":"18.41","nse_c_pct":"18.02","nse_cminus_pct":"15.67","nse_dplus_pct":"13.25","nse_d_pct":"19.11","nse_e_pct":"2.99"}},{"type":"Feature","geometry":{"type":"Polygon","coordinates":[[[-99.131315,19.358618],[-99.131039,19.359074],[-99.130661,19.359700],[-99.130114,19.360607],[-99.129695,19.361315],[-99.129309,19.361976],[-99.130108,19.362390],[-99.130434,19.362567],[-99.130627,19.362673],[-99.131087,19.362945],[-99.131485,19.363189],[-99.131579,19.363246],[-99.132057,19.363548],[-99.132588,19.363877],[-99.133118,19.364200],[-99.133673,19.364530],[-99.133718,19.364308],[-99.133919,19.363048],[-99.134218,19.361292],[-99.134276,19.361008],[-99.134610,19.359009],[-99.134140,19.358961],[-99.133989,19.358948],[-99.133623,19.358905],[-99.133424,19.358888],[-99.133129,19.358853],[-99.132832,19.358822],[-99.132612,19.358791],[-99.132247,19.358748],[-99.132161,19.358739],[-99.131689,19.358681],[-99.131315,19.358618]]]},"properties":{"cvegeo":"0900700010190","match":"Neighborhood","name":"Sinatel","state":"Ciudad de México","municipality":"Iztapalapa","city":"Iztapalapa","neighborhood":"Sinatel","category":"Colonia","type":"U","postal_code":"09470","population":"17867","dwellings":null,"occupied_dwellings":null,"price_m2":null,"property_price":null,"ids_prom":"517.205","nse":"C+","nse_label":"C+ (28%)","nse_score":"5.172","nse_ab":"181","nse_cplus":"229","nse_c":"162","nse_cminus":"106","nse_dplus":"77","nse_d":"59","nse_e":"2","nse_total":"819","nse_ab_pct":"22.15","nse_cplus_pct":"27.99","nse_c_pct":"19.81","nse_cminus_pct":"13.05","nse_dplus_pct":"9.41","nse_d_pct":"7.24","nse_e_pct":"0.27"}},{"type":"Feature","geometry":{"type":"Polygon","coordinates":[[[-99.129309,19.361976],[-99.129234,19.362100],[-99.128923,19.362614],[-99.128799,19.362824],[-99.128344,19.363572],[-99.128198,19.363813],[-99.127695,19.364644],[-99.127597,19.364806],[-99.127284,19.365324],[-99.127033,19.365738],[-99.126779,19.366150],[-99.127151,19.366045],[-99.127327,19.365996],[-99.127555,19.366016],[-99.127530,19.366483],[-99.127665,19.366917],[-99.128053,19.367910],[-99.128367,19.368715],[-99.128677,19.369511],[-99.128684,19.369752],[-99.129176,19.369743],[-99.129943,19.369751],[-99.129947,19.369598],[-99.129965,19.368776],[-99.129982,19.368000],[-99.130020,19.366243],[-99.130515,19.366304],[-99.131007,19.366361],[-99.131501,19.366418],[-99.131965,19.366474],[-99.132480,19.366536],[-99.133311,19.366634],[-99.133417,19.365976],[-99.133627,19.364683],[-99.133673,19.364530],[-99.133118,19.364200],[-99.132588,19.363877],[-99.132057,19.363548],[-99.131579,19.363246],[-99.131485,19.363189],[-99.131087,19.362945],[-99.130627,19.362673],[-99.130434,19.362567],[-99.130108,19.362390],[-99.129309,19.361976]]]},"properties":{"cvegeo":"0900700010191","match":"Neighborhood","name":"Ampliación Sinatel","state":"Ciudad de México","municipality":"Iztapalapa","city":"Iztapalapa","neighborhood":"Ampliación Sinatel","category":"Colonia","type":"U","postal_code":"09479","population":"14064","dwellings":null,"occupied_dwellings":null,"price_m2":null,"property_price":null,"ids_prom":"524.248","nse":"A/B","nse_label":"A/B (27%)","nse_score":"5.243","nse_ab":"292","nse_cplus":"279","nse_c":"192","nse_cminus":"133","nse_dplus":"83","nse_d":"80","nse_e":"15","nse_total":"1077","nse_ab_pct":"27.15","nse_cplus_pct":"25.93","nse_c_pct":"17.90","nse_cminus_pct":"12.36","nse_dplus_pct":"7.75","nse_d_pct":"7.46","nse_e_pct":"1.44"}},{"type":"Feature","geometry":{"type":"Polygon","coordinates":[[[-99.018329,19.326508],[-99.018306,19.326808],[-99.018278,19.327264],[-99.018211,19.328080],[-99.018210,19.328188],[-99.018280,19.328290],[-99.018368,19.328349],[-99.018401,19.328446],[-99.018401,19.328541],[-99.018364,19.328648],[-99.018280,19.328733],[-99.018212,19.328839],[-99.018151,19.329166],[-99.018198,19.329367],[-99.018292,19.329521],[-99.018381,19.329703],[-99.018399,19.329906],[-99.018385,19.329983],[-99.018358,19.330138],[-99.018318,19.330159],[-99.018187,19.330997],[-99.018145,19.331127],[-99.017860,19.331154],[-99.017803,19.331236],[-99.017730,19.331299],[-99.017524,19.331637],[-99.017480,19.331855],[-99.017466,19.332050],[-99.017487,19.332363],[-99.017487,19.332395],[-99.017584,19.332729],[-99.017729,19.333007],[-99.017752,19.333071],[-99.017795,19.333428],[-99.017821,19.333536],[-99.017904,19.333886],[-99.018293,19.333963],[-99.018619,19.334062],[-99.018754,19.334132],[-99.020743,19.334618],[-99.021288,19.334750],[-99.021650,19.334829],[-99.021981,19.334928],[-99.022044,19.334941],[-99.022399,19.335053],[-99.022506,19.335103],[-99.022817,19.335229],[-99.022792,19.334930],[-99.022905,19.334429],[-99.023003,19.334016],[-99.023088,19.333624],[-99.023134,19.333361],[-99.023152,19.333168],[-99.023596,19.331807],[-99.023620,19.331461],[-99.023653,19.331239],[-99.023733,19.331244],[-99.023775,19.331116],[-99.023816,19.330991],[-99.023990,19.330647],[-99.023993,19.330391],[-99.023989,19.330093],[-99.024086,19.330113],[-99.024253,19.330201],[-99.024545,19.330194],[-99.024748,19.330222],[-99.025326,19.330896],[-99.025327,19.331323],[-99.025509,19.331347],[-99.025720,19.331405],[-99.025947,19.331214],[-99.026068,19.331139],[-99.026130,19.330978],[-99.026201,19.330750],[-99.026358,19.330635],[-99.026208,19.330312],[-99.026048,19.329986],[-99.025768,19.329715],[-99.025616,19.329569],[-99.025370,19.329250],[-99.025156,19.328881],[-99.024901,19.328548],[-99.024800,19.328427],[-99.024660,19.328270],[-99.024351,19.328068],[-99.024182,19.327990],[-99.024133,19.328345],[-99.023794,19.328283],[-99.023553,19.328237],[-99.022793,19.328288],[-99.022548,19.328004],[-99.022311,19.327749],[-99.022125,19.327652],[-99.021487,19.327320],[-99.021356,19.327218],[-99.021200,19.327096],[-99.021026,19.327000],[-99.020844,19.326859],[-99.020699,19.326769],[-99.020630,19.326733],[-99.020566,19.326947],[-99.019489,19.326619],[-99.019305,19.326584],[-99.019223,19.326598],[-99.019154,19.326611],[-99.018576,19.326538],[-99.018329,19.326508]]]},"properties":{"cvegeo":"0900700010195","match":"Neighborhood","name":"Tenorios","state":"Ciudad de México","municipality":"Iztapalapa","city":"Iztapalapa","neighborhood":"Tenorios","category":"Colonia","type":"U","postal_code":"09680","population":"3926","dwellings":null,"occupied_dwellings":null,"price_m2":null,"property_price":null,"ids_prom":"336.188","nse":"D","nse_label":"D (30%)","nse_score":"3.362","nse_ab":"144","nse_cplus":"343","nse_c":"528","nse_cminus":"637","nse_dplus":"736","nse_d":"1189","nse_e":"345","nse_total":"3925","nse_ab_pct":"3.67","nse_cplus_pct":"8.75","nse_c_pct":"13.46","nse_cminus_pct":"16.23","nse_dplus_pct":"18.77","nse_d_pct":"30.30","nse_e_pct":"8.81"}},{"type":"Feature","geometry":{"type":"Polygon","coordinates":[[[-99.051920,19.384871],[-99.051854,19.384983],[-99.051717,19.385219],[-99.051552,19.385502],[-99.051418,19.385728],[-99.051270,19.385999],[-99.050785,19.386810],[-99.050629,19.387075],[-99.050327,19.387592],[-99.050180,19.387843],[-99.050075,19.387995],[-99.049548,19.388851],[-99.049422,19.389070],[-99.049349,19.389196],[-99.049243,19.389381],[-99.049118,19.389598],[-99.048656,19.390400],[-99.048507,19.390658],[-99.048345,19.390940],[-99.048076,19.391411],[-99.047963,19.391609],[-99.047734,19.392010],[-99.048240,19.392298],[-99.048509,19.392452],[-99.048982,19.392721],[-99.049600,19.393073],[-99.049898,19.393243],[-99.050064,19.393338],[-99.050584,19.393634],[-99.050989,19.393865],[-99.051557,19.394189],[-99.051961,19.394419],[-99.052337,19.394633],[-99.052610,19.394789],[-99.053108,19.395073],[-99.053695,19.395408],[-99.054212,19.395702],[-99.054848,19.396065],[-99.055392,19.396375],[-99.055633,19.396513],[-99.055936,19.396685],[-99.056450,19.397069],[-99.056568,19.397136],[-99.056864,19.397293],[-99.057627,19.397756],[-99.058558,19.398224],[-99.058663,19.397142],[-99.058774,19.396116],[-99.058824,19.395706],[-99.058927,19.395092],[-99.058976,19.394537],[-99.058977,19.394255],[-99.059086,19.393762],[-99.059159,19.393370],[-99.059188,19.393252],[-99.059232,19.393027],[-99.059352,19.392286],[-99.059418,19.391889],[-99.059446,19.391655],[-99.059493,19.391389],[-99.059529,19.391211],[-99.059598,19.390696],[-99.059713,19.390008],[-99.058967,19.389545],[-99.058479,19.389220],[-99.058176,19.389021],[-99.057574,19.388620],[-99.056999,19.388240],[-99.056457,19.387875],[-99.055900,19.387506],[-99.055500,19.387241],[-99.055265,19.387084],[-99.055160,19.387016],[-99.054853,19.386810],[-99.054711,19.386716],[-99.054199,19.386380],[-99.053876,19.386157],[-99.053586,19.385968],[-99.053213,19.385722],[-99.052807,19.385455],[-99.052423,19.385202],[-99.051920,19.384871]]]},"properties":{"cvegeo":"0900700010196","match":"Neighborhood","name":"Tepalcates","state":"Ciudad de México","municipality":"Iztapalapa","city":"Iztapalapa","neighborhood":"Tepalcates","category":"Colonia","type":"U","postal_code":"09210","population":"15662","dwellings":null,"occupied_dwellings":null,"price_m2":null,"property_price":null,"ids_prom":"429.686","nse":"C-","nse_label":"C- (20%)","nse_score":"4.297","nse_ab":"479","nse_cplus":"926","nse_c":"1010","nse_cminus":"1053","nse_dplus":"799","nse_d":"786","nse_e":"129","nse_total":"5187","nse_ab_pct":"9.25","nse_cplus_pct":"17.86","nse_c_pct":"19.49","nse_cminus_pct":"20.32","nse_dplus_pct":"15.42","nse_d_pct":"15.16","nse_e_pct":"2.51"}},{"type":"Feature","geometry":{"type":"Polygon","coordinates":[[[-99.052091,19.319907],[-99.051939,19.320192],[-99.051736,19.320487],[-99.051553,19.320726],[-99.051275,19.321122],[-99.051052,19.321417],[-99.050998,19.321495],[-99.050945,19.321465],[-99.050686,19.321831],[-99.050551,19.322014],[-99.050466,19.322168],[-99.050362,19.322322],[-99.050022,19.322310],[-99.050098,19.322497],[-99.050264,19.322930],[-99.050305,19.323068],[-99.050419,19.323347],[-99.050443,19.323422],[-99.050573,19.323711],[-99.050583,19.323751],[-99.050688,19.324028],[-99.050726,19.324120],[-99.050852,19.324443],[-99.050880,19.324473],[-99.050932,19.324548],[-99.051163,19.324262],[-99.051365,19.324011],[-99.051405,19.323960],[-99.051621,19.323692],[-99.051669,19.323632],[-99.051901,19.323343],[-99.051927,19.323310],[-99.052193,19.322980],[-99.052452,19.322650],[-99.052605,19.322457],[-99.052708,19.322326],[-99.052844,19.322154],[-99.052921,19.322056],[-99.053104,19.321823],[-99.053147,19.321770],[-99.053338,19.321528],[-99.053367,19.321490],[-99.053540,19.321271],[-99.053595,19.321201],[-99.053702,19.321030],[-99.052091,19.319907]]]},"properties":{"cvegeo":"0900700010198","match":"Neighborhood","name":"El Triángulo","state":"Ciudad de México","municipality":"Iztapalapa","city":"Iztapalapa","neighborhood":"El Triángulo","category":"Colonia","type":"U","postal_code":"09769","population":"5153","dwellings":null,"occupied_dwellings":null,"price_m2":null,"property_price":null,"ids_prom":"336.885","nse":"D","nse_label":"D (31%)","nse_score":"3.369","nse_ab":"21","nse_cplus":"40","nse_c":"63","nse_cminus":"74","nse_dplus":"83","nse_d":"146","nse_e":"43","nse_total":"473","nse_ab_pct":"4.55","nse_cplus_pct":"8.46","nse_c_pct":"13.46","nse_cminus_pct":"15.66","nse_dplus_pct":"17.71","nse_d_pct":"31.03","nse_e_pct":"9.12"}},{"type":"Feature","geometry":{"type":"Polygon","coordinates":[[[-99.119293,19.374999],[-99.118958,19.376416],[-99.118450,19.378567],[-99.118126,19.379832],[-99.118335,19.379848],[-99.118370,19.379851],[-99.118647,19.379873],[-99.118903,19.379892],[-99.119175,19.379938],[-99.119490,19.379975],[-99.119881,19.380011],[-99.120314,19.380038],[-99.120344,19.380039],[-99.120674,19.380076],[-99.122593,19.380275],[-99.122576,19.380108],[-99.122589,19.378907],[-99.122566,19.377720],[-99.122534,19.375700],[-99.121699,19.375484],[-99.121312,19.375403],[-99.120935,19.375324],[-99.120875,19.375311],[-99.120483,19.375229],[-99.120113,19.375157],[-99.119685,19.375075],[-99.119293,19.374999]]]},"properties":{"cvegeo":"0900700010199","match":"Neighborhood","name":"El Triunfo","state":"Ciudad de México","municipality":"Iztapalapa","city":"Iztapalapa","neighborhood":"El Triunfo","category":"Colonia","type":"U","postal_code":"09430","population":"1208","dwellings":null,"occupied_dwellings":null,"price_m2":null,"property_price":null,"ids_prom":"427.857","nse":"C","nse_label":"C (19%)","nse_score":"4.279","nse_ab":"101","nse_cplus":"139","nse_c":"157","nse_cminus":"143","nse_dplus":"120","nse_d":"146","nse_e":"31","nse_total":"840","nse_ab_pct":"12.11","nse_cplus_pct":"16.58","nse_c_pct":"18.70","nse_cminus_pct":"17.11","nse_dplus_pct":"14.38","nse_d_pct":"17.41","nse_e_pct":"3.71"}},{"type":"Feature","geometry":{"type":"Polygon","coordinates":[[[-99.114086,19.373985],[-99.113905,19.374882],[-99.113713,19.375769],[-99.113434,19.377049],[-99.113246,19.377724],[-99.113111,19.378220],[-99.113481,19.378317],[-99.114048,19.378466],[-99.114403,19.377259],[-99.114695,19.377311],[-99.114754,19.377037],[-99.115136,19.377120],[-99.115529,19.377207],[-99.115439,19.377726],[-99.116039,19.377897],[-99.116350,19.377982],[-99.116912,19.378156],[-99.117127,19.378221],[-99.117380,19.378299],[-99.117407,19.378306],[-99.117669,19.378375],[-99.117819,19.378415],[-99.118047,19.378468],[-99.118450,19.378567],[-99.118958,19.376416],[-99.119293,19.374999],[-99.119023,19.374940],[-99.118837,19.374904],[-99.118464,19.374829],[-99.117941,19.374721],[-99.117707,19.374668],[-99.117503,19.374626],[-99.117117,19.374545],[-99.116434,19.374419],[-99.116373,19.374408],[-99.115970,19.374333],[-99.114793,19.374116],[-99.114086,19.373985]]]},"properties":{"cvegeo":"0900700010200","match":"Neighborhood","name":"Ampliación el Triunfo","state":"Ciudad de México","municipality":"Iztapalapa","city":"Iztapalapa","neighborhood":"Ampliación el Triunfo","category":"Colonia","type":"U","postal_code":"09438","population":"8324","dwellings":null,"occupied_dwellings":null,"price_m2":null,"property_price":null,"ids_prom":"401.906","nse":"D","nse_label":"D (21%)","nse_score":"4.019","nse_ab":"133","nse_cplus":"266","nse_c":"319","nse_cminus":"298","nse_dplus":"278","nse_d":"357","nse_e":"75","nse_total":"1730","nse_ab_pct":"7.73","nse_cplus_pct":"15.40","nse_c_pct":"18.48","nse_cminus_pct":"17.24","nse_dplus_pct":"16.11","nse_d_pct":"20.67","nse_e_pct":"4.37"}},{"type":"Feature","geometry":{"type":"Polygon","coordinates":[[[-99.125788,19.359250],[-99.125711,19.359563],[-99.125304,19.361215],[-99.124544,19.361038],[-99.124475,19.361017],[-99.124250,19.360974],[-99.124046,19.360935],[-99.123955,19.360918],[-99.123687,19.360866],[-99.123659,19.360861],[-99.123408,19.360814],[-99.123365,19.360801],[-99.123324,19.360781],[-99.122363,19.360589],[-99.122254,19.360553],[-99.122266,19.360787],[-99.122306,19.361814],[-99.122352,19.362994],[-99.122389,19.363740],[-99.122391,19.364035],[-99.122395,19.364123],[-99.122448,19.365520],[-99.122457,19.365993],[-99.122459,19.366105],[-99.122468,19.366591],[-99.122477,19.367117],[-99.122488,19.367698],[-99.122495,19.368087],[-99.122499,19.368340],[-99.122507,19.368744],[-99.122518,19.369381],[-99.123006,19.369344],[-99.123856,19.369238],[-99.124063,19.369183],[-99.124405,19.369063],[-99.124474,19.369033],[-99.124958,19.368773],[-99.125032,19.368725],[-99.125345,19.368447],[-99.125514,19.368245],[-99.125624,19.368084],[-99.125813,19.367771],[-99.125906,19.367610],[-99.125998,19.367450],[-99.126438,19.366711],[-99.126748,19.366202],[-99.126779,19.366150],[-99.127033,19.365738],[-99.127284,19.365324],[-99.127597,19.364806],[-99.127695,19.364644],[-99.128198,19.363813],[-99.128344,19.363572],[-99.128799,19.362824],[-99.128923,19.362614],[-99.129234,19.362100],[-99.129309,19.361976],[-99.129695,19.361315],[-99.130114,19.360607],[-99.130661,19.359700],[-99.130167,19.359676],[-99.129965,19.359638],[-99.129518,19.359622],[-99.129095,19.359606],[-99.128773,19.359596],[-99.128695,19.359592],[-99.128264,19.359574],[-99.127825,19.359549],[-99.127537,19.359533],[-99.127150,19.359488],[-99.126772,19.359448],[-99.126695,19.359429],[-99.126496,19.359379],[-99.126294,19.359342],[-99.126274,19.359338],[-99.126015,19.359291],[-99.125788,19.359250]]]},"properties":{"cvegeo":"0900700010202","match":"Neighborhood","name":"Unidad Modelo","state":"Ciudad de México","municipality":"Iztapalapa","city":"Iztapalapa","neighborhood":"Unidad Modelo","category":"Colonia","type":"U","postal_code":"09089","population":"2052","dwellings":null,"occupied_dwellings":null,"price_m2":null,"property_price":null,"ids_prom":"524.605","nse":"A/B","nse_label":"A/B (26%)","nse_score":"5.246","nse_ab":"528","nse_cplus":"519","nse_c":"368","nse_cminus":"267","nse_dplus":"161","nse_d":"143","nse_e":"10","nse_total":"2003","nse_ab_pct":"26.36","nse_cplus_pct":"25.93","nse_c_pct":"18.40","nse_cminus_pct":"13.37","nse_dplus_pct":"8.07","nse_d_pct":"7.15","nse_e_pct":"0.52"}},{"type":"Feature","geometry":{"type":"Polygon","coordinates":[[[-99.095539,19.337430],[-99.095106,19.339025],[-99.095397,19.339029],[-99.095386,19.339186],[-99.095273,19.339654],[-99.094941,19.339622],[-99.094833,19.340257],[-99.095112,19.340318],[-99.095413,19.340390],[-99.095929,19.340511],[-99.096362,19.340612],[-99.096929,19.340740],[-99.097322,19.340827],[-99.097775,19.340916],[-99.098387,19.341082],[-99.098642,19.341146],[-99.099342,19.341328],[-99.099491,19.341374],[-99.099869,19.341505],[-99.100399,19.341680],[-99.100958,19.341860],[-99.101054,19.341893],[-99.101556,19.342026],[-99.101785,19.342096],[-99.102090,19.342174],[-99.102273,19.342231],[-99.102649,19.342335],[-99.103493,19.342580],[-99.103844,19.342681],[-99.104235,19.342793],[-99.104680,19.342922],[-99.105763,19.343238],[-99.105959,19.342493],[-99.106080,19.342016],[-99.106278,19.341434],[-99.106342,19.341281],[-99.106655,19.340532],[-99.106878,19.339858],[-99.107046,19.339317],[-99.106384,19.339354],[-99.105998,19.339437],[-99.105717,19.339506],[-99.105651,19.339518],[-99.105617,19.339507],[-99.105605,19.339478],[-99.105614,19.339436],[-99.105648,19.339307],[-99.105832,19.338902],[-99.105136,19.338738],[-99.104507,19.338615],[-99.104185,19.338562],[-99.104011,19.338534],[-99.103536,19.338455],[-99.103029,19.338371],[-99.102723,19.338313],[-99.102692,19.338305],[-99.102547,19.338269],[-99.102098,19.338153],[-99.102061,19.338144],[-99.101655,19.338047],[-99.101470,19.338001],[-99.100955,19.337877],[-99.100597,19.337748],[-99.100491,19.337750],[-99.099968,19.337718],[-99.099495,19.337681],[-99.098333,19.337601],[-99.098198,19.337621],[-99.097243,19.337552],[-99.097020,19.337540],[-99.096790,19.337522],[-99.096696,19.337514],[-99.096507,19.337487],[-99.096276,19.337473],[-99.096192,19.337466],[-99.096100,19.337462],[-99.095877,19.337445],[-99.095714,19.337442],[-99.095539,19.337430]]]},"properties":{"cvegeo":"0900700010204","match":"Neighborhood","name":"Valle de Luces","state":"Ciudad de México","municipality":"Iztapalapa","city":"Iztapalapa","neighborhood":"Valle de Luces","category":"Colonia","type":"U","postal_code":"09800","population":"2279","dwellings":null,"occupied_dwellings":null,"price_m2":null,"property_price":null,"ids_prom":"393.729","nse":"D","nse_label":"D (21%)","nse_score":"3.937","nse_ab":"213","nse_cplus":"419","nse_c":"539","nse_cminus":"646","nse_dplus":"632","nse_d":"674","nse_e":"80","nse_total":"3205","nse_ab_pct":"6.67","nse_cplus_pct":"13.09","nse_c_pct":"16.82","nse_cminus_pct":"20.16","nse_dplus_pct":"19.73","nse_d_pct":"21.03","nse_e_pct":"2.50"}},{"type":"Feature","geometry":{"type":"Polygon","coordinates":[[[-99.077226,19.292849],[-99.077155,19.292875],[-99.076682,19.294012],[-99.076635,19.294134],[-99.076452,19.294569],[-99.076306,19.294895],[-99.076259,19.295001],[-99.076079,19.295417],[-99.075938,19.295769],[-99.075899,19.295851],[-99.075728,19.296253],[-99.075565,19.296652],[-99.075560,19.296664],[-99.075547,19.296692],[-99.075392,19.297023],[-99.075361,19.297085],[-99.075167,19.297543],[-99.075007,19.297900],[-99.074973,19.297963],[-99.074812,19.298390],[-99.074626,19.298807],[-99.074562,19.298954],[-99.074385,19.299370],[-99.074173,19.299894],[-99.073946,19.300414],[-99.073719,19.300933],[-99.073501,19.301445],[-99.073282,19.301960],[-99.074287,19.302044],[-99.074504,19.302138],[-99.074792,19.302365],[-99.075070,19.302568],[-99.075250,19.302710],[-99.075515,19.302918],[-99.075549,19.302954],[-99.075810,19.303151],[-99.075963,19.303267],[-99.076127,19.303386],[-99.076479,19.303678],[-99.076698,19.303414],[-99.076985,19.303591],[-99.077024,19.303615],[-99.077319,19.303797],[-99.077369,19.303828],[-99.077661,19.304006],[-99.077764,19.304072],[-99.077935,19.304177],[-99.077974,19.304201],[-99.078332,19.304421],[-99.078369,19.304445],[-99.078699,19.304673],[-99.078972,19.304861],[-99.079101,19.304698],[-99.079285,19.304467],[-99.079354,19.304379],[-99.079892,19.303701],[-99.080014,19.303548],[-99.080112,19.303432],[-99.080342,19.303158],[-99.080589,19.302851],[-99.080815,19.302576],[-99.080969,19.302386],[-99.081070,19.302259],[-99.081355,19.301891],[-99.081657,19.301510],[-99.081883,19.301226],[-99.081955,19.301135],[-99.082249,19.300764],[-99.082485,19.300468],[-99.082736,19.300152],[-99.082949,19.299883],[-99.083080,19.299751],[-99.083168,19.299652],[-99.082318,19.298583],[-99.080371,19.296237],[-99.079971,19.295768],[-99.079694,19.295454],[-99.079206,19.294868],[-99.078971,19.294589],[-99.078659,19.294213],[-99.078023,19.293474],[-99.077720,19.293228],[-99.077315,19.292963],[-99.077226,19.292849]]]},"properties":{"cvegeo":"0900700010208","match":"Neighborhood","name":"Valle de San Lorenzo","state":"Ciudad de México","municipality":"Iztapalapa","city":"Iztapalapa","neighborhood":"Valle de San Lorenzo","category":"Colonia","type":"U","postal_code":"09970","population":null,"dwellings":null,"occupied_dwellings":null,"price_m2":null,"property_price":null,"ids_prom":"383.993","nse":"D","nse_label":"D (24%)","nse_score":"3.840","nse_ab":"414","nse_cplus":"662","nse_c":"761","nse_cminus":"830","nse_dplus":"797","nse_d":"1186","nse_e":"318","nse_total":"4970","nse_ab_pct":"8.34","nse_cplus_pct":"13.32","nse_c_pct":"15.32","nse_cminus_pct":"16.71","nse_dplus_pct":"16.04","nse_d_pct":"23.86","nse_e_pct":"6.40"}},{"type":"Feature","geometry":{"type":"Polygon","coordinates":[[[-99.112232,19.343767],[-99.112134,19.344201],[-99.112105,19.344348],[-99.112051,19.344619],[-99.111871,19.345486],[-99.111662,19.346441],[-99.111540,19.346903],[-99.111502,19.347050],[-99.111489,19.347101],[-99.111441,19.347297],[-99.111418,19.347385],[-99.111292,19.347878],[-99.111258,19.348017],[-99.111186,19.348290],[-99.111052,19.348892],[-99.110837,19.349793],[-99.111031,19.349805],[-99.111414,19.349843],[-99.111930,19.349888],[-99.112448,19.349925],[-99.112932,19.349962],[-99.113438,19.349999],[-99.113964,19.350038],[-99.114944,19.350111],[-99.115952,19.350185],[-99.116492,19.350224],[-99.117583,19.350305],[-99.118763,19.350388],[-99.119516,19.350437],[-99.120036,19.350473],[-99.120146,19.350428],[-99.119824,19.349993],[-99.119560,19.349615],[-99.119547,19.349591],[-99.119457,19.349456],[-99.118904,19.348623],[-99.118232,19.347608],[-99.118061,19.347351],[-99.117392,19.346189],[-99.117151,19.346120],[-99.115949,19.345770],[-99.116011,19.345462],[-99.115556,19.345313],[-99.115221,19.345194],[-99.114997,19.345112],[-99.114905,19.345071],[-99.114240,19.344769],[-99.113371,19.344397],[-99.112348,19.343810],[-99.112232,19.343767]]]},"properties":{"cvegeo":"0900700010209","match":"Neighborhood","name":"Valle del Sur","state":"Ciudad de México","municipality":"Iztapalapa","city":"Iztapalapa","neighborhood":"Valle del Sur","category":"Colonia","type":"U","postal_code":"09819","population":"420","dwellings":null,"occupied_dwellings":null,"price_m2":null,"property_price":null,"ids_prom":"414.181","nse":"D","nse_label":"D (19%)","nse_score":"4.142","nse_ab":"205","nse_cplus":"296","nse_c":"340","nse_cminus":"313","nse_dplus":"294","nse_d":"368","nse_e":"82","nse_total":"1900","nse_ab_pct":"10.79","nse_cplus_pct":"15.58","nse_c_pct":"17.91","nse_cminus_pct":"16.49","nse_dplus_pct":"15.49","nse_d_pct":"19.40","nse_e_pct":"4.33"}},{"type":"Feature","geometry":{"type":"Polygon","coordinates":[[[-99.089235,19.349478],[-99.089240,19.349674],[-99.089244,19.350022],[-99.089253,19.350195],[-99.089241,19.350503],[-99.089237,19.351024],[-99.089226,19.351380],[-99.089230,19.351599],[-99.089236,19.352005],[-99.089605,19.352008],[-99.089781,19.352025],[-99.089838,19.352032],[-99.089930,19.352050],[-99.090052,19.352073],[-99.091209,19.351756],[-99.091166,19.351409],[-99.091122,19.351048],[-99.091099,19.350825],[-99.090263,19.350893],[-99.090202,19.350891],[-99.090245,19.349493],[-99.090001,19.349488],[-99.089643,19.349484],[-99.089235,19.349478]]]},"properties":{"cvegeo":"0900700010210","match":"Neighborhood","name":"Ampliación Veracruzana","state":"Ciudad de México","municipality":"Iztapalapa","city":"Iztapalapa","neighborhood":"Ampliación Veracruzana","category":"Colonia","type":"U","postal_code":"09856","population":"18717","dwellings":null,"occupied_dwellings":null,"price_m2":null,"property_price":null,"ids_prom":"416.368","nse":"C","nse_label":"C (18%)","nse_score":"4.164","nse_ab":"17","nse_cplus":"32","nse_c":"34","nse_cminus":"34","nse_dplus":"30","nse_d":"30","nse_e":"8","nse_total":"188","nse_ab_pct":"9.08","nse_cplus_pct":"17.07","nse_c_pct":"18.26","nse_cminus_pct":"18.16","nse_dplus_pct":"16.27","nse_d_pct":"16.47","nse_e_pct":"4.69"}},{"type":"Feature","geometry":{"type":"Polygon","coordinates":[[[-99.087198,19.304166],[-99.086872,19.304522],[-99.085768,19.305879],[-99.084806,19.307016],[-99.083878,19.308180],[-99.083818,19.308255],[-99.082944,19.309330],[-99.082496,19.309867],[-99.081995,19.310507],[-99.081048,19.311667],[-99.080453,19.312539],[-99.078242,19.315332],[-99.076928,19.316958],[-99.075732,19.318490],[-99.075750,19.318699],[-99.077012,19.318932],[-99.077677,19.319052],[-99.078227,19.319139],[-99.078691,19.319233],[-99.079159,19.319315],[-99.079545,19.319383],[-99.079918,19.319452],[-99.080656,19.319583],[-99.082670,19.319938],[-99.084104,19.320185],[-99.087296,19.320734],[-99.088154,19.318872],[-99.088160,19.318853],[-99.088318,19.318275],[-99.088468,19.317726],[-99.088586,19.317284],[-99.088649,19.317064],[-99.088936,19.315715],[-99.089267,19.314420],[-99.089274,19.314392],[-99.089303,19.314374],[-99.089499,19.313473],[-99.089540,19.313463],[-99.089564,19.313434],[-99.089576,19.313384],[-99.089898,19.312096],[-99.090030,19.311586],[-99.090370,19.310424],[-99.090814,19.308771],[-99.090535,19.308444],[-99.090365,19.308227],[-99.090292,19.308129],[-99.089877,19.307728],[-99.089772,19.307628],[-99.089601,19.307399],[-99.089487,19.307141],[-99.089233,19.306858],[-99.089021,19.306564],[-99.088615,19.306153],[-99.088443,19.305955],[-99.088390,19.305905],[-99.088145,19.305573],[-99.087936,19.305325],[-99.087659,19.304682],[-99.087466,19.304484],[-99.087198,19.304166]]]},"properties":{"cvegeo":"0900700010211","match":"Neighborhood","name":"El Vergel","state":"Ciudad de México","municipality":"Iztapalapa","city":"Iztapalapa","neighborhood":"El Vergel","category":"Colonia","type":"U","postal_code":"09880","population":"16701","dwellings":null,"occupied_dwellings":null,"price_m2":null,"property_price":null,"ids_prom":"457.341","nse":"C","nse_label":"C (22%)","nse_score":"4.573","nse_ab":"659","nse_cplus":"1139","nse_c":"1241","nse_cminus":"1111","nse_dplus":"708","nse_d":"671","nse_e":"76","nse_total":"5609","nse_ab_pct":"11.76","nse_cplus_pct":"20.32","nse_c_pct":"22.13","nse_cminus_pct":"19.82","nse_dplus_pct":"12.62","nse_d_pct":"11.97","nse_e_pct":"1.36"}},{"type":"Feature","geometry":{"type":"Polygon","coordinates":[[[-99.049203,19.350673],[-99.049183,19.351269],[-99.049174,19.351541],[-99.049162,19.351989],[-99.049140,19.352912],[-99.049129,19.353138],[-99.049132,19.353589],[-99.049189,19.354217],[-99.049237,19.354404],[-99.049185,19.356716],[-99.049131,19.358225],[-99.049128,19.358352],[-99.049080,19.360255],[-99.049049,19.360869],[-99.049035,19.361294],[-99.049022,19.362122],[-99.048984,19.362253],[-99.049443,19.362302],[-99.049791,19.362332],[-99.050350,19.362394],[-99.050810,19.362446],[-99.051254,19.362490],[-99.051677,19.362533],[-99.052159,19.362587],[-99.052392,19.362610],[-99.052560,19.362625],[-99.053028,19.362677],[-99.053521,19.362728],[-99.053673,19.362743],[-99.054107,19.362797],[-99.054548,19.362848],[-99.054985,19.362896],[-99.055413,19.362946],[-99.055890,19.363007],[-99.056329,19.363064],[-99.056797,19.363125],[-99.057431,19.363181],[-99.057919,19.363226],[-99.058383,19.363266],[-99.058840,19.363306],[-99.059283,19.363345],[-99.059717,19.363384],[-99.060161,19.363424],[-99.060621,19.363469],[-99.061078,19.363516],[-99.061577,19.363569],[-99.062008,19.363611],[-99.062491,19.363660],[-99.062939,19.363707],[-99.063358,19.363748],[-99.063798,19.363793],[-99.064258,19.363835],[-99.064496,19.363861],[-99.064710,19.363885],[-99.064911,19.363905],[-99.065476,19.363962],[-99.066852,19.364102],[-99.066915,19.364071],[-99.066989,19.363536],[-99.065544,19.361828],[-99.065046,19.361212],[-99.064575,19.360648],[-99.064231,19.360211],[-99.064106,19.360329],[-99.063912,19.360335],[-99.063651,19.360302],[-99.063203,19.360247],[-99.062736,19.360186],[-99.062313,19.360134],[-99.061824,19.360070],[-99.061762,19.360062],[-99.061331,19.360039],[-99.060878,19.360022],[-99.060438,19.360009],[-99.060544,19.359651],[-99.060772,19.358710],[-99.060992,19.357811],[-99.061337,19.356416],[-99.061426,19.356094],[-99.061509,19.355746],[-99.062065,19.353439],[-99.061449,19.353305],[-99.061052,19.353223],[-99.060683,19.353146],[-99.060283,19.353065],[-99.059784,19.352960],[-99.059156,19.352852],[-99.058644,19.352768],[-99.058249,19.352695],[-99.057852,19.352626],[-99.057443,19.352551],[-99.057062,19.352481],[-99.056880,19.352446],[-99.056657,19.352432],[-99.056502,19.352399],[-99.056055,19.352304],[-99.055833,19.352257],[-99.055631,19.352214],[-99.055210,19.352124],[-99.055049,19.352089],[-99.054745,19.352024],[-99.054271,19.351923],[-99.053928,19.351850],[-99.053493,19.351758],[-99.053367,19.351731],[-99.052917,19.351625],[-99.052709,19.351567],[-99.052460,19.351516],[-99.052030,19.351428],[-99.051976,19.351417],[-99.051586,19.351337],[-99.051509,19.351321],[-99.051239,19.351266],[-99.051135,19.351255],[-99.050908,19.351206],[-99.050717,19.350943],[-99.050667,19.350804],[-99.050261,19.350770],[-99.049827,19.350733],[-99.049784,19.350729],[-99.049203,19.350673]]]},"properties":{"cvegeo":"0900700010212","match":"Neighborhood","name":"Unidad Vicente Guerrero","state":"Ciudad de México","municipality":"Iztapalapa","city":"Iztapalapa","neighborhood":"Unidad Vicente Guerrero","category":"Colonia","type":"U","postal_code":"09200","population":"771","dwellings":null,"occupied_dwellings":null,"price_m2":null,"property_price":null,"ids_prom":"433.822","nse":"C","nse_label":"C (20%)","nse_score":"4.338","nse_ab":"940","nse_cplus":"1849","nse_c":"2059","nse_cminus":"2014","nse_dplus":"1455","nse_d":"1574","nse_e":"188","nse_total":"10082","nse_ab_pct":"9.32","nse_cplus_pct":"18.35","nse_c_pct":"20.43","nse_cminus_pct":"19.98","nse_dplus_pct":"14.43","nse_d_pct":"15.62","nse_e_pct":"1.87"}},{"type":"Feature","geometry":{"type":"Polygon","coordinates":[[[-99.014201,19.328110],[-99.014161,19.328268],[-99.014144,19.328336],[-99.014623,19.328466],[-99.014437,19.328927],[-99.014451,19.328973],[-99.014455,19.329057],[-99.014436,19.329397],[-99.014420,19.329733],[-99.014444,19.329884],[-99.014432,19.330083],[-99.014411,19.330447],[-99.014385,19.330723],[-99.014490,19.330943],[-99.014601,19.331188],[-99.014645,19.331266],[-99.014737,19.331355],[-99.015056,19.331566],[-99.014959,19.331755],[-99.014889,19.332022],[-99.014754,19.332041],[-99.014717,19.332208],[-99.014696,19.332413],[-99.014939,19.333066],[-99.014670,19.333110],[-99.014661,19.333343],[-99.014658,19.333692],[-99.014783,19.333783],[-99.014953,19.334094],[-99.015081,19.334432],[-99.015062,19.334519],[-99.015005,19.334600],[-99.014915,19.334749],[-99.014607,19.335216],[-99.014311,19.335729],[-99.014137,19.336059],[-99.014345,19.336211],[-99.014560,19.336368],[-99.014642,19.336428],[-99.014862,19.336566],[-99.015209,19.336807],[-99.015226,19.337306],[-99.015355,19.338350],[-99.015369,19.338514],[-99.015390,19.338821],[-99.015082,19.338755],[-99.015049,19.338901],[-99.015028,19.339047],[-99.014456,19.339361],[-99.014375,19.339448],[-99.014220,19.339600],[-99.013859,19.339903],[-99.013618,19.340124],[-99.013515,19.340232],[-99.013454,19.340274],[-99.013022,19.340079],[-99.012597,19.340094],[-99.011942,19.340101],[-99.011889,19.339890],[-99.011272,19.339819],[-99.011132,19.339938],[-99.010293,19.339704],[-99.009774,19.339563],[-99.009696,19.339922],[-99.009599,19.340252],[-99.009485,19.340450],[-99.009366,19.340790],[-99.009223,19.341127],[-99.009075,19.341629],[-99.009063,19.341834],[-99.008692,19.341636],[-99.008172,19.341251],[-99.007833,19.341427],[-99.008134,19.341666],[-99.008675,19.341939],[-99.008652,19.342017],[-99.009041,19.342206],[-99.009159,19.342267],[-99.009372,19.342419],[-99.009611,19.342644],[-99.009910,19.343128],[-99.010059,19.343368],[-99.010177,19.343548],[-99.010282,19.343743],[-99.010498,19.343904],[-99.010649,19.344009],[-99.010835,19.344175],[-99.011193,19.344260],[-99.011436,19.344302],[-99.011568,19.344320],[-99.011771,19.344356],[-99.011856,19.344378],[-99.012092,19.344417],[-99.012224,19.344440],[-99.012450,19.344489],[-99.012839,19.344588],[-99.013218,19.344711],[-99.013385,19.344768],[-99.013581,19.344832],[-99.013751,19.344894],[-99.013940,19.344968],[-99.014107,19.345036],[-99.014388,19.345143],[-99.014747,19.345251],[-99.014885,19.345558],[-99.014951,19.345836],[-99.014984,19.345933],[-99.015142,19.346086],[-99.015301,19.346219],[-99.015484,19.346368],[-99.015700,19.346453],[-99.016129,19.346813],[-99.016247,19.347068],[-99.016216,19.347236],[-99.016014,19.347763],[-99.015930,19.347956],[-99.015817,19.348155],[-99.015809,19.348338],[-99.015816,19.348495],[-99.015869,19.348907],[-99.016183,19.349104],[-99.016535,19.349264],[-99.016867,19.349496],[-99.017878,19.350056],[-99.018105,19.349568],[-99.018201,19.349362],[-99.018338,19.349068],[-99.019236,19.347171],[-99.019565,19.346596],[-99.019840,19.346242],[-99.020188,19.345911],[-99.020625,19.345587],[-99.020991,19.345383],[-99.020465,19.343983],[-99.020302,19.343490],[-99.020190,19.343195],[-99.020207,19.342842],[-99.020223,19.342756],[-99.019830,19.341824],[-99.019716,19.341178],[-99.019685,19.340547],[-99.019686,19.340310],[-99.019688,19.340122],[-99.019587,19.339498],[-99.019497,19.339202],[-99.019786,19.339213],[-99.019982,19.339178],[-99.020071,19.339082],[-99.020108,19.338938],[-99.020142,19.338568],[-99.020166,19.338392],[-99.020046,19.338369],[-99.020060,19.337889],[-99.019833,19.337880],[-99.019925,19.337374],[-99.020026,19.336632],[-99.020219,19.336665],[-99.020411,19.336699],[-99.020865,19.336778],[-99.021168,19.336831],[-99.021609,19.336906],[-99.021806,19.336928],[-99.022241,19.336996],[-99.022286,19.336734],[-99.022341,19.336390],[-99.022916,19.336487],[-99.022996,19.336028],[-99.023053,19.335775],[-99.022820,19.335698],[-99.022818,19.335435],[-99.022817,19.335229],[-99.022506,19.335103],[-99.022399,19.335053],[-99.022044,19.334941],[-99.021981,19.334928],[-99.021650,19.334829],[-99.021288,19.334750],[-99.020743,19.334618],[-99.018754,19.334132],[-99.018619,19.334062],[-99.018293,19.333963],[-99.017904,19.333886],[-99.017821,19.333536],[-99.017795,19.333428],[-99.017752,19.333071],[-99.017729,19.333007],[-99.017584,19.332729],[-99.017487,19.332395],[-99.017487,19.332363],[-99.017466,19.332050],[-99.017480,19.331855],[-99.017524,19.331637],[-99.017730,19.331299],[-99.017803,19.331236],[-99.017860,19.331154],[-99.018145,19.331127],[-99.018187,19.330997],[-99.018318,19.330159],[-99.018358,19.330138],[-99.018385,19.329983],[-99.018102,19.329816],[-99.017942,19.329773],[-99.017754,19.329766],[-99.017576,19.329812],[-99.017447,19.329912],[-99.017036,19.329885],[-99.016581,19.330557],[-99.016166,19.330493],[-99.015898,19.330523],[-99.015744,19.330443],[-99.015649,19.330034],[-99.015702,19.329732],[-99.015392,19.329700],[-99.015385,19.329791],[-99.015047,19.329630],[-99.014899,19.329686],[-99.014879,19.329577],[-99.015054,19.329467],[-99.015123,19.329174],[-99.015140,19.328924],[-99.015178,19.328639],[-99.015085,19.328605],[-99.015034,19.328313],[-99.014819,19.328277],[-99.014731,19.328170],[-99.014590,19.328124],[-99.014457,19.328130],[-99.014201,19.328110]]]},"properties":{"cvegeo":"0900700010215","match":"Neighborhood","name":"Xalpa","state":"Ciudad de México","municipality":"Iztapalapa","city":"Iztapalapa","neighborhood":"Xalpa","category":"Colonia","type":"U","postal_code":"09640","population":"1663","dwellings":null,"occupied_dwellings":null,"price_m2":null,"property_price":null,"ids_prom":"357.614","nse":"D","nse_label":"D (27%)","nse_score":"3.576","nse_ab":"445","nse_cplus":"920","nse_c":"1192","nse_cminus":"1468","nse_dplus":"1519","nse_d":"2300","nse_e":"612","nse_total":"8460","nse_ab_pct":"5.27","nse_cplus_pct":"10.88","nse_c_pct":"14.09","nse_cminus_pct":"17.36","nse_dplus_pct":"17.96","nse_d_pct":"27.19","nse_e_pct":"7.24"}},{"type":"Feature","geometry":{"type":"Polygon","coordinates":[[[-99.132996,19.371441],[-99.132895,19.372177],[-99.132558,19.373172],[-99.132525,19.373269],[-99.131944,19.375161],[-99.131402,19.377203],[-99.131550,19.377215],[-99.132007,19.377256],[-99.132448,19.377303],[-99.132879,19.377350],[-99.133331,19.377397],[-99.133850,19.377448],[-99.134151,19.377480],[-99.135031,19.377401],[-99.135425,19.377306],[-99.135488,19.377187],[-99.135730,19.376192],[-99.135798,19.375871],[-99.135939,19.375230],[-99.136000,19.374872],[-99.136229,19.373847],[-99.136454,19.372872],[-99.136726,19.371627],[-99.136201,19.371587],[-99.135732,19.371563],[-99.135473,19.371556],[-99.134956,19.371531],[-99.134253,19.371499],[-99.133961,19.371483],[-99.133766,19.371473],[-99.133350,19.371453],[-99.132996,19.371441]]]},"properties":{"cvegeo":"0900700010217","match":"Neighborhood","name":"Zacahuitzco","state":"Ciudad de México","municipality":"Iztapalapa","city":"Iztapalapa","neighborhood":"Zacahuitzco","category":"Colonia","type":"U","postal_code":"09440","population":"6964","dwellings":null,"occupied_dwellings":null,"price_m2":null,"property_price":null,"ids_prom":"427.122","nse":"C","nse_label":"C (20%)","nse_score":"4.271","nse_ab":"154","nse_cplus":"253","nse_c":"300","nse_cminus":"263","nse_dplus":"203","nse_d":"257","nse_e":"49","nse_total":"1483","nse_ab_pct":"10.43","nse_cplus_pct":"17.08","nse_c_pct":"20.26","nse_cminus_pct":"17.77","nse_dplus_pct":"13.71","nse_d_pct":"17.39","nse_e_pct":"3.37"}},{"type":"Feature","geometry":{"type":"Polygon","coordinates":[[[-99.108621,19.329800],[-99.108142,19.330114],[-99.107420,19.330628],[-99.107449,19.330714],[-99.107513,19.330912],[-99.106960,19.331009],[-99.106148,19.331093],[-99.105561,19.331052],[-99.105465,19.331403],[-99.105361,19.332051],[-99.105322,19.332351],[-99.105278,19.332656],[-99.105276,19.332674],[-99.105246,19.332914],[-99.105110,19.333532],[-99.106606,19.334041],[-99.107818,19.334444],[-99.107843,19.333954],[-99.107977,19.332581],[-99.108076,19.332524],[-99.108941,19.332638],[-99.108981,19.332192],[-99.109023,19.331733],[-99.109839,19.331804],[-99.109818,19.331732],[-99.109721,19.331467],[-99.109630,19.331314],[-99.109305,19.330868],[-99.109140,19.330608],[-99.108945,19.330302],[-99.108621,19.329800]]]},"properties":{"cvegeo":"0900700010218","match":"Neighborhood","name":"Estrella Culhuacan","state":"Ciudad de México","municipality":"Iztapalapa","city":"Iztapalapa","neighborhood":"Estrella Culhuacan","category":"Colonia","type":"U","postal_code":"09800","population":"5903","dwellings":null,"occupied_dwellings":null,"price_m2":null,"property_price":null,"ids_prom":"390.785","nse":"D","nse_label":"D (25%)","nse_score":"3.908","nse_ab":"61","nse_cplus":"99","nse_c":"119","nse_cminus":"127","nse_dplus":"125","nse_d":"184","nse_e":"25","nse_total":"744","nse_ab_pct":"8.31","nse_cplus_pct":"13.38","nse_c_pct":"16.00","nse_cminus_pct":"17.15","nse_dplus_pct":"16.90","nse_d_pct":"24.82","nse_e_pct":"3.45"}},{"type":"Feature","geometry":{"type":"Polygon","coordinates":[[[-99.101054,19.341893],[-99.100772,19.342352],[-99.100439,19.342892],[-99.100128,19.343417],[-99.099791,19.343933],[-99.099521,19.344374],[-99.099319,19.344725],[-99.099059,19.345145],[-99.098793,19.345554],[-99.098538,19.345976],[-99.098362,19.346244],[-99.098454,19.346269],[-99.098709,19.346342],[-99.098992,19.346418],[-99.099304,19.346502],[-99.099862,19.346657],[-99.099883,19.346662],[-99.100102,19.346723],[-99.100333,19.346787],[-99.100441,19.346816],[-99.100771,19.346898],[-99.100970,19.346946],[-99.101002,19.346954],[-99.101472,19.347068],[-99.101984,19.347197],[-99.102248,19.347260],[-99.102462,19.347321],[-99.102917,19.347448],[-99.103422,19.347590],[-99.104665,19.347932],[-99.105868,19.348284],[-99.106317,19.348429],[-99.106615,19.347709],[-99.106859,19.347057],[-99.107091,19.346428],[-99.107323,19.345770],[-99.107473,19.345807],[-99.107566,19.345015],[-99.107619,19.344656],[-99.107738,19.344018],[-99.107767,19.343841],[-99.107292,19.343706],[-99.105933,19.343292],[-99.105763,19.343238],[-99.104680,19.342922],[-99.104235,19.342793],[-99.103844,19.342681],[-99.103493,19.342580],[-99.102649,19.342335],[-99.102273,19.342231],[-99.102090,19.342174],[-99.101785,19.342096],[-99.101556,19.342026],[-99.101054,19.341893]]]},"properties":{"cvegeo":"0900700010219","match":"Neighborhood","name":"Ampliación los Reyes","state":"Ciudad de México","municipality":"Iztapalapa","city":"Iztapalapa","neighborhood":"Ampliación los Reyes","category":"Colonia","type":"U","postal_code":"09849","population":"765","dwellings":null,"occupied_dwellings":null,"price_m2":null,"property_price":null,"ids_prom":"384.688","nse":"D","nse_label":"D (23%)","nse_score":"3.847","nse_ab":"97","nse_cplus":"167","nse_c":"241","nse_cminus":"261","nse_dplus":"251","nse_d":"322","nse_e":"62","nse_total":"1405","nse_ab_pct":"6.94","nse_cplus_pct":"11.91","nse_c_pct":"17.22","nse_cminus_pct":"18.60","nse_dplus_pct":"17.92","nse_d_pct":"22.98","nse_e_pct":"4.43"}},{"type":"Feature","geometry":{"type":"Polygon","coordinates":[[[-99.103117,19.327544],[-99.102869,19.328101],[-99.102535,19.328852],[-99.102449,19.329031],[-99.102372,19.329287],[-99.102352,19.329370],[-99.102189,19.329860],[-99.103126,19.330116],[-99.103369,19.330160],[-99.103762,19.330157],[-99.104262,19.330034],[-99.104560,19.329991],[-99.104941,19.329982],[-99.105430,19.330210],[-99.106003,19.330486],[-99.106609,19.330765],[-99.107404,19.330582],[-99.107420,19.330628],[-99.108142,19.330114],[-99.108621,19.329800],[-99.108352,19.329383],[-99.108336,19.329357],[-99.108012,19.328855],[-99.107929,19.328726],[-99.107589,19.328287],[-99.107448,19.328379],[-99.106840,19.328916],[-99.106610,19.328792],[-99.106479,19.328785],[-99.105788,19.328736],[-99.105749,19.328733],[-99.105557,19.328665],[-99.105527,19.328654],[-99.105168,19.328490],[-99.105093,19.328453],[-99.104756,19.328287],[-99.104454,19.328151],[-99.104137,19.328009],[-99.104115,19.327998],[-99.103832,19.327869],[-99.103626,19.327776],[-99.103418,19.327681],[-99.103117,19.327544]]]},"properties":{"cvegeo":"0900700010220","match":"Neighborhood","name":"San Andrés Tomatlan","state":"Ciudad de México","municipality":"Iztapalapa","city":"Iztapalapa","neighborhood":"San Andrés Tomatlan","category":"Colonia","type":"U","postal_code":"09870","population":"5829","dwellings":null,"occupied_dwellings":null,"price_m2":null,"property_price":null,"ids_prom":"396.700","nse":"D","nse_label":"D (24%)","nse_score":"3.967","nse_ab":"63","nse_cplus":"110","nse_c":"122","nse_cminus":"126","nse_dplus":"116","nse_d":"176","nse_e":"29","nse_total":"745","nse_ab_pct":"8.46","nse_cplus_pct":"14.86","nse_c_pct":"16.46","nse_cminus_pct":"16.94","nse_dplus_pct":"15.63","nse_d_pct":"23.69","nse_e_pct":"3.96"}},{"type":"Feature","geometry":{"type":"Polygon","coordinates":[[[-99.030916,19.348370],[-99.030567,19.350176],[-99.030420,19.350613],[-99.030290,19.351000],[-99.030065,19.351673],[-99.030001,19.351879],[-99.029752,19.352670],[-99.029600,19.352683],[-99.028882,19.352745],[-99.028433,19.352783],[-99.027780,19.352836],[-99.027272,19.352882],[-99.026769,19.352925],[-99.026417,19.352955],[-99.026385,19.353117],[-99.026339,19.353347],[-99.026163,19.354237],[-99.026029,19.354841],[-99.025847,19.355492],[-99.025547,19.356573],[-99.025458,19.356911],[-99.025431,19.357089],[-99.025281,19.357804],[-99.024201,19.357227],[-99.024114,19.357177],[-99.023105,19.356635],[-99.022009,19.357792],[-99.020723,19.359173],[-99.021044,19.359336],[-99.021255,19.359443],[-99.021376,19.359504],[-99.021731,19.359710],[-99.022413,19.360023],[-99.022630,19.360142],[-99.023440,19.360551],[-99.023584,19.360628],[-99.024220,19.360959],[-99.024652,19.361195],[-99.025006,19.361389],[-99.025466,19.361633],[-99.025677,19.361739],[-99.026125,19.361977],[-99.026503,19.362278],[-99.026849,19.362459],[-99.027311,19.361718],[-99.027867,19.361919],[-99.028954,19.362325],[-99.029986,19.362716],[-99.030939,19.363090],[-99.032138,19.363555],[-99.033193,19.363961],[-99.034236,19.364368],[-99.035264,19.364762],[-99.036316,19.365171],[-99.037182,19.365507],[-99.037452,19.365615],[-99.037744,19.365731],[-99.037975,19.365823],[-99.038076,19.365863],[-99.038415,19.365998],[-99.038724,19.366123],[-99.038876,19.366184],[-99.039013,19.366232],[-99.039294,19.366337],[-99.039498,19.366414],[-99.039701,19.366463],[-99.040236,19.366534],[-99.040273,19.365397],[-99.040301,19.364395],[-99.040316,19.363596],[-99.040349,19.362618],[-99.040373,19.361210],[-99.040384,19.360795],[-99.040430,19.359006],[-99.040459,19.357222],[-99.040507,19.355388],[-99.040560,19.353565],[-99.040440,19.352759],[-99.040447,19.351719],[-99.040494,19.351163],[-99.040723,19.350455],[-99.040539,19.350271],[-99.040411,19.350163],[-99.040220,19.350004],[-99.040126,19.349929],[-99.039960,19.349809],[-99.039708,19.349711],[-99.039581,19.349665],[-99.039171,19.349616],[-99.038587,19.349565],[-99.038057,19.349505],[-99.037002,19.349347],[-99.035867,19.349188],[-99.035339,19.349101],[-99.034771,19.349011],[-99.034231,19.348926],[-99.033682,19.348833],[-99.033028,19.348724],[-99.032583,19.348655],[-99.032434,19.348624],[-99.031486,19.348460],[-99.030916,19.348370]]]},"properties":{"cvegeo":"0900700010221","match":"Neighborhood","name":"Santa María Aztahuacan","state":"Ciudad de México","municipality":"Iztapalapa","city":"Iztapalapa","neighborhood":"Santa María Aztahuacan","category":"Colonia","type":"U","postal_code":"09570","population":"16558","dwellings":null,"occupied_dwellings":null,"price_m2":null,"property_price":null,"ids_prom":"362.674","nse":"D","nse_label":"D (28%)","nse_score":"3.627","nse_ab":"346","nse_cplus":"706","nse_c":"969","nse_cminus":"1114","nse_dplus":"1105","nse_d":"1774","nse_e":"386","nse_total":"6404","nse_ab_pct":"5.42","nse_cplus_pct":"11.04","nse_c_pct":"15.14","nse_cminus_pct":"17.40","nse_dplus_pct":"17.26","nse_d_pct":"27.71","nse_e_pct":"6.04"}},{"type":"Feature","geometry":{"type":"Polygon","coordinates":[[[-99.032781,19.344022],[-99.032047,19.344083],[-99.031687,19.344122],[-99.031430,19.344149],[-99.031043,19.344185],[-99.030492,19.344239],[-99.030264,19.344259],[-99.029916,19.344293],[-99.029817,19.344302],[-99.029531,19.344328],[-99.029323,19.344351],[-99.028765,19.344404],[-99.028208,19.344453],[-99.027938,19.344482],[-99.026668,19.344618],[-99.025341,19.344766],[-99.025022,19.345774],[-99.024785,19.346292],[-99.024345,19.347690],[-99.024327,19.347755],[-99.024810,19.347591],[-99.025129,19.347486],[-99.025604,19.347337],[-99.025800,19.347290],[-99.025649,19.348131],[-99.025568,19.348622],[-99.025476,19.349144],[-99.025380,19.349625],[-99.025877,19.349703],[-99.026840,19.349830],[-99.027225,19.349879],[-99.027746,19.349923],[-99.028302,19.349976],[-99.028844,19.350022],[-99.028886,19.350027],[-99.029211,19.350056],[-99.029411,19.350063],[-99.030108,19.350118],[-99.030567,19.350176],[-99.030916,19.348370],[-99.031486,19.348460],[-99.032434,19.348624],[-99.032583,19.348655],[-99.033028,19.348724],[-99.033682,19.348833],[-99.034231,19.348926],[-99.034771,19.349011],[-99.035339,19.349101],[-99.035867,19.349188],[-99.037002,19.349347],[-99.038057,19.349505],[-99.038587,19.349565],[-99.039171,19.349616],[-99.039581,19.349665],[-99.039156,19.349525],[-99.038726,19.349362],[-99.038244,19.349161],[-99.038127,19.349112],[-99.037796,19.348984],[-99.037364,19.348795],[-99.037088,19.348682],[-99.036957,19.348628],[-99.036462,19.348421],[-99.036229,19.348326],[-99.036027,19.348244],[-99.035918,19.348195],[-99.035516,19.348015],[-99.035098,19.347805],[-99.035024,19.347765],[-99.034700,19.347611],[-99.034491,19.347486],[-99.034254,19.347361],[-99.033985,19.347203],[-99.033701,19.346960],[-99.033413,19.346647],[-99.033196,19.346319],[-99.033115,19.346100],[-99.033042,19.345835],[-99.032986,19.345532],[-99.032940,19.345134],[-99.032931,19.345057],[-99.032893,19.344788],[-99.032841,19.344416],[-99.032781,19.344022]]]},"properties":{"cvegeo":"0900700010222","match":"Neighborhood","name":"Ampliación Santa María Aztahuacan","state":"Ciudad de México","municipality":"Iztapalapa","city":"Iztapalapa","neighborhood":"Ampliación Santa María Aztahuacan","category":"Colonia","type":"U","postal_code":"09500","population":"6505","dwellings":null,"occupied_dwellings":null,"price_m2":null,"property_price":null,"ids_prom":"355.593","nse":"D","nse_label":"D (27%)","nse_score":"3.556","nse_ab":"105","nse_cplus":"220","nse_c":"317","nse_cminus":"315","nse_dplus":"350","nse_d":"557","nse_e":"171","nse_total":"2040","nse_ab_pct":"5.17","nse_cplus_pct":"10.83","nse_c_pct":"15.56","nse_cminus_pct":"15.49","nse_dplus_pct":"17.19","nse_d_pct":"27.33","nse_e_pct":"8.43"}},{"type":"Feature","geometry":{"type":"Polygon","coordinates":[[[-99.005292,19.364540],[-99.004752,19.364941],[-99.004622,19.365196],[-99.004489,19.365429],[-99.004226,19.365892],[-99.003715,19.366735],[-99.003360,19.367281],[-99.003097,19.367686],[-99.003021,19.367798],[-99.002863,19.368097],[-99.001905,19.369582],[-99.001552,19.370162],[-99.001175,19.370781],[-99.000781,19.371430],[-99.000443,19.371985],[-99.000157,19.372438],[-99.000197,19.372461],[-99.000614,19.372702],[-99.001015,19.372933],[-99.001414,19.373164],[-99.001828,19.373403],[-99.002238,19.373639],[-99.002648,19.373876],[-99.002915,19.374030],[-99.002947,19.374048],[-99.003328,19.374269],[-99.003791,19.374535],[-99.004223,19.374785],[-99.004234,19.374791],[-99.004623,19.375023],[-99.004792,19.375123],[-99.005041,19.375272],[-99.005409,19.375491],[-99.005691,19.375659],[-99.005786,19.375715],[-99.006160,19.375938],[-99.006518,19.376152],[-99.006917,19.376389],[-99.007311,19.376624],[-99.007460,19.376713],[-99.007683,19.376846],[-99.007719,19.376867],[-99.007743,19.376881],[-99.008017,19.377044],[-99.008047,19.377062],[-99.008442,19.377298],[-99.008551,19.377363],[-99.008559,19.377368],[-99.008658,19.377426],[-99.008771,19.377493],[-99.008974,19.377615],[-99.008975,19.377615],[-99.009133,19.377709],[-99.009222,19.377762],[-99.009225,19.377764],[-99.009227,19.377765],[-99.009271,19.377791],[-99.009275,19.377794],[-99.009324,19.377823],[-99.009447,19.377896],[-99.009455,19.377901],[-99.009575,19.377973],[-99.009621,19.378000],[-99.009853,19.378139],[-99.010165,19.378325],[-99.010533,19.378519],[-99.010969,19.378749],[-99.010983,19.378756],[-99.011473,19.379014],[-99.011767,19.379169],[-99.011890,19.379234],[-99.012363,19.379483],[-99.012518,19.379564],[-99.012809,19.379718],[-99.013284,19.379968],[-99.013310,19.379982],[-99.013738,19.380207],[-99.014074,19.380384],[-99.014191,19.380446],[-99.014620,19.380672],[-99.014661,19.380693],[-99.015122,19.380936],[-99.015132,19.380941],[-99.015606,19.381188],[-99.015792,19.381285],[-99.016036,19.381413],[-99.016420,19.381613],[-99.016522,19.381666],[-99.016919,19.381874],[-99.017015,19.381925],[-99.017166,19.382004],[-99.017204,19.382023],[-99.017241,19.382043],[-99.017529,19.382192],[-99.017902,19.382386],[-99.017949,19.382411],[-99.017986,19.382430],[-99.018329,19.382609],[-99.018718,19.382812],[-99.018777,19.382842],[-99.019146,19.383035],[-99.019552,19.383246],[-99.019572,19.383256],[-99.019949,19.383443],[-99.020064,19.383500],[-99.020338,19.383635],[-99.020348,19.383640],[-99.020754,19.383823],[-99.021112,19.383984],[-99.021167,19.384009],[-99.021552,19.384182],[-99.021928,19.384351],[-99.021958,19.384365],[-99.022352,19.384542],[-99.022365,19.384548],[-99.022714,19.384705],[-99.022763,19.384728],[-99.023175,19.384913],[-99.023502,19.385060],[-99.023939,19.384394],[-99.024242,19.383923],[-99.024560,19.383426],[-99.024863,19.382954],[-99.025181,19.382468],[-99.025473,19.382007],[-99.025775,19.381541],[-99.026067,19.381090],[-99.026370,19.380613],[-99.026587,19.380270],[-99.026791,19.379979],[-99.026625,19.379882],[-99.026325,19.379709],[-99.025595,19.379306],[-99.024691,19.378813],[-99.024286,19.378597],[-99.023429,19.378038],[-99.023120,19.377814],[-99.022014,19.377015],[-99.021932,19.376955],[-99.021162,19.376397],[-99.020488,19.375910],[-99.019732,19.375363],[-99.019044,19.374865],[-99.018582,19.374531],[-99.018295,19.374323],[-99.017554,19.373787],[-99.016840,19.373270],[-99.016035,19.372688],[-99.015708,19.372451],[-99.014644,19.371685],[-99.013868,19.371126],[-99.013143,19.370604],[-99.012416,19.370081],[-99.011994,19.369777],[-99.011701,19.369566],[-99.011256,19.369245],[-99.010349,19.368535],[-99.009392,19.367785],[-99.008226,19.366849],[-99.007502,19.366267],[-99.006768,19.365677],[-99.006002,19.365087],[-99.005292,19.364540]]]},"properties":{"cvegeo":"0900700010224","match":"Neighborhood","name":"Santa Martha Acatitla Norte","state":"Ciudad de México","municipality":"Iztapalapa","city":"Iztapalapa","neighborhood":"Santa Martha Acatitla Norte","category":"Colonia","type":"U","postal_code":"09140","population":"36346","dwellings":null,"occupied_dwellings":null,"price_m2":null,"property_price":null,"ids_prom":"384.363","nse":"D","nse_label":"D (22%)","nse_score":"3.844","nse_ab":"499","nse_cplus":"1245","nse_c":"1834","nse_cminus":"2013","nse_dplus":"1818","nse_d":"2170","nse_e":"406","nse_total":"9991","nse_ab_pct":"5.00","nse_cplus_pct":"12.47","nse_c_pct":"18.36","nse_cminus_pct":"20.15","nse_dplus_pct":"18.21","nse_d_pct":"21.72","nse_e_pct":"4.07"}},{"type":"Feature","geometry":{"type":"Polygon","coordinates":[[[-99.022413,19.360023],[-99.021077,19.361654],[-99.020580,19.362235],[-99.020573,19.362243],[-99.020522,19.362301],[-99.019514,19.363525],[-99.018542,19.363336],[-99.017759,19.364200],[-99.017048,19.365160],[-99.016411,19.366898],[-99.016257,19.367303],[-99.015438,19.367035],[-99.014841,19.366814],[-99.014599,19.366736],[-99.014574,19.366731],[-99.014380,19.366665],[-99.013796,19.366472],[-99.012960,19.366183],[-99.012442,19.366011],[-99.012128,19.365896],[-99.011423,19.367768],[-99.011137,19.368553],[-99.011256,19.369245],[-99.011701,19.369566],[-99.011994,19.369777],[-99.012416,19.370081],[-99.013143,19.370604],[-99.013868,19.371126],[-99.014644,19.371685],[-99.015708,19.372451],[-99.016035,19.372688],[-99.016840,19.373270],[-99.017554,19.373787],[-99.018295,19.374323],[-99.018582,19.374531],[-99.019044,19.374865],[-99.019732,19.375363],[-99.020488,19.375910],[-99.021162,19.376397],[-99.021932,19.376955],[-99.022014,19.377015],[-99.023120,19.377814],[-99.023429,19.378038],[-99.024286,19.378597],[-99.024691,19.378813],[-99.025595,19.379306],[-99.026325,19.379709],[-99.026625,19.379882],[-99.026968,19.379356],[-99.026652,19.379198],[-99.026632,19.379190],[-99.026554,19.379301],[-99.026060,19.378955],[-99.025959,19.378688],[-99.025904,19.378518],[-99.025838,19.378060],[-99.025839,19.377694],[-99.025989,19.377402],[-99.026373,19.376850],[-99.026777,19.376532],[-99.026571,19.376145],[-99.026181,19.375398],[-99.026119,19.375197],[-99.025997,19.374998],[-99.025808,19.375022],[-99.025537,19.374957],[-99.025587,19.374556],[-99.025617,19.374477],[-99.025928,19.373671],[-99.026750,19.372980],[-99.026814,19.372922],[-99.027429,19.372424],[-99.027386,19.372383],[-99.027208,19.372238],[-99.027053,19.372102],[-99.026737,19.371834],[-99.026655,19.371765],[-99.026436,19.371579],[-99.026115,19.371311],[-99.025801,19.371052],[-99.025513,19.370808],[-99.025403,19.370716],[-99.025177,19.370527],[-99.024877,19.370263],[-99.024564,19.369987],[-99.024258,19.369715],[-99.024169,19.369643],[-99.023849,19.369370],[-99.023498,19.369059],[-99.023184,19.368765],[-99.023150,19.368736],[-99.022885,19.368513],[-99.022573,19.368254],[-99.022445,19.368144],[-99.022251,19.367980],[-99.021932,19.367713],[-99.021734,19.367546],[-99.021575,19.367412],[-99.022545,19.366649],[-99.023380,19.365989],[-99.024218,19.365345],[-99.024337,19.365227],[-99.025061,19.364661],[-99.025463,19.364367],[-99.025717,19.364161],[-99.026244,19.363386],[-99.026849,19.362459],[-99.026503,19.362278],[-99.026125,19.361977],[-99.025677,19.361739],[-99.025466,19.361633],[-99.025006,19.361389],[-99.024652,19.361195],[-99.024220,19.360959],[-99.023584,19.360628],[-99.023440,19.360551],[-99.022630,19.360142],[-99.022413,19.360023]]]},"properties":{"cvegeo":"0900700010225","match":"Neighborhood","name":"Santa Martha Acatitla Sur","state":"Ciudad de México","municipality":"Iztapalapa","city":"Iztapalapa","neighborhood":"Santa Martha Acatitla Sur","category":"Colonia","type":"U","postal_code":"09530","population":"32013","dwellings":null,"occupied_dwellings":null,"price_m2":null,"property_price":null,"ids_prom":"374.830","nse":"D","nse_label":"D (24%)","nse_score":"3.748","nse_ab":"332","nse_cplus":"619","nse_c":"834","nse_cminus":"960","nse_dplus":"955","nse_d":"1286","nse_e":"291","nse_total":"5280","nse_ab_pct":"6.31","nse_cplus_pct":"11.74","nse_c_pct":"15.79","nse_cminus_pct":"18.19","nse_dplus_pct":"18.10","nse_d_pct":"24.36","nse_e_pct":"5.51"}},{"type":"Feature","geometry":{"type":"Polygon","coordinates":[[[-99.088176,19.366803],[-99.087278,19.366815],[-99.086933,19.366849],[-99.086320,19.367108],[-99.085931,19.367493],[-99.085795,19.367650],[-99.084949,19.368662],[-99.084847,19.368790],[-99.084522,19.369196],[-99.084343,19.369419],[-99.084116,19.369702],[-99.083885,19.369989],[-99.083675,19.370251],[-99.083426,19.370550],[-99.083049,19.371003],[-99.082739,19.371343],[-99.082397,19.371584],[-99.082085,19.371751],[-99.081923,19.371801],[-99.081511,19.371872],[-99.081169,19.371878],[-99.080806,19.371802],[-99.080635,19.371738],[-99.080321,19.371573],[-99.080060,19.372310],[-99.079897,19.372733],[-99.079740,19.373225],[-99.079150,19.373708],[-99.078699,19.374078],[-99.078499,19.374766],[-99.078214,19.375741],[-99.078140,19.376007],[-99.077783,19.377224],[-99.077314,19.378809],[-99.076907,19.380166],[-99.076835,19.380401],[-99.076474,19.381588],[-99.076398,19.381882],[-99.076106,19.383026],[-99.079215,19.382153],[-99.079584,19.382000],[-99.079728,19.381918],[-99.080679,19.381370],[-99.080817,19.381348],[-99.080972,19.381408],[-99.081358,19.381595],[-99.083820,19.382136],[-99.083902,19.382155],[-99.085398,19.382473],[-99.085562,19.382508],[-99.087033,19.382824],[-99.087565,19.382934],[-99.089675,19.383428],[-99.089875,19.383467],[-99.092846,19.384053],[-99.092897,19.383905],[-99.092979,19.383729],[-99.093145,19.383493],[-99.093245,19.383338],[-99.093534,19.382888],[-99.093911,19.382301],[-99.094353,19.381613],[-99.094557,19.381297],[-99.094712,19.381054],[-99.094827,19.380876],[-99.094882,19.380790],[-99.095073,19.380493],[-99.095262,19.380199],[-99.095648,19.379599],[-99.095541,19.379356],[-99.095785,19.378910],[-99.096024,19.378441],[-99.096391,19.377742],[-99.096654,19.377283],[-99.096742,19.377129],[-99.096926,19.376806],[-99.097095,19.376510],[-99.097219,19.376281],[-99.097278,19.376171],[-99.097402,19.375941],[-99.097652,19.375481],[-99.097885,19.375072],[-99.098031,19.374881],[-99.098191,19.374724],[-99.098333,19.374612],[-99.098487,19.374498],[-99.099026,19.374151],[-99.099280,19.373983],[-99.099418,19.373893],[-99.099886,19.373585],[-99.100657,19.373047],[-99.102185,19.371983],[-99.102618,19.371715],[-99.103148,19.371991],[-99.103331,19.371842],[-99.103696,19.371545],[-99.103982,19.371346],[-99.104208,19.371195],[-99.104017,19.370956],[-99.103395,19.370079],[-99.103273,19.369917],[-99.102955,19.369461],[-99.102626,19.368987],[-99.102165,19.368810],[-99.101510,19.368590],[-99.101254,19.368477],[-99.100676,19.368294],[-99.100611,19.368449],[-99.099932,19.368165],[-99.098242,19.367650],[-99.097802,19.367515],[-99.097017,19.367277],[-99.096699,19.367186],[-99.096203,19.367085],[-99.095558,19.367008],[-99.095019,19.366965],[-99.094542,19.366952],[-99.094085,19.366926],[-99.091918,19.366861],[-99.090065,19.366828],[-99.089119,19.366809],[-99.088176,19.366803]]]},"properties":{"cvegeo":"0900700010226","match":"Neighborhood","name":"Central de Abasto","state":"Ciudad de México","municipality":"Iztapalapa","city":"Iztapalapa","neighborhood":"Central de Abasto","category":"Colonia","type":"U","postal_code":"09040","population":"4676","dwellings":null,"occupied_dwellings":null,"price_m2":null,"property_price":null,"ids_prom":"365.411","nse":"D","nse_label":"D (27%)","nse_score":"3.654","nse_ab":"35","nse_cplus":"60","nse_c":"78","nse_cminus":"104","nse_dplus":"93","nse_d":"153","nse_e":"30","nse_total":"559","nse_ab_pct":"6.40","nse_cplus_pct":"10.90","nse_c_pct":"14.01","nse_cminus_pct":"18.69","nse_dplus_pct":"16.69","nse_d_pct":"27.44","nse_e_pct":"5.53"}},{"type":"Feature","geometry":{"type":"Polygon","coordinates":[[[-99.083074,19.325636],[-99.082725,19.327425],[-99.082384,19.329285],[-99.083355,19.329443],[-99.084178,19.329577],[-99.084589,19.329639],[-99.085016,19.329719],[-99.086353,19.329959],[-99.086699,19.330004],[-99.087105,19.330059],[-99.087355,19.330097],[-99.087378,19.330101],[-99.088326,19.330270],[-99.088769,19.330358],[-99.089079,19.330421],[-99.091392,19.330850],[-99.091389,19.330894],[-99.091192,19.331838],[-99.089734,19.331615],[-99.089655,19.332020],[-99.089247,19.334149],[-99.089236,19.334190],[-99.089225,19.334259],[-99.089001,19.335425],[-99.088929,19.335797],[-99.088725,19.335765],[-99.088692,19.335759],[-99.088537,19.335736],[-99.088496,19.335729],[-99.088455,19.335723],[-99.088159,19.335681],[-99.088112,19.335673],[-99.088060,19.335666],[-99.087769,19.335620],[-99.087733,19.335615],[-99.087695,19.335611],[-99.087556,19.335590],[-99.086697,19.335461],[-99.086647,19.335453],[-99.086609,19.335451],[-99.086579,19.335684],[-99.086260,19.337510],[-99.086198,19.337841],[-99.086145,19.338156],[-99.086093,19.338464],[-99.086041,19.338771],[-99.085999,19.339019],[-99.085955,19.339279],[-99.085642,19.341137],[-99.085539,19.341278],[-99.085261,19.341277],[-99.085149,19.341373],[-99.085104,19.341631],[-99.085068,19.341634],[-99.084990,19.341624],[-99.084851,19.341601],[-99.084831,19.341598],[-99.084802,19.341594],[-99.083863,19.341329],[-99.083546,19.341218],[-99.082745,19.340986],[-99.081779,19.340729],[-99.081298,19.340584],[-99.081060,19.340519],[-99.080366,19.340324],[-99.079274,19.340037],[-99.079223,19.340026],[-99.079171,19.340015],[-99.074737,19.338844],[-99.074630,19.338842],[-99.074771,19.339259],[-99.075078,19.340193],[-99.075407,19.341185],[-99.075645,19.341888],[-99.075940,19.342792],[-99.076148,19.343419],[-99.078025,19.343793],[-99.078272,19.343843],[-99.080150,19.344216],[-99.080270,19.344241],[-99.080336,19.344253],[-99.080556,19.343155],[-99.080594,19.343155],[-99.080854,19.343170],[-99.080896,19.343179],[-99.080942,19.343176],[-99.081234,19.343192],[-99.081205,19.343435],[-99.081183,19.343514],[-99.081133,19.343595],[-99.081036,19.343747],[-99.080971,19.343834],[-99.080930,19.343867],[-99.080893,19.343912],[-99.080888,19.343984],[-99.080900,19.344072],[-99.080965,19.344308],[-99.080989,19.344349],[-99.081019,19.344391],[-99.081168,19.344578],[-99.081430,19.344841],[-99.081642,19.345042],[-99.081721,19.345156],[-99.081747,19.345337],[-99.082018,19.345358],[-99.082428,19.345388],[-99.082570,19.345396],[-99.082661,19.345386],[-99.082781,19.345354],[-99.083072,19.345250],[-99.083279,19.345188],[-99.083492,19.345093],[-99.083670,19.345005],[-99.083701,19.344985],[-99.083732,19.344966],[-99.084015,19.344779],[-99.084412,19.344492],[-99.084572,19.344367],[-99.084681,19.344248],[-99.084974,19.343888],[-99.085263,19.343558],[-99.085587,19.343381],[-99.086125,19.343037],[-99.086809,19.342630],[-99.086737,19.342323],[-99.086721,19.342177],[-99.086750,19.342114],[-99.086810,19.342052],[-99.087015,19.341772],[-99.087317,19.341267],[-99.087548,19.340743],[-99.087700,19.340394],[-99.087965,19.340094],[-99.088222,19.339934],[-99.088574,19.339914],[-99.088810,19.339934],[-99.089237,19.340067],[-99.089648,19.340172],[-99.089975,19.340305],[-99.089835,19.339388],[-99.089819,19.338718],[-99.091499,19.338835],[-99.091494,19.338340],[-99.091496,19.338300],[-99.091517,19.338000],[-99.091531,19.337698],[-99.091554,19.337405],[-99.091646,19.337137],[-99.091841,19.336966],[-99.091924,19.336827],[-99.092051,19.336503],[-99.092185,19.335720],[-99.092328,19.335020],[-99.092414,19.334377],[-99.092457,19.334110],[-99.092480,19.334014],[-99.092542,19.333862],[-99.092625,19.333747],[-99.092934,19.333431],[-99.093011,19.333263],[-99.093034,19.333170],[-99.093194,19.332500],[-99.093393,19.331604],[-99.093461,19.331240],[-99.093549,19.330760],[-99.093572,19.330637],[-99.093605,19.330523],[-99.093685,19.330274],[-99.093827,19.329834],[-99.093902,19.329378],[-99.094271,19.329488],[-99.094290,19.329306],[-99.094304,19.329221],[-99.094362,19.329117],[-99.094498,19.328967],[-99.094440,19.328636],[-99.093997,19.328456],[-99.093658,19.328401],[-99.093705,19.328067],[-99.093745,19.327770],[-99.093752,19.327741],[-99.093356,19.327637],[-99.093170,19.327510],[-99.092939,19.327386],[-99.092742,19.327289],[-99.092523,19.327254],[-99.092290,19.327217],[-99.092067,19.327178],[-99.091841,19.327138],[-99.091629,19.327101],[-99.091435,19.327067],[-99.090876,19.326971],[-99.090733,19.326946],[-99.090474,19.326902],[-99.090265,19.326867],[-99.090141,19.326846],[-99.083074,19.325636]]]},"properties":{"cvegeo":"0900700010229","match":"Neighborhood","name":"San Nicolás Tolentino","state":"Ciudad de México","municipality":"Iztapalapa","city":"Iztapalapa","neighborhood":"San Nicolás Tolentino","category":"Colonia","type":"U","postal_code":"09850","population":"123","dwellings":null,"occupied_dwellings":null,"price_m2":null,"property_price":null,"ids_prom":"442.244","nse":"C","nse_label":"C (22%)","nse_score":"4.422","nse_ab":"289","nse_cplus":"503","nse_c":"667","nse_cminus":"649","nse_dplus":"475","nse_d":"355","nse_e":"33","nse_total":"2975","nse_ab_pct":"9.73","nse_cplus_pct":"16.93","nse_c_pct":"22.45","nse_cminus_pct":"21.83","nse_dplus_pct":"15.98","nse_d_pct":"11.96","nse_e_pct":"1.12"}},{"type":"Feature","geometry":{"type":"Polygon","coordinates":[[[-99.093011,19.333263],[-99.092934,19.333431],[-99.092625,19.333747],[-99.092542,19.333862],[-99.092480,19.334014],[-99.092457,19.334110],[-99.092414,19.334377],[-99.092328,19.335020],[-99.092185,19.335720],[-99.092051,19.336503],[-99.091924,19.336827],[-99.091841,19.336966],[-99.091646,19.337137],[-99.091554,19.337405],[-99.091531,19.337698],[-99.091517,19.338000],[-99.091496,19.338300],[-99.091494,19.338340],[-99.091499,19.338835],[-99.089819,19.338718],[-99.089835,19.339388],[-99.089975,19.340305],[-99.089648,19.340172],[-99.089237,19.340067],[-99.088810,19.339934],[-99.088574,19.339914],[-99.088222,19.339934],[-99.087965,19.340094],[-99.087700,19.340394],[-99.087548,19.340743],[-99.087317,19.341267],[-99.087015,19.341772],[-99.086810,19.342052],[-99.086750,19.342114],[-99.086721,19.342177],[-99.086737,19.342323],[-99.086809,19.342630],[-99.086125,19.343037],[-99.085587,19.343381],[-99.085263,19.343558],[-99.084974,19.343888],[-99.084681,19.344248],[-99.084572,19.344367],[-99.084412,19.344492],[-99.084015,19.344779],[-99.083732,19.344966],[-99.083701,19.344985],[-99.083707,19.344994],[-99.083785,19.345088],[-99.084479,19.346143],[-99.084580,19.346293],[-99.085411,19.346008],[-99.085480,19.346345],[-99.085500,19.346450],[-99.085535,19.346653],[-99.086154,19.346907],[-99.085720,19.347118],[-99.086661,19.348287],[-99.086880,19.348173],[-99.086901,19.348168],[-99.086876,19.350074],[-99.086944,19.350032],[-99.087295,19.349969],[-99.087523,19.349927],[-99.087647,19.349900],[-99.088058,19.349801],[-99.088268,19.349742],[-99.088329,19.349488],[-99.088608,19.349485],[-99.089235,19.349478],[-99.089643,19.349484],[-99.090001,19.349488],[-99.090245,19.349493],[-99.090202,19.350891],[-99.090263,19.350893],[-99.091099,19.350825],[-99.091122,19.351048],[-99.091166,19.351409],[-99.091209,19.351756],[-99.091229,19.351996],[-99.091510,19.351776],[-99.091825,19.351601],[-99.092001,19.351509],[-99.092201,19.351392],[-99.092373,19.351261],[-99.092502,19.351148],[-99.092608,19.351053],[-99.092717,19.350929],[-99.093240,19.350335],[-99.093322,19.350216],[-99.093837,19.349427],[-99.093484,19.349175],[-99.093708,19.348642],[-99.094135,19.348807],[-99.094966,19.349149],[-99.095483,19.348337],[-99.096040,19.347458],[-99.096540,19.347798],[-99.097061,19.348247],[-99.097657,19.346820],[-99.097933,19.346139],[-99.098362,19.346244],[-99.098538,19.345976],[-99.098793,19.345554],[-99.099059,19.345145],[-99.099319,19.344725],[-99.099521,19.344374],[-99.099791,19.343933],[-99.100128,19.343417],[-99.100439,19.342892],[-99.100772,19.342352],[-99.101054,19.341893],[-99.100958,19.341860],[-99.100399,19.341680],[-99.099869,19.341505],[-99.099491,19.341374],[-99.099342,19.341328],[-99.098642,19.341146],[-99.098387,19.341082],[-99.097775,19.340916],[-99.097322,19.340827],[-99.096929,19.340740],[-99.096362,19.340612],[-99.095929,19.340511],[-99.095413,19.340390],[-99.095112,19.340318],[-99.094833,19.340257],[-99.094941,19.339622],[-99.095273,19.339654],[-99.095386,19.339186],[-99.095397,19.339029],[-99.095106,19.339025],[-99.095539,19.337430],[-99.095721,19.336442],[-99.096322,19.336496],[-99.096431,19.335633],[-99.096551,19.334495],[-99.095888,19.334382],[-99.095892,19.334354],[-99.095925,19.334102],[-99.095936,19.334022],[-99.095974,19.333750],[-99.095981,19.333686],[-99.095821,19.333658],[-99.095141,19.333533],[-99.095124,19.333577],[-99.094878,19.333552],[-99.094596,19.333524],[-99.094342,19.333498],[-99.093959,19.333433],[-99.093859,19.333419],[-99.093484,19.333348],[-99.093011,19.333263]]]},"properties":{"cvegeo":"0900700010234","match":"Neighborhood","name":"Parque Nacional Cerro de la Estrella","state":"Ciudad de México","municipality":"Iztapalapa","city":"Iztapalapa","neighborhood":"Parque Nacional Cerro de la Estrella","category":"Colonia","type":"U","postal_code":"09860","population":"2800","dwellings":null,"occupied_dwellings":null,"price_m2":null,"property_price":null,"ids_prom":"387.202","nse":"D","nse_label":"D (22%)","nse_score":"3.872","nse_ab":"122","nse_cplus":"222","nse_c":"266","nse_cminus":"303","nse_dplus":"296","nse_d":"359","nse_e":"91","nse_total":"1661","nse_ab_pct":"7.35","nse_cplus_pct":"13.36","nse_c_pct":"16.04","nse_cminus_pct":"18.25","nse_dplus_pct":"17.87","nse_d_pct":"21.61","nse_e_pct":"5.51"}},{"type":"Feature","geometry":{"type":"Polygon","coordinates":[[[-99.067020,19.287066],[-99.066711,19.287373],[-99.066366,19.287714],[-99.066194,19.287884],[-99.066030,19.288046],[-99.065963,19.288112],[-99.065758,19.288316],[-99.065697,19.288377],[-99.065521,19.288552],[-99.065355,19.288718],[-99.065739,19.289100],[-99.065983,19.289361],[-99.066155,19.289537],[-99.066314,19.289705],[-99.066527,19.289934],[-99.066558,19.290006],[-99.066673,19.289983],[-99.066938,19.289928],[-99.067212,19.289877],[-99.067476,19.289827],[-99.067772,19.289767],[-99.067831,19.289757],[-99.068051,19.289716],[-99.068313,19.289671],[-99.068454,19.289648],[-99.068511,19.289636],[-99.069033,19.288883],[-99.068672,19.288528],[-99.068590,19.288448],[-99.068214,19.288194],[-99.068097,19.288027],[-99.067946,19.287885],[-99.067623,19.287614],[-99.067585,19.287582],[-99.067288,19.287329],[-99.067020,19.287066]]]},"properties":{"cvegeo":"0900700010236","match":"Neighborhood","name":"Allapetlalli","state":"Ciudad de México","municipality":"Iztapalapa","city":"Iztapalapa","neighborhood":"Allapetlalli","category":"Colonia","type":"U","postal_code":"09960","population":"78","dwellings":null,"occupied_dwellings":null,"price_m2":null,"property_price":null,"ids_prom":"415.031","nse":"C-","nse_label":"C- (20%)","nse_score":"4.150","nse_ab":"47","nse_cplus":"84","nse_c":"98","nse_cminus":"109","nse_dplus":"78","nse_d":"106","nse_e":"11","nse_total":"536","nse_ab_pct":"8.77","nse_cplus_pct":"15.67","nse_c_pct":"18.42","nse_cminus_pct":"20.41","nse_dplus_pct":"14.58","nse_d_pct":"19.96","nse_e_pct":"2.19"}},{"type":"Feature","geometry":{"type":"Polygon","coordinates":[[[-99.067532,19.328497],[-99.067464,19.328578],[-99.067392,19.328666],[-99.067152,19.328958],[-99.066951,19.329204],[-99.066736,19.329464],[-99.066506,19.329744],[-99.066269,19.330033],[-99.066132,19.330199],[-99.066761,19.330312],[-99.067071,19.330367],[-99.067293,19.330405],[-99.067411,19.330427],[-99.067698,19.330479],[-99.067974,19.330532],[-99.068283,19.330589],[-99.068466,19.330625],[-99.069716,19.330843],[-99.070128,19.330914],[-99.070185,19.330605],[-99.070223,19.330398],[-99.070278,19.330101],[-99.070342,19.329750],[-99.070398,19.329445],[-99.070482,19.329106],[-99.068667,19.328767],[-99.068359,19.328708],[-99.068051,19.328650],[-99.067801,19.328599],[-99.067650,19.328564],[-99.067532,19.328497]]]},"properties":{"cvegeo":"0900700010237","match":"Neighborhood","name":"Ampliación Bellavista","state":"Ciudad de México","municipality":"Iztapalapa","city":"Iztapalapa","neighborhood":"Ampliación Bellavista","category":"Colonia","type":"U","postal_code":"09860","population":"353","dwellings":null,"occupied_dwellings":null,"price_m2":null,"property_price":null,"ids_prom":"405.917","nse":"C-","nse_label":"C- (20%)","nse_score":"4.059","nse_ab":"38","nse_cplus":"79","nse_c":"109","nse_cminus":"113","nse_dplus":"95","nse_d":"100","nse_e":"18","nse_total":"555","nse_ab_pct":"6.85","nse_cplus_pct":"14.39","nse_c_pct":"19.76","nse_cminus_pct":"20.45","nse_dplus_pct":"17.23","nse_d_pct":"18.05","nse_e_pct":"3.27"}},{"type":"Feature","geometry":{"type":"Polygon","coordinates":[[[-99.018760,19.324686],[-99.018625,19.324959],[-99.018416,19.325518],[-99.018282,19.325740],[-99.018282,19.325810],[-99.018295,19.326215],[-99.018329,19.326508],[-99.018576,19.326538],[-99.019154,19.326611],[-99.019223,19.326598],[-99.019305,19.326584],[-99.019489,19.326619],[-99.020566,19.326947],[-99.020630,19.326733],[-99.020699,19.326769],[-99.020844,19.326859],[-99.021026,19.327000],[-99.021200,19.327096],[-99.021356,19.327218],[-99.021487,19.327320],[-99.022125,19.327652],[-99.022311,19.327749],[-99.022548,19.328004],[-99.022793,19.328288],[-99.023553,19.328237],[-99.023794,19.328283],[-99.024133,19.328345],[-99.024182,19.327990],[-99.024165,19.327887],[-99.024017,19.327372],[-99.023947,19.327096],[-99.023921,19.326740],[-99.023902,19.326461],[-99.022796,19.326014],[-99.020850,19.325229],[-99.018760,19.324686]]]},"properties":{"cvegeo":"0900700010238","match":"Neighborhood","name":"Barranca de Guadalupe","state":"Ciudad de México","municipality":"Iztapalapa","city":"Iztapalapa","neighborhood":"Barranca de Guadalupe","category":"Colonia","type":"U","postal_code":"09689","population":"1732","dwellings":null,"occupied_dwellings":null,"price_m2":null,"property_price":null,"ids_prom":"318.880","nse":"D","nse_label":"D (33%)","nse_score":"3.189","nse_ab":"27","nse_cplus":"56","nse_c":"98","nse_cminus":"128","nse_dplus":"152","nse_d":"273","nse_e":"88","nse_total":"826","nse_ab_pct":"3.34","nse_cplus_pct":"6.86","nse_c_pct":"11.96","nse_cminus_pct":"15.54","nse_dplus_pct":"18.49","nse_d_pct":"33.11","nse_e_pct":"10.70"}},{"type":"Feature","geometry":{"type":"Polygon","coordinates":[[[-98.960747,19.325551],[-98.962995,19.327517],[-98.963776,19.328176],[-98.963997,19.328361],[-98.965287,19.329433],[-98.965334,19.329472],[-98.965373,19.329504],[-98.965448,19.329567],[-98.965693,19.329770],[-98.966063,19.330077],[-98.966519,19.330456],[-98.966778,19.330671],[-98.966917,19.330786],[-98.967203,19.331030],[-98.967275,19.331092],[-98.967674,19.331431],[-98.967689,19.331444],[-98.968029,19.331734],[-98.968044,19.331746],[-98.968109,19.331801],[-98.968290,19.331956],[-98.968379,19.332031],[-98.968610,19.331782],[-98.968713,19.331725],[-98.969067,19.331344],[-98.969169,19.331349],[-98.969385,19.331357],[-98.969523,19.331434],[-98.969619,19.331477],[-98.969703,19.331499],[-98.969947,19.331533],[-98.970190,19.331609],[-98.970394,19.331674],[-98.970634,19.331736],[-98.970861,19.331780],[-98.971028,19.331813],[-98.971323,19.331858],[-98.971432,19.331851],[-98.971476,19.331814],[-98.971498,19.331722],[-98.971726,19.330935],[-98.973807,19.330996],[-98.973898,19.330704],[-98.973958,19.330397],[-98.974224,19.330379],[-98.975111,19.330539],[-98.974892,19.330968],[-98.974607,19.331477],[-98.974532,19.331803],[-98.974744,19.331925],[-98.975299,19.332175],[-98.975282,19.332275],[-98.975697,19.332446],[-98.976235,19.332413],[-98.976612,19.333105],[-98.976683,19.333406],[-98.976470,19.334335],[-98.976308,19.335207],[-98.976494,19.334873],[-98.976823,19.334429],[-98.976972,19.334231],[-98.978238,19.334525],[-98.978383,19.333933],[-98.978638,19.333236],[-98.979064,19.333312],[-98.979143,19.333025],[-98.979404,19.333035],[-98.979415,19.332940],[-98.979614,19.332931],[-98.979731,19.332927],[-98.979911,19.332950],[-98.979960,19.332672],[-98.980063,19.332691],[-98.980264,19.332347],[-98.980448,19.332203],[-98.980512,19.331998],[-98.980623,19.331990],[-98.980706,19.331785],[-98.980857,19.331291],[-98.980904,19.331073],[-98.981114,19.331074],[-98.981246,19.331135],[-98.981486,19.331198],[-98.981863,19.331258],[-98.981909,19.330650],[-98.981678,19.330607],[-98.981746,19.330308],[-98.981883,19.329866],[-98.982070,19.329272],[-98.981691,19.329230],[-98.981708,19.329145],[-98.981636,19.329077],[-98.981455,19.329064],[-98.981109,19.329042],[-98.981094,19.328963],[-98.980877,19.328949],[-98.980802,19.329389],[-98.980429,19.329161],[-98.979904,19.328987],[-98.979208,19.328735],[-98.979268,19.328470],[-98.979387,19.327978],[-98.979526,19.327576],[-98.979426,19.327535],[-98.979647,19.327186],[-98.979743,19.326781],[-98.979820,19.326585],[-98.979835,19.326364],[-98.979868,19.326140],[-98.979142,19.326113],[-98.978195,19.326079],[-98.977777,19.326064],[-98.977492,19.326054],[-98.976961,19.326034],[-98.976418,19.326015],[-98.975752,19.325991],[-98.975274,19.325973],[-98.974618,19.325950],[-98.972205,19.325862],[-98.971670,19.325868],[-98.971579,19.325841],[-98.970739,19.325811],[-98.970706,19.325810],[-98.969758,19.325776],[-98.969737,19.325775],[-98.969228,19.325757],[-98.968708,19.325738],[-98.968337,19.325725],[-98.968275,19.325723],[-98.966352,19.325672],[-98.960747,19.325551]]]},"properties":{"cvegeo":"0900700010239","match":"Neighborhood","name":"Campestre Potrero","state":"Ciudad de México","municipality":"Iztapalapa","city":"Iztapalapa","neighborhood":"Campestre Potrero","category":"Colonia","type":"U","postal_code":"09637","population":"2136","dwellings":null,"occupied_dwellings":null,"price_m2":null,"property_price":null,"ids_prom":"312.162","nse":"D","nse_label":"D (34%)","nse_score":"3.122","nse_ab":"117","nse_cplus":"294","nse_c":"463","nse_cminus":"642","nse_dplus":"803","nse_d":"1441","nse_e":"482","nse_total":"4244","nse_ab_pct":"2.76","nse_cplus_pct":"6.94","nse_c_pct":"10.91","nse_cminus_pct":"15.14","nse_dplus_pct":"18.92","nse_d_pct":"33.96","nse_e_pct":"11.37"}},{"type":"Feature","geometry":{"type":"Polygon","coordinates":[[[-99.071107,19.291122],[-99.069834,19.291395],[-99.070176,19.292900],[-99.070542,19.294508],[-99.071714,19.294215],[-99.072839,19.293938],[-99.073580,19.293754],[-99.072316,19.292414],[-99.071885,19.291955],[-99.071333,19.291369],[-99.071107,19.291122]]]},"properties":{"cvegeo":"0900700010240","match":"Neighborhood","name":"Cananea","state":"Ciudad de México","municipality":"Iztapalapa","city":"Iztapalapa","neighborhood":"Cananea","category":"Colonia","type":"U","postal_code":"09969","population":"115","dwellings":null,"occupied_dwellings":null,"price_m2":null,"property_price":null,"ids_prom":"417.545","nse":"C-","nse_label":"C- (20%)","nse_score":"4.175","nse_ab":"34","nse_cplus":"55","nse_c":"66","nse_cminus":"73","nse_dplus":"58","nse_d":"66","nse_e":"8","nse_total":"364","nse_ab_pct":"9.58","nse_cplus_pct":"15.35","nse_c_pct":"18.12","nse_cminus_pct":"20.14","nse_dplus_pct":"16.04","nse_d_pct":"18.31","nse_e_pct":"2.46"}},{"type":"Feature","geometry":{"type":"Polygon","coordinates":[[[-99.090814,19.308771],[-99.090370,19.310424],[-99.090030,19.311586],[-99.089898,19.312096],[-99.089576,19.313384],[-99.089564,19.313434],[-99.089540,19.313463],[-99.089499,19.313473],[-99.089303,19.314374],[-99.089564,19.314435],[-99.089761,19.313784],[-99.089811,19.313750],[-99.090201,19.313825],[-99.090682,19.313911],[-99.091195,19.314001],[-99.091658,19.314087],[-99.093210,19.314366],[-99.094233,19.314550],[-99.094291,19.314282],[-99.094379,19.313912],[-99.094415,19.313765],[-99.094465,19.313481],[-99.094265,19.312772],[-99.094089,19.312868],[-99.093935,19.312668],[-99.093573,19.312204],[-99.093224,19.311757],[-99.093183,19.311702],[-99.092834,19.311263],[-99.092728,19.311123],[-99.092619,19.310988],[-99.092349,19.310680],[-99.092250,19.310585],[-99.091927,19.310211],[-99.091794,19.310052],[-99.091736,19.309987],[-99.091419,19.309567],[-99.090814,19.308771]]]},"properties":{"cvegeo":"0900700010241","match":"Neighborhood","name":"Carlos Jonguitud Barrios","state":"Ciudad de México","municipality":"Iztapalapa","city":"Iztapalapa","neighborhood":"Carlos Jonguitud Barrios","category":"Colonia","type":"U","postal_code":"09897","population":"356","dwellings":null,"occupied_dwellings":null,"price_m2":null,"property_price":null,"ids_prom":"545.535","nse":"C+","nse_label":"C+ (34%)","nse_score":"5.455","nse_ab":"263","nse_cplus":"366","nse_c":"204","nse_cminus":"120","nse_dplus":"61","nse_d":"45","nse_e":"5","nse_total":"1068","nse_ab_pct":"24.69","nse_cplus_pct":"34.27","nse_c_pct":"19.10","nse_cminus_pct":"11.29","nse_dplus_pct":"5.80","nse_d_pct":"4.29","nse_e_pct":"0.47"}},{"type":"Feature","geometry":{"type":"Polygon","coordinates":[[[-99.068967,19.284956],[-99.068821,19.285124],[-99.068642,19.285328],[-99.068561,19.285422],[-99.068477,19.285519],[-99.068298,19.285726],[-99.068119,19.285934],[-99.068089,19.285965],[-99.067934,19.286126],[-99.067775,19.286291],[-99.067572,19.286502],[-99.067376,19.286702],[-99.067202,19.286881],[-99.067058,19.287029],[-99.067020,19.287066],[-99.067288,19.287329],[-99.067585,19.287582],[-99.067623,19.287614],[-99.067946,19.287885],[-99.068097,19.288027],[-99.068214,19.288194],[-99.068590,19.288448],[-99.068672,19.288528],[-99.069033,19.288883],[-99.068511,19.289636],[-99.068454,19.289648],[-99.068313,19.289671],[-99.068051,19.289716],[-99.067831,19.289757],[-99.067772,19.289767],[-99.067476,19.289827],[-99.067212,19.289877],[-99.066938,19.289928],[-99.066673,19.289983],[-99.066558,19.290006],[-99.066527,19.289934],[-99.066314,19.289705],[-99.066155,19.289537],[-99.065983,19.289361],[-99.065739,19.289100],[-99.065355,19.288718],[-99.065015,19.289061],[-99.064948,19.289128],[-99.064731,19.289348],[-99.064394,19.289687],[-99.064273,19.289810],[-99.064165,19.289919],[-99.063737,19.290354],[-99.063537,19.290558],[-99.063433,19.290664],[-99.063386,19.290712],[-99.063068,19.291042],[-99.062824,19.291295],[-99.062506,19.291647],[-99.062096,19.292104],[-99.061724,19.292520],[-99.062110,19.292433],[-99.063486,19.292152],[-99.063882,19.292071],[-99.064352,19.291974],[-99.064674,19.291909],[-99.065240,19.292317],[-99.066976,19.291942],[-99.067201,19.291899],[-99.068874,19.291579],[-99.069834,19.291395],[-99.071107,19.291122],[-99.071333,19.291369],[-99.071885,19.291955],[-99.072316,19.292414],[-99.073580,19.293754],[-99.073893,19.293672],[-99.077155,19.292875],[-99.077226,19.292849],[-99.075910,19.290986],[-99.075246,19.290079],[-99.074941,19.289698],[-99.074487,19.289372],[-99.074074,19.289099],[-99.072356,19.287948],[-99.072185,19.287818],[-99.071376,19.287070],[-99.069880,19.285735],[-99.069153,19.285086],[-99.068967,19.284956]]]},"properties":{"cvegeo":"0900700010242","match":"Neighborhood","name":"Celoalliotli","state":"Ciudad de México","municipality":"Iztapalapa","city":"Iztapalapa","neighborhood":"Celoalliotli","category":"Colonia","type":"U","postal_code":"09960","population":"683","dwellings":null,"occupied_dwellings":null,"price_m2":null,"property_price":null,"ids_prom":"404.361","nse":"C-","nse_label":"C- (21%)","nse_score":"4.044","nse_ab":"265","nse_cplus":"559","nse_c":"753","nse_cminus":"820","nse_dplus":"608","nse_d":"742","nse_e":"135","nse_total":"3885","nse_ab_pct":"6.83","nse_cplus_pct":"14.40","nse_c_pct":"19.39","nse_cminus_pct":"21.12","nse_dplus_pct":"15.66","nse_d_pct":"19.10","nse_e_pct":"3.50"}},{"type":"Feature","geometry":{"type":"Polygon","coordinates":[[[-99.042630,19.317300],[-99.042486,19.317539],[-99.042344,19.317775],[-99.042281,19.317879],[-99.042204,19.318011],[-99.041814,19.318687],[-99.041350,19.319507],[-99.041016,19.320092],[-99.040877,19.320386],[-99.041067,19.320540],[-99.041155,19.320601],[-99.041437,19.320766],[-99.041737,19.320964],[-99.041934,19.320600],[-99.042278,19.320026],[-99.042732,19.319182],[-99.043210,19.318367],[-99.043416,19.318033],[-99.043142,19.317779],[-99.042935,19.317579],[-99.042884,19.317538],[-99.042760,19.317422],[-99.042630,19.317300]]]},"properties":{"cvegeo":"0900700010243","match":"Neighborhood","name":"Degollado","state":"Ciudad de México","municipality":"Iztapalapa","city":"Iztapalapa","neighborhood":"Degollado","category":"Colonia","type":"U","postal_code":"09704","population":"52","dwellings":null,"occupied_dwellings":null,"price_m2":null,"property_price":null,"ids_prom":"329.330","nse":"D","nse_label":"D (32%)","nse_score":"3.293","nse_ab":"16","nse_cplus":"29","nse_c":"51","nse_cminus":"70","nse_dplus":"76","nse_d":"131","nse_e":"37","nse_total":"412","nse_ab_pct":"4.02","nse_cplus_pct":"7.10","nse_c_pct":"12.39","nse_cminus_pct":"17.01","nse_dplus_pct":"18.64","nse_d_pct":"31.80","nse_e_pct":"9.03"}},{"type":"Feature","geometry":{"type":"Polygon","coordinates":[[[-98.995400,19.330423],[-98.995258,19.331115],[-98.995103,19.331639],[-98.995112,19.331702],[-98.995078,19.331832],[-98.995028,19.331947],[-98.994962,19.332078],[-98.994832,19.332193],[-98.994715,19.332323],[-98.994824,19.332479],[-98.994884,19.332598],[-98.994971,19.332852],[-98.995073,19.333131],[-98.995176,19.333222],[-98.995261,19.333676],[-98.995300,19.334039],[-98.995284,19.334315],[-98.995248,19.334807],[-98.995163,19.335236],[-98.995137,19.335455],[-98.995121,19.335598],[-98.995070,19.335887],[-98.995040,19.336074],[-98.995030,19.336221],[-98.994999,19.336407],[-98.995007,19.336525],[-98.995032,19.336605],[-98.995190,19.337149],[-98.995157,19.337519],[-98.995061,19.337772],[-98.995004,19.337989],[-98.994964,19.338233],[-98.994965,19.338661],[-98.994948,19.339043],[-98.994918,19.339439],[-98.995405,19.339496],[-98.995461,19.339091],[-98.995493,19.338693],[-98.996046,19.338759],[-98.996813,19.338894],[-98.996736,19.339303],[-98.997245,19.339396],[-98.997553,19.339435],[-98.997618,19.339061],[-98.997695,19.338689],[-98.997941,19.338707],[-98.998319,19.338733],[-98.998666,19.338760],[-98.998611,19.339100],[-98.998590,19.339411],[-98.998585,19.339784],[-98.998512,19.340235],[-98.998422,19.340961],[-98.998498,19.341044],[-98.998814,19.341051],[-98.999326,19.341068],[-98.999865,19.341207],[-98.999889,19.341164],[-98.999882,19.340857],[-98.999872,19.340549],[-98.999942,19.340253],[-99.000742,19.340068],[-99.000767,19.339768],[-99.000756,19.339474],[-99.000473,19.339367],[-99.000306,19.339272],[-99.000163,19.339190],[-99.000259,19.338538],[-99.000303,19.338312],[-99.000372,19.337542],[-99.000414,19.337302],[-99.000479,19.337079],[-99.000477,19.336902],[-99.000475,19.336538],[-99.000611,19.336542],[-99.001167,19.336508],[-99.001254,19.336845],[-99.001617,19.336757],[-99.001689,19.336729],[-99.002113,19.336582],[-99.002385,19.336354],[-99.002579,19.336332],[-99.002598,19.335775],[-99.002272,19.335772],[-99.002180,19.335581],[-99.002071,19.335319],[-99.002022,19.335236],[-99.002027,19.335103],[-99.001785,19.334901],[-99.001670,19.334744],[-99.001660,19.334638],[-99.001701,19.334552],[-99.001712,19.334499],[-99.001696,19.334427],[-99.001649,19.334384],[-99.001624,19.334324],[-99.001576,19.334157],[-99.001632,19.334094],[-99.001585,19.333761],[-99.001501,19.333467],[-99.001127,19.333252],[-99.000847,19.332834],[-99.000663,19.332916],[-99.000789,19.333188],[-99.000796,19.333236],[-99.000462,19.333343],[-99.000333,19.333378],[-99.000397,19.333591],[-99.000401,19.333766],[-98.998396,19.333117],[-98.998010,19.333091],[-98.997295,19.333147],[-98.996682,19.332993],[-98.996708,19.332813],[-98.996758,19.332153],[-98.996546,19.332007],[-98.996609,19.331515],[-98.996499,19.331491],[-98.996226,19.331496],[-98.996202,19.331689],[-98.996030,19.331719],[-98.995828,19.331667],[-98.995890,19.331419],[-98.996093,19.330739],[-98.995776,19.330578],[-98.995400,19.330423]]]},"properties":{"cvegeo":"0900700010244","match":"Neighborhood","name":"Miravalles","state":"Ciudad de México","municipality":"Iztapalapa","city":"Iztapalapa","neighborhood":"Miravalles","category":"Colonia","type":"U","postal_code":"09696","population":"97","dwellings":null,"occupied_dwellings":null,"price_m2":null,"property_price":null,"ids_prom":"314.734","nse":"D","nse_label":"D (36%)","nse_score":"3.147","nse_ab":"100","nse_cplus":"206","nse_c":"325","nse_cminus":"482","nse_dplus":"590","nse_d":"1127","nse_e":"284","nse_total":"3117","nse_ab_pct":"3.22","nse_cplus_pct":"6.63","nse_c_pct":"10.45","nse_cminus_pct":"15.47","nse_dplus_pct":"18.95","nse_d_pct":"36.17","nse_e_pct":"9.11"}},{"type":"Feature","geometry":{"type":"Polygon","coordinates":[[[-99.109023,19.331733],[-99.108981,19.332192],[-99.108941,19.332638],[-99.108076,19.332524],[-99.107977,19.332581],[-99.107843,19.333954],[-99.107818,19.334444],[-99.108944,19.334862],[-99.109029,19.334934],[-99.109734,19.335040],[-99.109767,19.335073],[-99.110075,19.335139],[-99.110196,19.335165],[-99.110216,19.335093],[-99.110309,19.335109],[-99.110569,19.335165],[-99.110908,19.335255],[-99.111112,19.335327],[-99.111547,19.335482],[-99.112035,19.334338],[-99.112158,19.334218],[-99.111931,19.333963],[-99.111618,19.333667],[-99.111269,19.333425],[-99.110720,19.333143],[-99.110590,19.333077],[-99.110538,19.333048],[-99.110430,19.332963],[-99.110323,19.332880],[-99.110168,19.332696],[-99.110092,19.332581],[-99.109997,19.332335],[-99.109982,19.332296],[-99.109839,19.331804],[-99.109023,19.331733]]]},"properties":{"cvegeo":"0900700010245","match":"Neighborhood","name":"San Antonio Culhuacan","state":"Ciudad de México","municipality":"Iztapalapa","city":"Iztapalapa","neighborhood":"San Antonio Culhuacan","category":"Colonia","type":"U","postal_code":"09800","population":"426","dwellings":null,"occupied_dwellings":null,"price_m2":null,"property_price":null,"ids_prom":"396.973","nse":"D","nse_label":"D (22%)","nse_score":"3.970","nse_ab":"43","nse_cplus":"70","nse_c":"90","nse_cminus":"96","nse_dplus":"86","nse_d":"117","nse_e":"19","nse_total":"524","nse_ab_pct":"8.38","nse_cplus_pct":"13.49","nse_c_pct":"17.20","nse_cminus_pct":"18.34","nse_dplus_pct":"16.48","nse_d_pct":"22.48","nse_e_pct":"3.64"}},{"type":"Feature","geometry":{"type":"Polygon","coordinates":[[[-98.993758,19.344883],[-98.993623,19.345211],[-98.993586,19.345235],[-98.993473,19.345846],[-98.993433,19.346104],[-98.993189,19.346729],[-98.993134,19.346857],[-98.993033,19.347375],[-98.993274,19.347425],[-98.993514,19.347473],[-98.993950,19.347561],[-98.994200,19.347610],[-98.994276,19.347626],[-98.994626,19.347693],[-98.995371,19.347831],[-98.995453,19.347496],[-98.995491,19.347178],[-98.995538,19.346843],[-98.995690,19.346273],[-98.995726,19.345879],[-98.995907,19.345187],[-98.995552,19.345124],[-98.995261,19.345067],[-98.995166,19.345054],[-98.994773,19.344992],[-98.994551,19.344964],[-98.994423,19.345024],[-98.993758,19.344883]]]},"properties":{"cvegeo":"0900700010246","match":"Neighborhood","name":"San Miguel Teotongo Sección Acorralado","state":"Ciudad de México","municipality":"Iztapalapa","city":"Iztapalapa","neighborhood":"San Miguel Teotongo Sección Acorralado","category":"Colonia","type":"U","postal_code":"09630","population":"299","dwellings":null,"occupied_dwellings":null,"price_m2":null,"property_price":null,"ids_prom":"312.638","nse":"D","nse_label":"D (34%)","nse_score":"3.126","nse_ab":"17","nse_cplus":"37","nse_c":"51","nse_cminus":"79","nse_dplus":"89","nse_d":"174","nse_e":"61","nse_total":"511","nse_ab_pct":"3.37","nse_cplus_pct":"7.25","nse_c_pct":"10.12","nse_cminus_pct":"15.54","nse_dplus_pct":"17.43","nse_d_pct":"34.18","nse_e_pct":"12.10"}},{"type":"Feature","geometry":{"type":"Polygon","coordinates":[[[-98.988196,19.333967],[-98.988053,19.334416],[-98.988510,19.334520],[-98.988323,19.335194],[-98.988633,19.335263],[-98.988686,19.335274],[-98.988776,19.335856],[-98.987155,19.335739],[-98.987244,19.335927],[-98.987049,19.336668],[-98.986874,19.337538],[-98.987169,19.337660],[-98.987581,19.337660],[-98.987718,19.337709],[-98.987663,19.338066],[-98.987653,19.338432],[-98.987885,19.338468],[-98.988266,19.338549],[-98.988669,19.338611],[-98.988956,19.338663],[-98.989729,19.338778],[-98.989839,19.338794],[-98.990069,19.338836],[-98.990193,19.338167],[-98.990201,19.338063],[-98.990272,19.337729],[-98.990302,19.337557],[-98.990316,19.337483],[-98.990395,19.337182],[-98.990474,19.336839],[-98.990325,19.336802],[-98.990454,19.336375],[-98.990462,19.336043],[-98.990574,19.335681],[-98.990699,19.335298],[-98.990732,19.335184],[-98.989916,19.335095],[-98.989956,19.334822],[-98.989987,19.334428],[-98.989985,19.334299],[-98.989995,19.334084],[-98.989348,19.334028],[-98.988629,19.334090],[-98.988196,19.333967]]]},"properties":{"cvegeo":"0900700010247","match":"Neighborhood","name":"San Miguel Teotongo Sección Avisadero","state":"Ciudad de México","municipality":"Iztapalapa","city":"Iztapalapa","neighborhood":"San Miguel Teotongo Sección Avisadero","category":"Colonia","type":"U","postal_code":"09630","population":"36","dwellings":null,"occupied_dwellings":null,"price_m2":null,"property_price":null,"ids_prom":"297.652","nse":"D","nse_label":"D (38%)","nse_score":"2.977","nse_ab":"6","nse_cplus":"15","nse_c":"32","nse_cminus":"56","nse_dplus":"67","nse_d":"132","nse_e":"36","nse_total":"348","nse_ab_pct":"2.00","nse_cplus_pct":"4.52","nse_c_pct":"9.34","nse_cminus_pct":"16.28","nse_dplus_pct":"19.45","nse_d_pct":"37.96","nse_e_pct":"10.45"}},{"type":"Feature","geometry":{"type":"Polygon","coordinates":[[[-98.986863,19.342593],[-98.986828,19.342746],[-98.986396,19.342634],[-98.986292,19.343024],[-98.986076,19.344032],[-98.986523,19.344090],[-98.986811,19.344155],[-98.986592,19.345193],[-98.986403,19.346002],[-98.986354,19.346078],[-98.986484,19.346101],[-98.987244,19.346242],[-98.987322,19.346259],[-98.987567,19.346302],[-98.987966,19.346377],[-98.988623,19.346496],[-98.989017,19.346576],[-98.989491,19.346669],[-98.989537,19.345981],[-98.989588,19.345358],[-98.989590,19.344979],[-98.989609,19.344505],[-98.989771,19.343679],[-98.989894,19.343449],[-98.989543,19.343403],[-98.989187,19.343332],[-98.989200,19.343237],[-98.988821,19.343136],[-98.988438,19.343038],[-98.988137,19.342940],[-98.987785,19.342847],[-98.987328,19.342726],[-98.986863,19.342593]]]},"properties":{"cvegeo":"0900700010248","match":"Neighborhood","name":"San Miguel Teotongo Sección Capilla","state":"Ciudad de México","municipality":"Iztapalapa","city":"Iztapalapa","neighborhood":"San Miguel Teotongo Sección Capilla","category":"Colonia","type":"U","postal_code":"09630","population":"792","dwellings":null,"occupied_dwellings":null,"price_m2":null,"property_price":null,"ids_prom":"330.203","nse":"D","nse_label":"D (31%)","nse_score":"3.302","nse_ab":"21","nse_cplus":"48","nse_c":"78","nse_cminus":"105","nse_dplus":"120","nse_d":"193","nse_e":"56","nse_total":"624","nse_ab_pct":"3.48","nse_cplus_pct":"7.80","nse_c_pct":"12.58","nse_cminus_pct":"16.83","nse_dplus_pct":"19.27","nse_d_pct":"30.94","nse_e_pct":"9.09"}},{"type":"Feature","geometry":{"type":"Polygon","coordinates":[[[-98.990732,19.335184],[-98.990699,19.335298],[-98.990574,19.335681],[-98.990462,19.336043],[-98.990454,19.336375],[-98.990325,19.336802],[-98.990474,19.336839],[-98.990395,19.337182],[-98.990316,19.337483],[-98.990302,19.337557],[-98.990272,19.337729],[-98.990201,19.338063],[-98.990193,19.338167],[-98.990069,19.338836],[-98.990385,19.338886],[-98.990860,19.338985],[-98.991182,19.339047],[-98.991605,19.339139],[-98.992003,19.339207],[-98.992180,19.339233],[-98.992504,19.339281],[-98.992399,19.340018],[-98.992322,19.340316],[-98.992275,19.340554],[-98.992658,19.340580],[-98.992975,19.340602],[-98.993682,19.340651],[-98.993633,19.340888],[-98.993993,19.341039],[-98.994164,19.340421],[-98.994189,19.340114],[-98.994268,19.339922],[-98.994519,19.339539],[-98.993539,19.339396],[-98.993365,19.339367],[-98.993451,19.338941],[-98.993543,19.338524],[-98.993598,19.338224],[-98.993551,19.338179],[-98.993595,19.337875],[-98.993605,19.337832],[-98.993460,19.337815],[-98.993497,19.337393],[-98.993171,19.337368],[-98.993188,19.337047],[-98.993196,19.336774],[-98.993054,19.336720],[-98.992899,19.336615],[-98.992876,19.336469],[-98.992978,19.336106],[-98.992750,19.336053],[-98.992844,19.335734],[-98.992068,19.335509],[-98.991743,19.335497],[-98.991644,19.335517],[-98.991716,19.335271],[-98.990732,19.335184]]]},"properties":{"cvegeo":"0900700010249","match":"Neighborhood","name":"San Miguel Teotongo Sección Corrales","state":"Ciudad de México","municipality":"Iztapalapa","city":"Iztapalapa","neighborhood":"San Miguel Teotongo Sección Corrales","category":"Colonia","type":"U","postal_code":"09630","population":"69","dwellings":null,"occupied_dwellings":null,"price_m2":null,"property_price":null,"ids_prom":"295.356","nse":"D","nse_label":"D (38%)","nse_score":"2.954","nse_ab":"7","nse_cplus":"20","nse_c":"41","nse_cminus":"63","nse_dplus":"81","nse_d":"158","nse_e":"49","nse_total":"421","nse_ab_pct":"1.86","nse_cplus_pct":"4.78","nse_c_pct":"9.78","nse_cminus_pct":"14.99","nse_dplus_pct":"19.30","nse_d_pct":"37.62","nse_e_pct":"11.67"}},{"type":"Feature","geometry":{"type":"Polygon","coordinates":[[[-98.994674,19.338658],[-98.994592,19.339364],[-98.994519,19.339539],[-98.994268,19.339922],[-98.994189,19.340114],[-98.994164,19.340421],[-98.993993,19.341039],[-98.993633,19.340888],[-98.993599,19.340988],[-98.993551,19.341216],[-98.993510,19.341364],[-98.993474,19.341573],[-98.993431,19.341742],[-98.993399,19.341932],[-98.993370,19.342082],[-98.993314,19.342306],[-98.993751,19.342458],[-98.993588,19.343015],[-98.993707,19.343068],[-98.993974,19.343167],[-98.993912,19.343662],[-98.993785,19.344121],[-98.993663,19.344464],[-98.993642,19.344814],[-98.993758,19.344883],[-98.994423,19.345024],[-98.994551,19.344964],[-98.994773,19.344992],[-98.995166,19.345054],[-98.995261,19.345067],[-98.995552,19.345124],[-98.995907,19.345187],[-98.996101,19.345218],[-98.996174,19.344844],[-98.996258,19.344495],[-98.996294,19.344343],[-98.996323,19.344119],[-98.996361,19.343990],[-98.996379,19.343855],[-98.996389,19.343760],[-98.995980,19.343760],[-98.995917,19.343495],[-98.995822,19.342866],[-98.995763,19.342660],[-98.995640,19.342527],[-98.995375,19.342362],[-98.995258,19.342343],[-98.994872,19.342380],[-98.994916,19.341845],[-98.994541,19.341757],[-98.994647,19.341415],[-98.994600,19.341337],[-98.994907,19.341006],[-98.995111,19.340747],[-98.995130,19.340645],[-98.995053,19.340532],[-98.994994,19.340287],[-98.994928,19.339609],[-98.994918,19.339439],[-98.994948,19.339043],[-98.994965,19.338661],[-98.994674,19.338658]]]},"properties":{"cvegeo":"0900700010250","match":"Neighborhood","name":"San Miguel Teotongo Sección Iztlahuaca","state":"Ciudad de México","municipality":"Iztapalapa","city":"Iztapalapa","neighborhood":"San Miguel Teotongo Sección Iztlahuaca","category":"Colonia","type":"U","postal_code":"09630","population":"77","dwellings":null,"occupied_dwellings":null,"price_m2":null,"property_price":null,"ids_prom":"305.736","nse":"D","nse_label":"D (36%)","nse_score":"3.057","nse_ab":"19","nse_cplus":"47","nse_c":"77","nse_cminus":"117","nse_dplus":"144","nse_d":"275","nse_e":"85","nse_total":"767","nse_ab_pct":"2.50","nse_cplus_pct":"6.20","nse_c_pct":"10.06","nse_cminus_pct":"15.34","nse_dplus_pct":"18.79","nse_d_pct":"35.90","nse_e_pct":"11.20"}},{"type":"Feature","geometry":{"type":"Polygon","coordinates":[[[-98.989708,19.342617],[-98.989543,19.343403],[-98.989894,19.343449],[-98.989771,19.343679],[-98.989609,19.344505],[-98.989590,19.344979],[-98.989588,19.345358],[-98.989537,19.345981],[-98.989491,19.346669],[-98.989819,19.346732],[-98.990027,19.346768],[-98.990171,19.346792],[-98.990565,19.346864],[-98.991097,19.346979],[-98.991304,19.347019],[-98.991672,19.347096],[-98.991858,19.347141],[-98.992080,19.347187],[-98.992250,19.347221],[-98.992666,19.347306],[-98.993033,19.347375],[-98.993134,19.346857],[-98.993189,19.346729],[-98.993433,19.346104],[-98.993473,19.345846],[-98.993586,19.345235],[-98.993623,19.345211],[-98.993758,19.344883],[-98.993642,19.344814],[-98.993391,19.344827],[-98.993132,19.344952],[-98.993107,19.345082],[-98.992736,19.344962],[-98.992204,19.344938],[-98.992171,19.344894],[-98.992175,19.344797],[-98.991353,19.344721],[-98.991110,19.344611],[-98.991085,19.344515],[-98.991110,19.344445],[-98.990772,19.344256],[-98.990535,19.344245],[-98.990578,19.344064],[-98.990667,19.343606],[-98.990799,19.342886],[-98.990320,19.342768],[-98.989708,19.342617]]]},"properties":{"cvegeo":"0900700010251","match":"Neighborhood","name":"San Miguel Teotongo Sección Jardines","state":"Ciudad de México","municipality":"Iztapalapa","city":"Iztapalapa","neighborhood":"San Miguel Teotongo Sección Jardines","category":"Colonia","type":"U","postal_code":"09630","population":"341","dwellings":null,"occupied_dwellings":null,"price_m2":null,"property_price":null,"ids_prom":"319.464","nse":"D","nse_label":"D (33%)","nse_score":"3.195","nse_ab":"28","nse_cplus":"61","nse_c":"91","nse_cminus":"134","nse_dplus":"149","nse_d":"272","nse_e":"90","nse_total":"828","nse_ab_pct":"3.45","nse_cplus_pct":"7.37","nse_c_pct":"11.03","nse_cminus_pct":"16.25","nse_dplus_pct":"18.10","nse_d_pct":"32.87","nse_e_pct":"10.94"}},{"type":"Feature","geometry":{"type":"Polygon","coordinates":[[[-98.987653,19.338432],[-98.987614,19.338698],[-98.987585,19.338784],[-98.987538,19.339003],[-98.987406,19.339390],[-98.987255,19.339788],[-98.987221,19.339864],[-98.986909,19.340903],[-98.986729,19.341475],[-98.986641,19.341833],[-98.986545,19.342152],[-98.986396,19.342634],[-98.986828,19.342746],[-98.986863,19.342593],[-98.987328,19.342726],[-98.987785,19.342847],[-98.988137,19.342940],[-98.988438,19.343038],[-98.988821,19.343136],[-98.989200,19.343237],[-98.989187,19.343332],[-98.989543,19.343403],[-98.989708,19.342617],[-98.990320,19.342768],[-98.990799,19.342886],[-98.991053,19.342940],[-98.991127,19.342579],[-98.991180,19.342223],[-98.991218,19.342001],[-98.991122,19.341797],[-98.991212,19.341100],[-98.991345,19.340359],[-98.991605,19.339139],[-98.991182,19.339047],[-98.990860,19.338985],[-98.990385,19.338886],[-98.990069,19.338836],[-98.989839,19.338794],[-98.989729,19.338778],[-98.988956,19.338663],[-98.988669,19.338611],[-98.988266,19.338549],[-98.987885,19.338468],[-98.987653,19.338432]]]},"properties":{"cvegeo":"0900700010252","match":"Neighborhood","name":"San Miguel Teotongo Sección la Cruz","state":"Ciudad de México","municipality":"Iztapalapa","city":"Iztapalapa","neighborhood":"San Miguel Teotongo Sección la Cruz","category":"Colonia","type":"U","postal_code":"09630","population":"343","dwellings":null,"occupied_dwellings":null,"price_m2":null,"property_price":null,"ids_prom":"304.272","nse":"D","nse_label":"D (36%)","nse_score":"3.043","nse_ab":"32","nse_cplus":"85","nse_c":"137","nse_cminus":"195","nse_dplus":"251","nse_d":"487","nse_e":"154","nse_total":"1344","nse_ab_pct":"2.39","nse_cplus_pct":"6.33","nse_c_pct":"10.25","nse_cminus_pct":"14.54","nse_dplus_pct":"18.71","nse_d_pct":"36.27","nse_e_pct":"11.51"}},{"type":"Feature","geometry":{"type":"Polygon","coordinates":[[[-98.985134,19.337950],[-98.985080,19.338312],[-98.984982,19.338651],[-98.984881,19.338986],[-98.984766,19.339390],[-98.984672,19.339707],[-98.984593,19.340021],[-98.984525,19.340290],[-98.984110,19.340179],[-98.984027,19.340701],[-98.983895,19.341257],[-98.984237,19.341383],[-98.984822,19.341579],[-98.985138,19.341696],[-98.985538,19.341837],[-98.986545,19.342152],[-98.986641,19.341833],[-98.986729,19.341475],[-98.986909,19.340903],[-98.987221,19.339864],[-98.987255,19.339788],[-98.987406,19.339390],[-98.987538,19.339003],[-98.987585,19.338784],[-98.987614,19.338698],[-98.987653,19.338432],[-98.986243,19.338163],[-98.985134,19.337950]]]},"properties":{"cvegeo":"0900700010253","match":"Neighborhood","name":"San Miguel Teotongo Sección Loma Alta","state":"Ciudad de México","municipality":"Iztapalapa","city":"Iztapalapa","neighborhood":"San Miguel Teotongo Sección Loma Alta","category":"Colonia","type":"U","postal_code":"09630","population":"1195","dwellings":null,"occupied_dwellings":null,"price_m2":null,"property_price":null,"ids_prom":"296.180","nse":"D","nse_label":"D (37%)","nse_score":"2.962","nse_ab":"13","nse_cplus":"33","nse_c":"61","nse_cminus":"104","nse_dplus":"123","nse_d":"248","nse_e":"79","nse_total":"663","nse_ab_pct":"1.99","nse_cplus_pct":"5.10","nse_c_pct":"9.21","nse_cminus_pct":"15.73","nse_dplus_pct":"18.67","nse_d_pct":"37.37","nse_e_pct":"11.93"}},{"type":"Feature","geometry":{"type":"Polygon","coordinates":[[[-98.991858,19.347141],[-98.991787,19.347717],[-98.991722,19.347859],[-98.991718,19.347868],[-98.991652,19.348214],[-98.991571,19.348624],[-98.991490,19.349016],[-98.991453,19.349171],[-98.991409,19.349432],[-98.991323,19.349908],[-98.991304,19.350072],[-98.991201,19.350876],[-98.991529,19.350912],[-98.991923,19.350948],[-98.992345,19.350997],[-98.992813,19.351093],[-98.993172,19.351239],[-98.993428,19.351334],[-98.993503,19.351275],[-98.993651,19.351148],[-98.994483,19.350389],[-98.994489,19.350236],[-98.994502,19.350079],[-98.995028,19.350052],[-98.995080,19.349405],[-98.995152,19.349104],[-98.995257,19.348789],[-98.995283,19.348608],[-98.995308,19.348334],[-98.995371,19.347831],[-98.994626,19.347693],[-98.994276,19.347626],[-98.994200,19.347610],[-98.993950,19.347561],[-98.993514,19.347473],[-98.993274,19.347425],[-98.993033,19.347375],[-98.992666,19.347306],[-98.992250,19.347221],[-98.992080,19.347187],[-98.991858,19.347141]]]},"properties":{"cvegeo":"0900700010254","match":"Neighborhood","name":"San Miguel Teotongo Sección Mercedes","state":"Ciudad de México","municipality":"Iztapalapa","city":"Iztapalapa","neighborhood":"San Miguel Teotongo Sección Mercedes","category":"Colonia","type":"U","postal_code":"09630","population":"40","dwellings":null,"occupied_dwellings":null,"price_m2":null,"property_price":null,"ids_prom":"322.086","nse":"D","nse_label":"D (33%)","nse_score":"3.221","nse_ab":"32","nse_cplus":"66","nse_c":"100","nse_cminus":"146","nse_dplus":"164","nse_d":"292","nse_e":"93","nse_total":"896","nse_ab_pct":"3.64","nse_cplus_pct":"7.42","nse_c_pct":"11.19","nse_cminus_pct":"16.32","nse_dplus_pct":"18.39","nse_d_pct":"32.65","nse_e_pct":"10.39"}},{"type":"Feature","geometry":{"type":"Polygon","coordinates":[[[-98.991605,19.339139],[-98.991345,19.340359],[-98.991212,19.341100],[-98.991122,19.341797],[-98.991218,19.342001],[-98.991180,19.342223],[-98.991127,19.342579],[-98.991053,19.342940],[-98.990799,19.342886],[-98.990667,19.343606],[-98.990578,19.344064],[-98.990535,19.344245],[-98.990772,19.344256],[-98.991110,19.344445],[-98.991085,19.344515],[-98.991110,19.344611],[-98.991353,19.344721],[-98.992175,19.344797],[-98.992171,19.344894],[-98.992204,19.344938],[-98.992736,19.344962],[-98.993107,19.345082],[-98.993132,19.344952],[-98.993391,19.344827],[-98.993642,19.344814],[-98.993663,19.344464],[-98.993785,19.344121],[-98.993912,19.343662],[-98.993974,19.343167],[-98.993707,19.343068],[-98.993588,19.343015],[-98.993751,19.342458],[-98.993314,19.342306],[-98.993370,19.342082],[-98.993399,19.341932],[-98.993431,19.341742],[-98.993474,19.341573],[-98.993510,19.341364],[-98.993551,19.341216],[-98.993599,19.340988],[-98.993633,19.340888],[-98.993682,19.340651],[-98.992975,19.340602],[-98.992658,19.340580],[-98.992275,19.340554],[-98.992322,19.340316],[-98.992399,19.340018],[-98.992504,19.339281],[-98.992180,19.339233],[-98.992003,19.339207],[-98.991605,19.339139]]]},"properties":{"cvegeo":"0900700010255","match":"Neighborhood","name":"San Miguel Teotongo Sección Palmitas","state":"Ciudad de México","municipality":"Iztapalapa","city":"Iztapalapa","neighborhood":"San Miguel Teotongo Sección Palmitas","category":"Colonia","type":"U","postal_code":"09630","population":"375","dwellings":null,"occupied_dwellings":null,"price_m2":null,"property_price":null,"ids_prom":"304.651","nse":"D","nse_label":"D (36%)","nse_score":"3.047","nse_ab":"27","nse_cplus":"70","nse_c":"101","nse_cminus":"143","nse_dplus":"183","nse_d":"366","nse_e":"127","nse_total":"1020","nse_ab_pct":"2.72","nse_cplus_pct":"6.93","nse_c_pct":"9.90","nse_cminus_pct":"14.08","nse_dplus_pct":"17.96","nse_d_pct":"35.89","nse_e_pct":"12.51"}},{"type":"Feature","geometry":{"type":"Polygon","coordinates":[[[-98.989634,19.349760],[-98.989607,19.349926],[-98.989363,19.350143],[-98.989090,19.350402],[-98.989047,19.350447],[-98.988747,19.350404],[-98.988375,19.350304],[-98.987963,19.350238],[-98.987436,19.350174],[-98.987106,19.350140],[-98.986705,19.350099],[-98.986275,19.350056],[-98.986039,19.350259],[-98.987175,19.351358],[-98.987584,19.351753],[-98.988093,19.352246],[-98.988777,19.352898],[-98.989176,19.353278],[-98.989625,19.353707],[-98.990106,19.354166],[-98.990594,19.354631],[-98.990731,19.354762],[-98.990886,19.354910],[-98.990992,19.355011],[-98.991362,19.355364],[-98.991467,19.355464],[-98.991606,19.355581],[-98.992472,19.356307],[-98.992503,19.356333],[-98.993752,19.357380],[-98.993808,19.357131],[-98.993877,19.356430],[-98.994062,19.355491],[-98.994173,19.354755],[-98.994397,19.354781],[-98.994488,19.354144],[-98.994639,19.353399],[-98.994818,19.352657],[-98.994882,19.352651],[-98.994942,19.352291],[-98.994814,19.352260],[-98.995069,19.351107],[-98.994937,19.350800],[-98.994687,19.350752],[-98.994712,19.350405],[-98.994483,19.350389],[-98.993651,19.351148],[-98.993503,19.351275],[-98.993428,19.351334],[-98.993172,19.351239],[-98.992813,19.351093],[-98.992345,19.350997],[-98.991923,19.350948],[-98.991529,19.350912],[-98.991201,19.350876],[-98.991304,19.350072],[-98.990897,19.349989],[-98.990112,19.349839],[-98.989634,19.349760]]]},"properties":{"cvegeo":"0900700010256","match":"Neighborhood","name":"San Miguel Teotongo Sección Puente","state":"Ciudad de México","municipality":"Iztapalapa","city":"Iztapalapa","neighborhood":"San Miguel Teotongo Sección Puente","category":"Colonia","type":"U","postal_code":"09630","population":"895","dwellings":null,"occupied_dwellings":null,"price_m2":null,"property_price":null,"ids_prom":"333.025","nse":"D","nse_label":"D (31%)","nse_score":"3.330","nse_ab":"85","nse_cplus":"185","nse_c":"248","nse_cminus":"335","nse_dplus":"402","nse_d":"648","nse_e":"194","nse_total":"2099","nse_ab_pct":"4.06","nse_cplus_pct":"8.84","nse_c_pct":"11.82","nse_cminus_pct":"15.99","nse_dplus_pct":"19.16","nse_d_pct":"30.88","nse_e_pct":"9.24"}},{"type":"Feature","geometry":{"type":"Polygon","coordinates":[[[-98.983666,19.345562],[-98.983313,19.345605],[-98.982427,19.345711],[-98.981709,19.345662],[-98.981273,19.345695],[-98.981499,19.345914],[-98.982230,19.346610],[-98.982560,19.346925],[-98.984485,19.348758],[-98.984704,19.348970],[-98.985457,19.349697],[-98.985868,19.350095],[-98.986039,19.350259],[-98.986275,19.350056],[-98.986705,19.350099],[-98.987106,19.350140],[-98.987436,19.350174],[-98.987963,19.350238],[-98.988375,19.350304],[-98.988747,19.350404],[-98.989047,19.350447],[-98.989090,19.350402],[-98.989363,19.350143],[-98.989607,19.349926],[-98.989634,19.349760],[-98.989211,19.349643],[-98.989304,19.349543],[-98.989435,19.349243],[-98.989658,19.348839],[-98.989892,19.348458],[-98.989972,19.348157],[-98.989892,19.347588],[-98.989902,19.347516],[-98.989955,19.347197],[-98.990027,19.346768],[-98.989819,19.346732],[-98.989491,19.346669],[-98.989017,19.346576],[-98.988623,19.346496],[-98.987966,19.346377],[-98.987567,19.346302],[-98.987322,19.346259],[-98.987244,19.346242],[-98.986484,19.346101],[-98.986354,19.346078],[-98.985345,19.345872],[-98.984671,19.345743],[-98.984257,19.345665],[-98.984056,19.345629],[-98.983917,19.345605],[-98.983666,19.345562]]]},"properties":{"cvegeo":"0900700010257","match":"Neighborhood","name":"San Miguel Teotongo Sección Ranchito","state":"Ciudad de México","municipality":"Iztapalapa","city":"Iztapalapa","neighborhood":"San Miguel Teotongo Sección Ranchito","category":"Colonia","type":"U","postal_code":"09630","population":"101","dwellings":null,"occupied_dwellings":null,"price_m2":null,"property_price":null,"ids_prom":"318.471","nse":"D","nse_label":"D (33%)","nse_score":"3.185","nse_ab":"43","nse_cplus":"93","nse_c":"142","nse_cminus":"196","nse_dplus":"225","nse_d":"413","nse_e":"144","nse_total":"1259","nse_ab_pct":"3.46","nse_cplus_pct":"7.43","nse_c_pct":"11.29","nse_cminus_pct":"15.57","nse_dplus_pct":"17.92","nse_d_pct":"32.86","nse_e_pct":"11.47"}},{"type":"Feature","geometry":{"type":"Polygon","coordinates":[[[-98.985179,19.333872],[-98.985112,19.333985],[-98.984995,19.334344],[-98.984897,19.334711],[-98.984813,19.335071],[-98.984744,19.335332],[-98.984754,19.335400],[-98.984808,19.335467],[-98.985343,19.335647],[-98.984915,19.336924],[-98.984939,19.337076],[-98.984839,19.337529],[-98.985156,19.337598],[-98.985134,19.337950],[-98.986243,19.338163],[-98.987653,19.338432],[-98.987663,19.338066],[-98.987718,19.337709],[-98.987581,19.337660],[-98.987169,19.337660],[-98.986874,19.337538],[-98.987049,19.336668],[-98.987244,19.335927],[-98.987155,19.335739],[-98.986888,19.335671],[-98.986830,19.335696],[-98.986858,19.335489],[-98.986710,19.335441],[-98.986667,19.335385],[-98.986671,19.335322],[-98.986728,19.335271],[-98.986762,19.334911],[-98.986644,19.334474],[-98.986567,19.334163],[-98.985179,19.333872]]]},"properties":{"cvegeo":"0900700010258","match":"Neighborhood","name":"San Miguel Teotongo Sección Rancho Bajo","state":"Ciudad de México","municipality":"Iztapalapa","city":"Iztapalapa","neighborhood":"San Miguel Teotongo Sección Rancho Bajo","category":"Colonia","type":"U","postal_code":"09630","population":"1311","dwellings":null,"occupied_dwellings":null,"price_m2":null,"property_price":null,"ids_prom":"294.973","nse":"D","nse_label":"D (37%)","nse_score":"2.950","nse_ab":"6","nse_cplus":"18","nse_c":"30","nse_cminus":"49","nse_dplus":"61","nse_d":"122","nse_e":"42","nse_total":"330","nse_ab_pct":"1.84","nse_cplus_pct":"5.59","nse_c_pct":"9.23","nse_cminus_pct":"15.00","nse_dplus_pct":"18.55","nse_d_pct":"36.98","nse_e_pct":"12.81"}},{"type":"Feature","geometry":{"type":"Polygon","coordinates":[[[-98.990027,19.346768],[-98.989955,19.347197],[-98.989902,19.347516],[-98.989892,19.347588],[-98.989972,19.348157],[-98.989892,19.348458],[-98.989658,19.348839],[-98.989435,19.349243],[-98.989304,19.349543],[-98.989211,19.349643],[-98.989634,19.349760],[-98.990112,19.349839],[-98.990897,19.349989],[-98.991304,19.350072],[-98.991323,19.349908],[-98.991409,19.349432],[-98.991453,19.349171],[-98.991490,19.349016],[-98.991571,19.348624],[-98.991652,19.348214],[-98.991718,19.347868],[-98.991722,19.347859],[-98.991787,19.347717],[-98.991858,19.347141],[-98.991672,19.347096],[-98.991304,19.347019],[-98.991097,19.346979],[-98.990565,19.346864],[-98.990171,19.346792],[-98.990027,19.346768]]]},"properties":{"cvegeo":"0900700010259","match":"Neighborhood","name":"San Miguel Teotongo Sección Torres","state":"Ciudad de México","municipality":"Iztapalapa","city":"Iztapalapa","neighborhood":"San Miguel Teotongo Sección Torres","category":"Colonia","type":"U","postal_code":"09630","population":"86","dwellings":null,"occupied_dwellings":null,"price_m2":null,"property_price":null,"ids_prom":"318.934","nse":"D","nse_label":"D (34%)","nse_score":"3.189","nse_ab":"11","nse_cplus":"25","nse_c":"42","nse_cminus":"56","nse_dplus":"72","nse_d":"123","nse_e":"36","nse_total":"368","nse_ab_pct":"3.16","nse_cplus_pct":"6.96","nse_c_pct":"11.64","nse_cminus_pct":"15.23","nse_dplus_pct":"19.70","nse_d_pct":"33.51","nse_e_pct":"9.79"}},{"type":"Feature","geometry":{"type":"Polygon","coordinates":[[[-99.069834,19.291395],[-99.068874,19.291579],[-99.067201,19.291899],[-99.066976,19.291942],[-99.065240,19.292317],[-99.065270,19.292340],[-99.066849,19.293591],[-99.067006,19.293719],[-99.067702,19.294280],[-99.067774,19.294337],[-99.068623,19.295023],[-99.068924,19.294913],[-99.069037,19.294885],[-99.069407,19.294792],[-99.069878,19.294674],[-99.070403,19.294543],[-99.070542,19.294508],[-99.070176,19.292900],[-99.069834,19.291395]]]},"properties":{"cvegeo":"0900700010260","match":"Neighborhood","name":"Uscovi","state":"Ciudad de México","municipality":"Iztapalapa","city":"Iztapalapa","neighborhood":"Uscovi","category":"Colonia","type":"U","postal_code":"09960","population":"962","dwellings":null,"occupied_dwellings":null,"price_m2":null,"property_price":null,"ids_prom":"414.981","nse":"C-","nse_label":"C- (20%)","nse_score":"4.150","nse_ab":"58","nse_cplus":"92","nse_c":"115","nse_cminus":"128","nse_dplus":"100","nse_d":"119","nse_e":"14","nse_total":"629","nse_ab_pct":"9.37","nse_cplus_pct":"14.65","nse_c_pct":"18.38","nse_cminus_pct":"20.34","nse_dplus_pct":"16.03","nse_d_pct":"18.95","nse_e_pct":"2.29"}}]}