{"type":"FeatureCollection","crs":{"type":"name","properties":{"name":"EPSG:4326"}},"features":[{"type":"Feature","geometry":{"type":"MultiPolygon","coordinates":[[[[-87.0716,20.6945],[-87.0710,20.6953],[-87.0724,20.6962],[-87.0727,20.6964],[-87.0739,20.6972],[-87.0746,20.6963],[-87.0732,20.6954],[-87.0716,20.6945]]],[[[-87.1036,20.6736],[-87.1036,20.6736],[-87.1031,20.6743],[-87.1030,20.6744],[-87.1024,20.6752],[-87.1025,20.6753],[-87.1028,20.6755],[-87.1031,20.6758],[-87.1034,20.6760],[-87.1038,20.6763],[-87.1043,20.6767],[-87.1047,20.6762],[-87.1049,20.6759],[-87.1052,20.6757],[-87.1054,20.6758],[-87.1057,20.6760],[-87.1059,20.6762],[-87.1064,20.6755],[-87.1057,20.6749],[-87.1054,20.6747],[-87.1046,20.6742],[-87.1036,20.6736],[-87.1036,20.6736]]],[[[-87.0995,20.6621],[-87.0955,20.6666],[-87.0972,20.6678],[-87.1010,20.6632],[-87.0995,20.6621]]],[[[-87.1173,20.6085],[-87.1173,20.6085],[-87.1170,20.6088],[-87.1157,20.6102],[-87.1156,20.6103],[-87.1146,20.6096],[-87.1143,20.6095],[-87.1140,20.6091],[-87.1139,20.6090],[-87.1138,20.6090],[-87.1138,20.6090],[-87.1136,20.6092],[-87.1098,20.6120],[-87.1111,20.6128],[-87.1141,20.6145],[-87.1144,20.6147],[-87.1155,20.6154],[-87.1165,20.6160],[-87.1166,20.6161],[-87.1167,20.6162],[-87.1190,20.6175],[-87.1190,20.6175],[-87.1190,20.6175],[-87.1199,20.6166],[-87.1208,20.6156],[-87.1214,20.6150],[-87.1204,20.6144],[-87.1210,20.6135],[-87.1197,20.6127],[-87.1188,20.6122],[-87.1171,20.6112],[-87.1164,20.6108],[-87.1165,20.6107],[-87.1167,20.6105],[-87.1178,20.6094],[-87.1180,20.6092],[-87.1173,20.6085],[-87.1173,20.6085]]],[[[-87.0934,20.6002],[-87.0903,20.6029],[-87.0899,20.6033],[-87.0898,20.6032],[-87.0897,20.6033],[-87.0887,20.6043],[-87.0880,20.6050],[-87.0866,20.6065],[-87.0854,20.6079],[-87.0848,20.6086],[-87.0845,20.6091],[-87.0841,20.6095],[-87.0837,20.6100],[-87.0835,20.6102],[-87.0829,20.6109],[-87.0824,20.6114],[-87.0820,20.6117],[-87.0817,20.6119],[-87.0815,20.6121],[-87.0814,20.6122],[-87.0813,20.6123],[-87.0799,20.6135],[-87.0797,20.6137],[-87.0793,20.6141],[-87.0791,20.6142],[-87.0789,20.6146],[-87.0788,20.6148],[-87.0783,20.6158],[-87.0778,20.6167],[-87.0773,20.6175],[-87.0769,20.6183],[-87.0763,20.6193],[-87.0763,20.6194],[-87.0757,20.6201],[-87.0752,20.6208],[-87.0751,20.6207],[-87.0743,20.6201],[-87.0742,20.6202],[-87.0728,20.6191],[-87.0727,20.6192],[-87.0741,20.6203],[-87.0740,20.6204],[-87.0746,20.6208],[-87.0745,20.6210],[-87.0747,20.6212],[-87.0747,20.6212],[-87.0744,20.6217],[-87.0742,20.6219],[-87.0740,20.6221],[-87.0736,20.6227],[-87.0732,20.6231],[-87.0728,20.6236],[-87.0724,20.6243],[-87.0723,20.6243],[-87.0723,20.6245],[-87.0718,20.6250],[-87.0714,20.6254],[-87.0703,20.6263],[-87.0698,20.6267],[-87.0696,20.6269],[-87.0694,20.6272],[-87.0693,20.6274],[-87.0693,20.6274],[-87.0687,20.6279],[-87.0686,20.6279],[-87.0686,20.6279],[-87.0675,20.6275],[-87.0673,20.6276],[-87.0671,20.6275],[-87.0671,20.6274],[-87.0667,20.6278],[-87.0660,20.6273],[-87.0648,20.6266],[-87.0648,20.6266],[-87.0650,20.6268],[-87.0658,20.6273],[-87.0666,20.6279],[-87.0666,20.6279],[-87.0666,20.6282],[-87.0661,20.6291],[-87.0659,20.6296],[-87.0657,20.6300],[-87.0650,20.6308],[-87.0644,20.6316],[-87.0637,20.6325],[-87.0634,20.6327],[-87.0634,20.6327],[-87.0627,20.6334],[-87.0623,20.6338],[-87.0618,20.6342],[-87.0618,20.6342],[-87.0618,20.6342],[-87.0617,20.6344],[-87.0617,20.6344],[-87.0615,20.6346],[-87.0614,20.6347],[-87.0612,20.6348],[-87.0610,20.6350],[-87.0600,20.6356],[-87.0596,20.6358],[-87.0596,20.6359],[-87.0592,20.6358],[-87.0591,20.6359],[-87.0589,20.6366],[-87.0589,20.6366],[-87.0588,20.6375],[-87.0585,20.6384],[-87.0579,20.6398],[-87.0572,20.6411],[-87.0572,20.6412],[-87.0571,20.6414],[-87.0571,20.6415],[-87.0570,20.6418],[-87.0569,20.6420],[-87.0565,20.6426],[-87.0564,20.6428],[-87.0563,20.6430],[-87.0557,20.6439],[-87.0555,20.6443],[-87.0555,20.6443],[-87.0555,20.6444],[-87.0555,20.6444],[-87.0554,20.6446],[-87.0553,20.6448],[-87.0551,20.6450],[-87.0549,20.6451],[-87.0549,20.6451],[-87.0549,20.6451],[-87.0548,20.6452],[-87.0543,20.6458],[-87.0543,20.6458],[-87.0535,20.6468],[-87.0527,20.6473],[-87.0523,20.6476],[-87.0520,20.6477],[-87.0517,20.6479],[-87.0514,20.6480],[-87.0511,20.6481],[-87.0510,20.6481],[-87.0507,20.6481],[-87.0502,20.6478],[-87.0499,20.6475],[-87.0499,20.6475],[-87.0499,20.6474],[-87.0498,20.6474],[-87.0497,20.6474],[-87.0497,20.6474],[-87.0494,20.6473],[-87.0491,20.6474],[-87.0489,20.6474],[-87.0486,20.6474],[-87.0483,20.6474],[-87.0481,20.6475],[-87.0479,20.6475],[-87.0474,20.6477],[-87.0473,20.6478],[-87.0471,20.6480],[-87.0470,20.6481],[-87.0469,20.6481],[-87.0468,20.6484],[-87.0466,20.6492],[-87.0464,20.6499],[-87.0462,20.6505],[-87.0461,20.6508],[-87.0460,20.6510],[-87.0458,20.6514],[-87.0454,20.6519],[-87.0451,20.6522],[-87.0449,20.6524],[-87.0447,20.6526],[-87.0445,20.6527],[-87.0443,20.6529],[-87.0441,20.6529],[-87.0440,20.6529],[-87.0439,20.6530],[-87.0437,20.6530],[-87.0436,20.6530],[-87.0436,20.6530],[-87.0432,20.6532],[-87.0423,20.6539],[-87.0420,20.6542],[-87.0418,20.6544],[-87.0416,20.6544],[-87.0414,20.6546],[-87.0411,20.6548],[-87.0411,20.6548],[-87.0410,20.6548],[-87.0409,20.6552],[-87.0408,20.6553],[-87.0406,20.6559],[-87.0404,20.6563],[-87.0401,20.6568],[-87.0401,20.6568],[-87.0399,20.6571],[-87.0398,20.6572],[-87.0396,20.6573],[-87.0391,20.6577],[-87.0390,20.6578],[-87.0390,20.6578],[-87.0388,20.6580],[-87.0384,20.6583],[-87.0383,20.6584],[-87.0381,20.6586],[-87.0377,20.6589],[-87.0376,20.6589],[-87.0373,20.6591],[-87.0373,20.6592],[-87.0372,20.6592],[-87.0370,20.6595],[-87.0369,20.6595],[-87.0366,20.6598],[-87.0363,20.6600],[-87.0362,20.6600],[-87.0359,20.6601],[-87.0357,20.6602],[-87.0355,20.6602],[-87.0353,20.6603],[-87.0352,20.6604],[-87.0350,20.6605],[-87.0348,20.6606],[-87.0347,20.6606],[-87.0344,20.6605],[-87.0342,20.6605],[-87.0340,20.6605],[-87.0338,20.6605],[-87.0336,20.6606],[-87.0335,20.6606],[-87.0333,20.6608],[-87.0332,20.6609],[-87.0330,20.6610],[-87.0330,20.6612],[-87.0325,20.6619],[-87.0322,20.6623],[-87.0321,20.6623],[-87.0318,20.6621],[-87.0319,20.6620],[-87.0318,20.6620],[-87.0317,20.6621],[-87.0318,20.6622],[-87.0318,20.6621],[-87.0321,20.6624],[-87.0321,20.6624],[-87.0320,20.6625],[-87.0318,20.6627],[-87.0316,20.6629],[-87.0315,20.6630],[-87.0315,20.6631],[-87.0314,20.6632],[-87.0312,20.6635],[-87.0309,20.6637],[-87.0308,20.6638],[-87.0308,20.6639],[-87.0306,20.6641],[-87.0306,20.6643],[-87.0305,20.6644],[-87.0305,20.6645],[-87.0305,20.6646],[-87.0299,20.6653],[-87.0295,20.6658],[-87.0294,20.6659],[-87.0291,20.6665],[-87.0288,20.6670],[-87.0286,20.6673],[-87.0283,20.6677],[-87.0275,20.6688],[-87.0269,20.6694],[-87.0269,20.6695],[-87.0268,20.6697],[-87.0268,20.6697],[-87.0265,20.6699],[-87.0262,20.6703],[-87.0257,20.6708],[-87.0254,20.6710],[-87.0251,20.6712],[-87.0246,20.6717],[-87.0246,20.6717],[-87.0245,20.6718],[-87.0241,20.6720],[-87.0241,20.6720],[-87.0240,20.6721],[-87.0239,20.6724],[-87.0237,20.6726],[-87.0229,20.6733],[-87.0226,20.6737],[-87.0222,20.6739],[-87.0218,20.6743],[-87.0217,20.6748],[-87.0216,20.6750],[-87.0217,20.6750],[-87.0217,20.6751],[-87.0218,20.6753],[-87.0221,20.6755],[-87.0222,20.6756],[-87.0224,20.6757],[-87.0234,20.6758],[-87.0234,20.6758],[-87.0306,20.6812],[-87.0306,20.6814],[-87.0310,20.6818],[-87.0315,20.6821],[-87.0329,20.6831],[-87.0361,20.6854],[-87.0380,20.6869],[-87.0384,20.6863],[-87.0397,20.6871],[-87.0399,20.6869],[-87.0408,20.6874],[-87.0412,20.6879],[-87.0419,20.6886],[-87.0423,20.6891],[-87.0426,20.6900],[-87.0430,20.6906],[-87.0432,20.6908],[-87.0436,20.6907],[-87.0440,20.6905],[-87.0447,20.6902],[-87.0452,20.6899],[-87.0456,20.6894],[-87.0460,20.6887],[-87.0461,20.6887],[-87.0464,20.6881],[-87.0461,20.6879],[-87.0461,20.6878],[-87.0461,20.6878],[-87.0466,20.6871],[-87.0473,20.6875],[-87.0479,20.6868],[-87.0479,20.6864],[-87.0478,20.6862],[-87.0480,20.6858],[-87.0496,20.6869],[-87.0503,20.6873],[-87.0507,20.6875],[-87.0507,20.6875],[-87.0511,20.6877],[-87.0511,20.6877],[-87.0501,20.6890],[-87.0489,20.6907],[-87.0482,20.6915],[-87.0473,20.6923],[-87.0468,20.6920],[-87.0462,20.6918],[-87.0458,20.6915],[-87.0457,20.6914],[-87.0455,20.6910],[-87.0454,20.6913],[-87.0452,20.6914],[-87.0449,20.6915],[-87.0444,20.6917],[-87.0439,20.6922],[-87.0436,20.6925],[-87.0438,20.6930],[-87.0441,20.6935],[-87.0442,20.6935],[-87.0458,20.6926],[-87.0464,20.6923],[-87.0465,20.6922],[-87.0470,20.6924],[-87.0472,20.6926],[-87.0474,20.6924],[-87.0485,20.6915],[-87.0491,20.6909],[-87.0498,20.6914],[-87.0501,20.6916],[-87.0503,20.6918],[-87.0507,20.6920],[-87.0509,20.6922],[-87.0521,20.6931],[-87.0529,20.6938],[-87.0536,20.6943],[-87.0548,20.6952],[-87.0549,20.6951],[-87.0551,20.6950],[-87.0552,20.6949],[-87.0554,20.6947],[-87.0557,20.6943],[-87.0570,20.6928],[-87.0572,20.6926],[-87.0573,20.6925],[-87.0573,20.6924],[-87.0574,20.6923],[-87.0574,20.6919],[-87.0579,20.6922],[-87.0585,20.6926],[-87.0578,20.6928],[-87.0563,20.6946],[-87.0519,20.7002],[-87.0519,20.7002],[-87.0603,20.7061],[-87.0630,20.7021],[-87.0639,20.7008],[-87.0663,20.6974],[-87.0730,20.7012],[-87.0724,20.7022],[-87.0723,20.7024],[-87.0721,20.7027],[-87.0715,20.7038],[-87.0713,20.7040],[-87.0712,20.7043],[-87.0705,20.7053],[-87.0704,20.7056],[-87.0703,20.7058],[-87.0697,20.7068],[-87.0693,20.7066],[-87.0691,20.7067],[-87.0689,20.7070],[-87.0686,20.7074],[-87.0687,20.7080],[-87.0689,20.7086],[-87.0698,20.7090],[-87.0698,20.7090],[-87.0705,20.7084],[-87.0706,20.7083],[-87.0709,20.7081],[-87.0712,20.7083],[-87.0721,20.7088],[-87.0732,20.7095],[-87.0734,20.7096],[-87.0734,20.7097],[-87.0726,20.7109],[-87.0760,20.7130],[-87.0773,20.7109],[-87.0769,20.7107],[-87.0777,20.7093],[-87.0777,20.7092],[-87.0786,20.7077],[-87.0791,20.7079],[-87.0797,20.7068],[-87.0807,20.7053],[-87.0803,20.7051],[-87.0798,20.7048],[-87.0790,20.7044],[-87.0786,20.7042],[-87.0782,20.7040],[-87.0777,20.7037],[-87.0773,20.7035],[-87.0770,20.7033],[-87.0766,20.7031],[-87.0766,20.7031],[-87.0762,20.7028],[-87.0759,20.7027],[-87.0757,20.7026],[-87.0756,20.7025],[-87.0753,20.7024],[-87.0749,20.7022],[-87.0746,20.7020],[-87.0742,20.7018],[-87.0739,20.7016],[-87.0734,20.7013],[-87.0730,20.7011],[-87.0663,20.6974],[-87.0623,20.6949],[-87.0627,20.6944],[-87.0623,20.6941],[-87.0626,20.6937],[-87.0628,20.6931],[-87.0610,20.6920],[-87.0617,20.6918],[-87.0622,20.6916],[-87.0625,20.6915],[-87.0627,20.6915],[-87.0629,20.6915],[-87.0632,20.6917],[-87.0635,20.6914],[-87.0632,20.6912],[-87.0629,20.6911],[-87.0627,20.6911],[-87.0623,20.6912],[-87.0617,20.6914],[-87.0611,20.6916],[-87.0607,20.6917],[-87.0605,20.6917],[-87.0602,20.6917],[-87.0600,20.6916],[-87.0598,20.6914],[-87.0597,20.6913],[-87.0596,20.6911],[-87.0595,20.6909],[-87.0595,20.6907],[-87.0596,20.6906],[-87.0597,20.6904],[-87.0595,20.6903],[-87.0592,20.6899],[-87.0599,20.6891],[-87.0601,20.6889],[-87.0604,20.6885],[-87.0604,20.6885],[-87.0607,20.6882],[-87.0634,20.6851],[-87.0638,20.6846],[-87.0651,20.6855],[-87.0648,20.6870],[-87.0656,20.6875],[-87.0681,20.6849],[-87.0681,20.6849],[-87.0682,20.6847],[-87.0682,20.6847],[-87.0682,20.6847],[-87.0710,20.6864],[-87.0712,20.6866],[-87.0714,20.6870],[-87.0715,20.6870],[-87.0716,20.6871],[-87.0717,20.6871],[-87.0723,20.6875],[-87.0730,20.6879],[-87.0733,20.6881],[-87.0737,20.6884],[-87.0741,20.6886],[-87.0743,20.6888],[-87.0747,20.6890],[-87.0751,20.6892],[-87.0754,20.6894],[-87.0757,20.6896],[-87.0757,20.6896],[-87.0758,20.6896],[-87.0759,20.6896],[-87.0759,20.6897],[-87.0760,20.6897],[-87.0760,20.6896],[-87.0761,20.6896],[-87.0767,20.6899],[-87.0772,20.6891],[-87.0773,20.6890],[-87.0784,20.6897],[-87.0785,20.6898],[-87.0798,20.6906],[-87.0810,20.6913],[-87.0819,20.6899],[-87.0814,20.6896],[-87.0811,20.6894],[-87.0808,20.6893],[-87.0803,20.6891],[-87.0799,20.6890],[-87.0796,20.6889],[-87.0793,20.6887],[-87.0788,20.6885],[-87.0784,20.6884],[-87.0781,20.6884],[-87.0778,20.6883],[-87.0776,20.6882],[-87.0774,20.6881],[-87.0772,20.6878],[-87.0770,20.6881],[-87.0766,20.6886],[-87.0758,20.6881],[-87.0758,20.6881],[-87.0762,20.6874],[-87.0759,20.6873],[-87.0760,20.6871],[-87.0761,20.6870],[-87.0763,20.6868],[-87.0764,20.6867],[-87.0764,20.6866],[-87.0764,20.6866],[-87.0763,20.6865],[-87.0763,20.6865],[-87.0762,20.6865],[-87.0760,20.6864],[-87.0758,20.6863],[-87.0756,20.6863],[-87.0755,20.6862],[-87.0754,20.6862],[-87.0752,20.6862],[-87.0751,20.6862],[-87.0750,20.6862],[-87.0747,20.6862],[-87.0744,20.6862],[-87.0741,20.6862],[-87.0738,20.6862],[-87.0739,20.6862],[-87.0739,20.6861],[-87.0739,20.6860],[-87.0740,20.6860],[-87.0740,20.6859],[-87.0739,20.6858],[-87.0739,20.6857],[-87.0739,20.6857],[-87.0739,20.6856],[-87.0738,20.6856],[-87.0738,20.6855],[-87.0737,20.6854],[-87.0737,20.6854],[-87.0736,20.6853],[-87.0735,20.6852],[-87.0734,20.6852],[-87.0733,20.6852],[-87.0732,20.6851],[-87.0730,20.6850],[-87.0727,20.6849],[-87.0723,20.6847],[-87.0723,20.6847],[-87.0738,20.6829],[-87.0738,20.6829],[-87.0760,20.6802],[-87.0767,20.6793],[-87.0770,20.6793],[-87.0817,20.6822],[-87.0846,20.6786],[-87.0840,20.6784],[-87.0838,20.6782],[-87.0837,20.6780],[-87.0833,20.6778],[-87.0829,20.6776],[-87.0826,20.6775],[-87.0821,20.6773],[-87.0817,20.6772],[-87.0815,20.6770],[-87.0810,20.6767],[-87.0806,20.6764],[-87.0797,20.6757],[-87.0797,20.6757],[-87.0797,20.6757],[-87.0797,20.6757],[-87.0795,20.6759],[-87.0785,20.6771],[-87.0784,20.6773],[-87.0769,20.6791],[-87.0766,20.6791],[-87.0763,20.6788],[-87.0771,20.6777],[-87.0781,20.6766],[-87.0783,20.6763],[-87.0790,20.6754],[-87.0788,20.6753],[-87.0783,20.6751],[-87.0779,20.6748],[-87.0775,20.6745],[-87.0772,20.6743],[-87.0770,20.6741],[-87.0768,20.6740],[-87.0765,20.6738],[-87.0763,20.6738],[-87.0762,20.6737],[-87.0762,20.6737],[-87.0757,20.6737],[-87.0757,20.6737],[-87.0757,20.6737],[-87.0755,20.6737],[-87.0755,20.6737],[-87.0755,20.6737],[-87.0755,20.6737],[-87.0755,20.6737],[-87.0755,20.6737],[-87.0751,20.6736],[-87.0751,20.6736],[-87.0751,20.6736],[-87.0749,20.6736],[-87.0749,20.6736],[-87.0749,20.6736],[-87.0749,20.6736],[-87.0747,20.6736],[-87.0745,20.6735],[-87.0743,20.6734],[-87.0742,20.6733],[-87.0742,20.6733],[-87.0742,20.6733],[-87.0719,20.6761],[-87.0719,20.6761],[-87.0719,20.6761],[-87.0717,20.6760],[-87.0716,20.6760],[-87.0718,20.6757],[-87.0708,20.6746],[-87.0708,20.6746],[-87.0718,20.6733],[-87.0727,20.6720],[-87.0727,20.6720],[-87.0727,20.6720],[-87.0730,20.6722],[-87.0732,20.6724],[-87.0734,20.6725],[-87.0738,20.6727],[-87.0741,20.6729],[-87.0741,20.6729],[-87.0741,20.6729],[-87.0751,20.6716],[-87.0751,20.6716],[-87.0751,20.6716],[-87.0750,20.6719],[-87.0763,20.6729],[-87.0767,20.6732],[-87.0776,20.6739],[-87.0776,20.6739],[-87.0776,20.6739],[-87.0778,20.6736],[-87.0778,20.6736],[-87.0778,20.6736],[-87.0781,20.6738],[-87.0796,20.6748],[-87.0796,20.6748],[-87.0796,20.6748],[-87.0816,20.6723],[-87.0798,20.6712],[-87.0804,20.6703],[-87.0804,20.6703],[-87.0804,20.6703],[-87.0830,20.6719],[-87.0854,20.6733],[-87.0865,20.6740],[-87.0876,20.6747],[-87.0878,20.6748],[-87.0878,20.6748],[-87.0878,20.6748],[-87.0882,20.6742],[-87.0885,20.6738],[-87.0887,20.6736],[-87.0891,20.6731],[-87.0899,20.6722],[-87.0901,20.6718],[-87.0905,20.6713],[-87.0905,20.6713],[-87.0908,20.6710],[-87.0913,20.6703],[-87.0913,20.6703],[-87.0913,20.6703],[-87.0920,20.6708],[-87.0924,20.6711],[-87.0938,20.6721],[-87.0951,20.6730],[-87.0959,20.6736],[-87.0959,20.6736],[-87.0959,20.6736],[-87.0961,20.6734],[-87.0963,20.6732],[-87.0964,20.6730],[-87.0965,20.6729],[-87.0966,20.6728],[-87.0967,20.6727],[-87.0968,20.6725],[-87.0969,20.6724],[-87.0972,20.6721],[-87.0973,20.6719],[-87.0976,20.6716],[-87.0977,20.6714],[-87.0979,20.6712],[-87.0981,20.6709],[-87.0985,20.6705],[-87.0984,20.6705],[-87.0982,20.6703],[-87.0979,20.6702],[-87.0976,20.6700],[-87.0974,20.6698],[-87.0970,20.6696],[-87.0967,20.6694],[-87.0965,20.6692],[-87.0962,20.6691],[-87.0959,20.6689],[-87.0956,20.6687],[-87.0953,20.6685],[-87.0949,20.6683],[-87.0944,20.6680],[-87.0940,20.6678],[-87.0935,20.6675],[-87.0935,20.6675],[-87.0933,20.6673],[-87.0931,20.6672],[-87.0931,20.6672],[-87.0937,20.6665],[-87.0937,20.6665],[-87.0937,20.6665],[-87.0937,20.6665],[-87.0940,20.6667],[-87.0940,20.6667],[-87.0940,20.6667],[-87.0945,20.6662],[-87.0922,20.6647],[-87.0912,20.6641],[-87.0911,20.6640],[-87.0903,20.6635],[-87.0903,20.6635],[-87.0903,20.6635],[-87.0899,20.6640],[-87.0896,20.6644],[-87.0892,20.6648],[-87.0891,20.6648],[-87.0891,20.6648],[-87.0891,20.6648],[-87.0891,20.6648],[-87.0891,20.6648],[-87.0886,20.6645],[-87.0886,20.6645],[-87.0885,20.6644],[-87.0885,20.6644],[-87.0885,20.6644],[-87.0878,20.6654],[-87.0865,20.6671],[-87.0865,20.6671],[-87.0865,20.6671],[-87.0858,20.6667],[-87.0856,20.6665],[-87.0852,20.6663],[-87.0849,20.6660],[-87.0847,20.6659],[-87.0844,20.6657],[-87.0844,20.6657],[-87.0842,20.6655],[-87.0842,20.6655],[-87.0836,20.6651],[-87.0838,20.6649],[-87.0851,20.6633],[-87.0846,20.6629],[-87.0850,20.6624],[-87.0851,20.6623],[-87.0847,20.6621],[-87.0845,20.6619],[-87.0842,20.6617],[-87.0842,20.6617],[-87.0842,20.6617],[-87.0838,20.6615],[-87.0833,20.6621],[-87.0833,20.6621],[-87.0833,20.6621],[-87.0831,20.6624],[-87.0829,20.6626],[-87.0826,20.6629],[-87.0824,20.6632],[-87.0821,20.6635],[-87.0819,20.6637],[-87.0819,20.6637],[-87.0819,20.6637],[-87.0819,20.6637],[-87.0818,20.6636],[-87.0818,20.6636],[-87.0818,20.6635],[-87.0794,20.6619],[-87.0794,20.6619],[-87.0774,20.6605],[-87.0774,20.6605],[-87.0774,20.6605],[-87.0778,20.6601],[-87.0790,20.6591],[-87.0790,20.6591],[-87.0801,20.6581],[-87.0820,20.6563],[-87.0820,20.6563],[-87.0820,20.6563],[-87.0824,20.6566],[-87.0828,20.6569],[-87.0831,20.6572],[-87.0835,20.6575],[-87.0839,20.6579],[-87.0843,20.6582],[-87.0846,20.6585],[-87.0849,20.6587],[-87.0852,20.6589],[-87.0853,20.6590],[-87.0855,20.6592],[-87.0855,20.6593],[-87.0859,20.6597],[-87.0863,20.6600],[-87.0868,20.6604],[-87.0868,20.6604],[-87.0876,20.6612],[-87.0900,20.6627],[-87.0907,20.6632],[-87.0907,20.6632],[-87.0907,20.6632],[-87.0907,20.6632],[-87.0924,20.6612],[-87.0924,20.6612],[-87.0924,20.6612],[-87.0935,20.6619],[-87.0939,20.6622],[-87.0944,20.6625],[-87.0949,20.6627],[-87.0955,20.6631],[-87.0958,20.6633],[-87.0961,20.6635],[-87.0964,20.6637],[-87.0966,20.6638],[-87.0966,20.6638],[-87.0966,20.6638],[-87.0972,20.6630],[-87.0977,20.6623],[-87.0976,20.6622],[-87.0976,20.6622],[-87.0973,20.6620],[-87.0970,20.6618],[-87.0976,20.6611],[-87.0973,20.6609],[-87.0967,20.6604],[-87.0967,20.6604],[-87.0968,20.6603],[-87.0975,20.6596],[-87.0967,20.6592],[-87.0967,20.6592],[-87.0971,20.6587],[-87.0968,20.6585],[-87.0965,20.6583],[-87.0962,20.6581],[-87.0959,20.6579],[-87.0954,20.6576],[-87.0970,20.6559],[-87.0977,20.6564],[-87.0985,20.6569],[-87.1001,20.6550],[-87.1009,20.6554],[-87.1021,20.6561],[-87.1024,20.6564],[-87.1023,20.6566],[-87.1021,20.6569],[-87.1020,20.6569],[-87.1018,20.6572],[-87.1017,20.6574],[-87.1015,20.6576],[-87.1014,20.6578],[-87.1012,20.6580],[-87.1008,20.6586],[-87.1010,20.6588],[-87.1017,20.6592],[-87.1020,20.6594],[-87.1008,20.6607],[-87.1008,20.6608],[-87.1042,20.6630],[-87.1031,20.6645],[-87.1029,20.6648],[-87.1011,20.6668],[-87.1016,20.6671],[-87.1040,20.6685],[-87.1064,20.6699],[-87.1071,20.6703],[-87.1084,20.6710],[-87.1099,20.6720],[-87.1103,20.6722],[-87.1108,20.6725],[-87.1113,20.6728],[-87.1118,20.6731],[-87.1125,20.6735],[-87.1129,20.6737],[-87.1135,20.6741],[-87.1139,20.6743],[-87.1136,20.6746],[-87.1126,20.6759],[-87.1115,20.6772],[-87.1113,20.6774],[-87.1090,20.6759],[-87.1083,20.6766],[-87.1058,20.6799],[-87.1082,20.6813],[-87.1107,20.6827],[-87.1104,20.6831],[-87.1126,20.6844],[-87.1129,20.6840],[-87.1135,20.6832],[-87.1141,20.6824],[-87.1145,20.6819],[-87.1148,20.6816],[-87.1148,20.6816],[-87.1144,20.6813],[-87.1138,20.6809],[-87.1141,20.6804],[-87.1142,20.6803],[-87.1142,20.6803],[-87.1142,20.6802],[-87.1142,20.6801],[-87.1132,20.6795],[-87.1123,20.6789],[-87.1122,20.6789],[-87.1122,20.6788],[-87.1124,20.6786],[-87.1126,20.6785],[-87.1127,20.6785],[-87.1129,20.6785],[-87.1132,20.6787],[-87.1134,20.6788],[-87.1137,20.6790],[-87.1137,20.6790],[-87.1137,20.6790],[-87.1138,20.6788],[-87.1141,20.6785],[-87.1144,20.6781],[-87.1147,20.6778],[-87.1149,20.6775],[-87.1152,20.6771],[-87.1155,20.6768],[-87.1158,20.6765],[-87.1160,20.6761],[-87.1163,20.6757],[-87.1170,20.6761],[-87.1174,20.6763],[-87.1185,20.6770],[-87.1187,20.6771],[-87.1191,20.6774],[-87.1207,20.6784],[-87.1220,20.6792],[-87.1224,20.6794],[-87.1227,20.6796],[-87.1240,20.6805],[-87.1250,20.6811],[-87.1252,20.6813],[-87.1252,20.6813],[-87.1252,20.6813],[-87.1253,20.6812],[-87.1253,20.6812],[-87.1253,20.6812],[-87.1279,20.6830],[-87.1291,20.6837],[-87.1305,20.6846],[-87.1317,20.6854],[-87.1333,20.6834],[-87.1347,20.6817],[-87.1332,20.6808],[-87.1318,20.6799],[-87.1315,20.6796],[-87.1315,20.6796],[-87.1340,20.6766],[-87.1340,20.6766],[-87.1375,20.6722],[-87.1375,20.6722],[-87.1384,20.6710],[-87.1350,20.6689],[-87.1350,20.6689],[-87.1350,20.6689],[-87.1341,20.6702],[-87.1341,20.6702],[-87.1341,20.6702],[-87.1322,20.6690],[-87.1305,20.6679],[-87.1288,20.6669],[-87.1288,20.6669],[-87.1288,20.6669],[-87.1287,20.6671],[-87.1282,20.6678],[-87.1276,20.6685],[-87.1276,20.6685],[-87.1276,20.6685],[-87.1273,20.6683],[-87.1270,20.6681],[-87.1267,20.6679],[-87.1267,20.6679],[-87.1267,20.6679],[-87.1258,20.6690],[-87.1258,20.6690],[-87.1256,20.6693],[-87.1254,20.6696],[-87.1252,20.6697],[-87.1250,20.6700],[-87.1248,20.6703],[-87.1245,20.6706],[-87.1230,20.6725],[-87.1227,20.6729],[-87.1220,20.6737],[-87.1220,20.6737],[-87.1220,20.6737],[-87.1215,20.6734],[-87.1215,20.6734],[-87.1215,20.6734],[-87.1225,20.6723],[-87.1228,20.6719],[-87.1230,20.6716],[-87.1232,20.6713],[-87.1234,20.6711],[-87.1235,20.6710],[-87.1237,20.6707],[-87.1244,20.6698],[-87.1253,20.6687],[-87.1256,20.6683],[-87.1263,20.6674],[-87.1265,20.6671],[-87.1272,20.6662],[-87.1274,20.6660],[-87.1259,20.6651],[-87.1253,20.6648],[-87.1251,20.6647],[-87.1251,20.6647],[-87.1227,20.6632],[-87.1227,20.6632],[-87.1225,20.6630],[-87.1206,20.6619],[-87.1201,20.6616],[-87.1201,20.6616],[-87.1201,20.6616],[-87.1191,20.6629],[-87.1180,20.6643],[-87.1173,20.6652],[-87.1172,20.6654],[-87.1167,20.6661],[-87.1163,20.6666],[-87.1161,20.6669],[-87.1156,20.6676],[-87.1154,20.6679],[-87.1143,20.6691],[-87.1143,20.6691],[-87.1143,20.6691],[-87.1142,20.6691],[-87.1149,20.6680],[-87.1150,20.6678],[-87.1161,20.6665],[-87.1145,20.6655],[-87.1131,20.6647],[-87.1124,20.6643],[-87.1121,20.6640],[-87.1121,20.6640],[-87.1122,20.6639],[-87.1122,20.6639],[-87.1122,20.6639],[-87.1119,20.6633],[-87.1117,20.6631],[-87.1108,20.6626],[-87.1114,20.6619],[-87.1114,20.6619],[-87.1114,20.6619],[-87.1130,20.6629],[-87.1132,20.6634],[-87.1132,20.6634],[-87.1132,20.6634],[-87.1137,20.6632],[-87.1142,20.6626],[-87.1148,20.6618],[-87.1142,20.6615],[-87.1137,20.6611],[-87.1133,20.6609],[-87.1138,20.6601],[-87.1140,20.6603],[-87.1148,20.6607],[-87.1153,20.6610],[-87.1165,20.6596],[-87.1158,20.6592],[-87.1155,20.6590],[-87.1160,20.6583],[-87.1162,20.6580],[-87.1165,20.6577],[-87.1165,20.6576],[-87.1165,20.6576],[-87.1165,20.6576],[-87.1152,20.6568],[-87.1171,20.6541],[-87.1158,20.6533],[-87.1158,20.6533],[-87.1158,20.6533],[-87.1158,20.6533],[-87.1160,20.6528],[-87.1163,20.6525],[-87.1165,20.6520],[-87.1168,20.6517],[-87.1170,20.6514],[-87.1172,20.6510],[-87.1175,20.6506],[-87.1177,20.6502],[-87.1179,20.6499],[-87.1182,20.6496],[-87.1184,20.6491],[-87.1187,20.6488],[-87.1189,20.6483],[-87.1176,20.6475],[-87.1162,20.6466],[-87.1142,20.6455],[-87.1142,20.6455],[-87.1138,20.6452],[-87.1133,20.6450],[-87.1133,20.6450],[-87.1133,20.6450],[-87.1132,20.6451],[-87.1130,20.6453],[-87.1128,20.6457],[-87.1125,20.6460],[-87.1124,20.6461],[-87.1121,20.6464],[-87.1118,20.6468],[-87.1115,20.6472],[-87.1112,20.6475],[-87.1111,20.6477],[-87.1109,20.6479],[-87.1107,20.6481],[-87.1105,20.6484],[-87.1103,20.6486],[-87.1096,20.6495],[-87.1087,20.6506],[-87.1085,20.6508],[-87.1083,20.6511],[-87.1080,20.6514],[-87.1078,20.6517],[-87.1075,20.6520],[-87.1072,20.6523],[-87.1070,20.6526],[-87.1068,20.6529],[-87.1064,20.6535],[-87.1064,20.6535],[-87.1064,20.6535],[-87.1060,20.6532],[-87.1056,20.6530],[-87.1051,20.6527],[-87.1048,20.6525],[-87.1045,20.6523],[-87.1041,20.6520],[-87.1038,20.6518],[-87.1038,20.6518],[-87.1036,20.6517],[-87.1035,20.6516],[-87.1034,20.6516],[-87.1031,20.6514],[-87.1027,20.6511],[-87.1024,20.6509],[-87.1016,20.6505],[-87.1012,20.6502],[-87.1009,20.6500],[-87.1006,20.6498],[-87.1002,20.6496],[-87.1002,20.6495],[-87.0999,20.6494],[-87.0995,20.6491],[-87.0991,20.6489],[-87.0989,20.6487],[-87.0985,20.6485],[-87.0979,20.6481],[-87.0974,20.6478],[-87.0973,20.6477],[-87.0969,20.6475],[-87.0965,20.6472],[-87.0960,20.6469],[-87.0959,20.6468],[-87.0959,20.6468],[-87.0976,20.6447],[-87.0976,20.6446],[-87.0993,20.6425],[-87.1005,20.6410],[-87.1005,20.6410],[-87.1005,20.6410],[-87.1005,20.6410],[-87.0990,20.6409],[-87.0990,20.6409],[-87.0990,20.6409],[-87.0977,20.6401],[-87.0977,20.6401],[-87.0981,20.6396],[-87.0984,20.6391],[-87.0987,20.6387],[-87.0991,20.6382],[-87.0994,20.6377],[-87.0998,20.6371],[-87.0998,20.6371],[-87.0998,20.6371],[-87.1005,20.6375],[-87.1015,20.6380],[-87.1030,20.6388],[-87.1030,20.6388],[-87.1030,20.6388],[-87.1033,20.6383],[-87.1033,20.6383],[-87.1037,20.6375],[-87.1040,20.6368],[-87.1040,20.6368],[-87.1044,20.6367],[-87.1048,20.6366],[-87.1074,20.6362],[-87.1149,20.6352],[-87.1208,20.6210],[-87.1197,20.6207],[-87.1197,20.6207],[-87.1197,20.6207],[-87.1140,20.6344],[-87.1093,20.6350],[-87.1093,20.6350],[-87.1093,20.6350],[-87.1070,20.6333],[-87.1070,20.6333],[-87.1070,20.6333],[-87.1062,20.6342],[-87.1062,20.6342],[-87.1062,20.6342],[-87.1056,20.6339],[-87.1056,20.6339],[-87.1060,20.6334],[-87.1063,20.6329],[-87.1066,20.6325],[-87.1070,20.6320],[-87.1070,20.6320],[-87.1070,20.6320],[-87.1075,20.6324],[-87.1075,20.6324],[-87.1075,20.6324],[-87.1079,20.6319],[-87.1101,20.6296],[-87.1068,20.6280],[-87.1090,20.6264],[-87.1097,20.6256],[-87.1101,20.6250],[-87.1079,20.6224],[-87.1078,20.6236],[-87.1077,20.6240],[-87.1076,20.6240],[-87.1074,20.6241],[-87.1066,20.6250],[-87.1064,20.6252],[-87.1060,20.6254],[-87.1060,20.6254],[-87.1060,20.6254],[-87.1051,20.6249],[-87.1051,20.6249],[-87.1051,20.6249],[-87.1045,20.6256],[-87.1045,20.6256],[-87.1045,20.6256],[-87.1039,20.6254],[-87.1039,20.6254],[-87.1039,20.6254],[-87.1034,20.6262],[-87.1028,20.6277],[-87.1027,20.6278],[-87.1027,20.6279],[-87.1027,20.6279],[-87.1027,20.6279],[-87.1025,20.6278],[-87.1023,20.6276],[-87.1017,20.6269],[-87.1009,20.6259],[-87.1005,20.6253],[-87.1005,20.6253],[-87.1005,20.6253],[-87.1001,20.6256],[-87.1001,20.6256],[-87.1001,20.6256],[-87.0998,20.6253],[-87.0993,20.6247],[-87.0993,20.6247],[-87.1009,20.6249],[-87.1025,20.6252],[-87.1025,20.6252],[-87.1028,20.6239],[-87.1027,20.6237],[-87.1027,20.6235],[-87.1026,20.6234],[-87.1035,20.6229],[-87.1032,20.6226],[-87.1039,20.6219],[-87.1040,20.6220],[-87.1041,20.6221],[-87.1042,20.6221],[-87.1044,20.6222],[-87.1046,20.6223],[-87.1049,20.6223],[-87.1050,20.6224],[-87.1054,20.6224],[-87.1056,20.6224],[-87.1059,20.6223],[-87.1061,20.6223],[-87.1065,20.6222],[-87.1077,20.6218],[-87.1079,20.6217],[-87.1084,20.6211],[-87.1085,20.6211],[-87.1082,20.6208],[-87.1084,20.6206],[-87.1081,20.6197],[-87.1081,20.6192],[-87.1081,20.6188],[-87.1081,20.6188],[-87.1081,20.6188],[-87.1077,20.6190],[-87.1070,20.6195],[-87.1064,20.6199],[-87.1064,20.6199],[-87.1064,20.6199],[-87.1063,20.6198],[-87.1063,20.6198],[-87.1063,20.6198],[-87.1063,20.6199],[-87.1061,20.6200],[-87.1061,20.6200],[-87.1061,20.6200],[-87.1052,20.6188],[-87.1052,20.6186],[-87.1052,20.6186],[-87.1052,20.6186],[-87.1062,20.6176],[-87.1070,20.6169],[-87.1074,20.6165],[-87.1083,20.6158],[-87.1068,20.6141],[-87.1053,20.6124],[-87.1051,20.6120],[-87.1043,20.6111],[-87.1039,20.6106],[-87.1043,20.6103],[-87.1021,20.6083],[-87.1012,20.6074],[-87.0993,20.6057],[-87.0934,20.6002]],[[-87.0911,20.6548],[-87.0911,20.6548],[-87.0911,20.6548],[-87.0923,20.6556],[-87.0943,20.6568],[-87.0942,20.6569],[-87.0945,20.6571],[-87.0943,20.6574],[-87.0940,20.6577],[-87.0938,20.6581],[-87.0938,20.6581],[-87.0938,20.6581],[-87.0906,20.6555],[-87.0906,20.6555],[-87.0911,20.6548],[-87.0911,20.6548]],[[-87.1123,20.6571],[-87.1123,20.6571],[-87.1130,20.6576],[-87.1138,20.6580],[-87.1128,20.6595],[-87.1121,20.6590],[-87.1116,20.6599],[-87.1101,20.6622],[-87.1089,20.6639],[-87.1087,20.6640],[-87.1095,20.6645],[-87.1103,20.6650],[-87.1110,20.6655],[-87.1121,20.6661],[-87.1132,20.6667],[-87.1124,20.6680],[-87.1114,20.6674],[-87.1110,20.6672],[-87.1094,20.6662],[-87.1094,20.6662],[-87.1075,20.6650],[-87.1075,20.6650],[-87.1073,20.6649],[-87.1072,20.6648],[-87.1067,20.6645],[-87.1067,20.6645],[-87.1070,20.6640],[-87.1072,20.6636],[-87.1070,20.6634],[-87.1073,20.6630],[-87.1073,20.6630],[-87.1073,20.6630],[-87.1073,20.6630],[-87.1074,20.6631],[-87.1075,20.6631],[-87.1076,20.6632],[-87.1077,20.6633],[-87.1079,20.6634],[-87.1079,20.6634],[-87.1079,20.6634],[-87.1080,20.6633],[-87.1087,20.6621],[-87.1087,20.6621],[-87.1087,20.6621],[-87.1089,20.6622],[-87.1092,20.6624],[-87.1092,20.6624],[-87.1092,20.6624],[-87.1094,20.6622],[-87.1096,20.6619],[-87.1096,20.6619],[-87.1104,20.6607],[-87.1112,20.6596],[-87.1108,20.6594],[-87.1108,20.6594],[-87.1115,20.6583],[-87.1123,20.6571],[-87.1123,20.6571]],[[-87.0667,20.6676],[-87.0667,20.6676],[-87.0678,20.6688],[-87.0684,20.6694],[-87.0688,20.6697],[-87.0693,20.6700],[-87.0703,20.6706],[-87.0708,20.6709],[-87.0712,20.6711],[-87.0716,20.6713],[-87.0720,20.6716],[-87.0712,20.6730],[-87.0704,20.6741],[-87.0704,20.6741],[-87.0704,20.6741],[-87.0651,20.6683],[-87.0651,20.6683],[-87.0667,20.6676],[-87.0667,20.6676]]]]},"properties":{"cvegeo":"230080001","match":"City","name":"Playa del Carmen","state":"Quintana Roo","municipality":"Playa del Carmen","city":"Playa del Carmen","neighborhood":"","category":"Ciudad","type":"Urbana","postal_code":"","population":"304942","dwellings":"133178","occupied_dwellings":null,"price_m2":null,"property_price":null,"ids_prom":"0.329","nse":"D/E","nse_label":"D/E (32%)","nse_score":"3.576","nse_ab":"3429","nse_cplus":"10316","nse_c":"14778","nse_cminus":"17744","nse_dplus":"19282","nse_d":"28646","nse_e":"3518","nse_total":"97713","nse_ab_pct":"3.51","nse_cplus_pct":"10.56","nse_c_pct":"15.12","nse_cminus_pct":"18.16","nse_dplus_pct":"19.73","nse_d_pct":"29.32","nse_e_pct":"3.60"}},{"type":"Feature","geometry":{"type":"Polygon","coordinates":[[[-87.072240,20.657144],[-87.072171,20.657231],[-87.071554,20.657981],[-87.071455,20.658102],[-87.070760,20.658950],[-87.070347,20.659453],[-87.070008,20.659867],[-87.069861,20.660046],[-87.069377,20.660636],[-87.070033,20.661060],[-87.071122,20.661930],[-87.072182,20.662743],[-87.072284,20.662815],[-87.072948,20.663376],[-87.073313,20.663678],[-87.074186,20.663010],[-87.075253,20.662196],[-87.075322,20.662143],[-87.076297,20.661355],[-87.077134,20.660686],[-87.077394,20.660481],[-87.077024,20.660268],[-87.076145,20.659760],[-87.075958,20.659652],[-87.075547,20.659415],[-87.075473,20.659372],[-87.075241,20.659214],[-87.075068,20.659096],[-87.074818,20.658930],[-87.073993,20.658363],[-87.072906,20.657621],[-87.072829,20.657568],[-87.072240,20.657144]]]},"properties":{"cvegeo":"2300800010001","match":"Neighborhood","name":"28 de Julio","state":"Quintana Roo","municipality":"Playa del Carmen","city":"Playa del Carmen","neighborhood":"28 de Julio","category":"Fraccionamiento","type":"U","postal_code":"77714","population":"3808","dwellings":null,"occupied_dwellings":null,"price_m2":null,"property_price":"97713.00","ids_prom":"343.645","nse":"D","nse_label":"D (33%)","nse_score":"3.437","nse_ab":"24","nse_cplus":"67","nse_c":"186","nse_cminus":"191","nse_dplus":"227","nse_d":"351","nse_e":"20","nse_total":"1069","nse_ab_pct":"2.24","nse_cplus_pct":"6.26","nse_c_pct":"17.38","nse_cminus_pct":"17.94","nse_dplus_pct":"21.31","nse_d_pct":"32.90","nse_e_pct":"1.96"}},{"type":"Feature","geometry":{"type":"Polygon","coordinates":[[[-87.102396,20.628745],[-87.102280,20.628911],[-87.102156,20.629078],[-87.102404,20.629250],[-87.102087,20.629704],[-87.101726,20.630215],[-87.101421,20.630657],[-87.101098,20.631119],[-87.100769,20.631589],[-87.100443,20.632055],[-87.100072,20.632585],[-87.100990,20.633148],[-87.101870,20.633688],[-87.102771,20.634241],[-87.102811,20.634265],[-87.103689,20.634799],[-87.103711,20.634813],[-87.104610,20.635363],[-87.105168,20.635683],[-87.105843,20.634715],[-87.106207,20.634185],[-87.106591,20.633682],[-87.107548,20.632385],[-87.107949,20.631945],[-87.107311,20.631592],[-87.107065,20.631442],[-87.106387,20.631028],[-87.106200,20.630919],[-87.105437,20.630495],[-87.104538,20.629958],[-87.103784,20.629574],[-87.103634,20.629498],[-87.103086,20.629166],[-87.102494,20.628805],[-87.102396,20.628745]]]},"properties":{"cvegeo":"2300800010002","match":"Neighborhood","name":"Ampliación Bellavista","state":"Quintana Roo","municipality":"Playa del Carmen","city":"Playa del Carmen","neighborhood":"Ampliación Bellavista","category":"Colonia","type":"U","postal_code":"77712","population":"327","dwellings":null,"occupied_dwellings":null,"price_m2":null,"property_price":null,"ids_prom":"295.913","nse":"D","nse_label":"D (41%)","nse_score":"2.959","nse_ab":"9","nse_cplus":"31","nse_c":"63","nse_cminus":"100","nse_dplus":"124","nse_d":"271","nse_e":"54","nse_total":"654","nse_ab_pct":"1.37","nse_cplus_pct":"4.73","nse_c_pct":"9.62","nse_cminus_pct":"15.34","nse_dplus_pct":"19.04","nse_d_pct":"41.47","nse_e_pct":"8.34"}},{"type":"Feature","geometry":{"type":"Polygon","coordinates":[[[-87.050594,20.673120],[-87.050079,20.673606],[-87.051036,20.674189],[-87.053027,20.675401],[-87.053125,20.675468],[-87.053184,20.675508],[-87.053692,20.675822],[-87.054165,20.676113],[-87.054726,20.676466],[-87.054789,20.676505],[-87.054984,20.676618],[-87.055881,20.677154],[-87.056630,20.677632],[-87.056882,20.677785],[-87.058827,20.679019],[-87.060595,20.680117],[-87.060989,20.680358],[-87.063253,20.681700],[-87.064526,20.682470],[-87.065013,20.682778],[-87.065260,20.682929],[-87.065924,20.683336],[-87.068709,20.679807],[-87.069743,20.678491],[-87.069642,20.678461],[-87.068407,20.678083],[-87.067339,20.677788],[-87.066281,20.677506],[-87.065403,20.677281],[-87.063685,20.676815],[-87.062691,20.676557],[-87.061585,20.676273],[-87.060294,20.675943],[-87.058039,20.675303],[-87.058065,20.675223],[-87.058024,20.675212],[-87.057307,20.675010],[-87.056393,20.674752],[-87.056302,20.674740],[-87.055289,20.674455],[-87.054289,20.674170],[-87.050594,20.673120]]]},"properties":{"cvegeo":"2300800010003","match":"Neighborhood","name":"Arrecifes","state":"Quintana Roo","municipality":"Playa del Carmen","city":"Playa del Carmen","neighborhood":"Arrecifes","category":"Fraccionamiento","type":"U","postal_code":"77725","population":"1168","dwellings":null,"occupied_dwellings":null,"price_m2":null,"property_price":null,"ids_prom":"579.999","nse":"C+","nse_label":"C+ (40%)","nse_score":"5.800","nse_ab":"5","nse_cplus":"8","nse_c":"4","nse_cminus":"1","nse_dplus":"0","nse_d":"0","nse_e":"0","nse_total":"20","nse_ab_pct":"29.33","nse_cplus_pct":"40.00","nse_c_pct":"22.67","nse_cminus_pct":"5.33","nse_dplus_pct":"0.00","nse_d_pct":"0.00","nse_e_pct":"0.00"}},{"type":"Feature","geometry":{"type":"Polygon","coordinates":[[[-87.072774,20.619070],[-87.072696,20.619195],[-87.074074,20.620279],[-87.073981,20.620364],[-87.074600,20.620755],[-87.074503,20.620988],[-87.074683,20.621218],[-87.074683,20.621222],[-87.074403,20.621715],[-87.074220,20.621910],[-87.074309,20.621962],[-87.074408,20.622021],[-87.074503,20.622078],[-87.075210,20.622510],[-87.076089,20.623061],[-87.076232,20.623148],[-87.076914,20.623561],[-87.077005,20.623616],[-87.077086,20.623665],[-87.077295,20.623794],[-87.077440,20.623880],[-87.077872,20.624143],[-87.077949,20.624190],[-87.078727,20.624668],[-87.078818,20.624723],[-87.078906,20.624778],[-87.079587,20.625196],[-87.079687,20.625257],[-87.079791,20.625321],[-87.080348,20.625663],[-87.080638,20.625841],[-87.080724,20.625894],[-87.081449,20.626341],[-87.081534,20.626393],[-87.081628,20.626452],[-87.081730,20.626514],[-87.082467,20.626968],[-87.082467,20.626968],[-87.083711,20.627735],[-87.083779,20.627646],[-87.084397,20.626835],[-87.084641,20.626518],[-87.084696,20.626454],[-87.085002,20.626059],[-87.085039,20.626007],[-87.085380,20.625568],[-87.085674,20.625188],[-87.085732,20.625118],[-87.086421,20.624256],[-87.086677,20.623971],[-87.086994,20.623660],[-87.087476,20.623187],[-87.087692,20.622992],[-87.087823,20.622880],[-87.087780,20.622864],[-87.087764,20.622858],[-87.087680,20.622827],[-87.087667,20.622822],[-87.087409,20.622726],[-87.086366,20.622463],[-87.085120,20.622148],[-87.083795,20.621802],[-87.082494,20.621470],[-87.079217,20.620622],[-87.078450,20.620423],[-87.078411,20.620392],[-87.078371,20.620321],[-87.078280,20.620250],[-87.078155,20.620209],[-87.078072,20.620176],[-87.077507,20.621178],[-87.077609,20.621318],[-87.077516,20.621433],[-87.076738,20.622311],[-87.075896,20.621653],[-87.075924,20.621563],[-87.075316,20.621119],[-87.075072,20.620919],[-87.075188,20.620757],[-87.075060,20.620667],[-87.074262,20.620106],[-87.074203,20.620160],[-87.072774,20.619070]]]},"properties":{"cvegeo":"2300800010004","match":"Neighborhood","name":"Aviación","state":"Quintana Roo","municipality":"Playa del Carmen","city":"Playa del Carmen","neighborhood":"Aviación","category":"Colonia","type":"U","postal_code":"77713","population":"2729","dwellings":null,"occupied_dwellings":null,"price_m2":null,"property_price":null,"ids_prom":"308.381","nse":"D","nse_label":"D (31%)","nse_score":"3.084","nse_ab":"3","nse_cplus":"29","nse_c":"42","nse_cminus":"89","nse_dplus":"119","nse_d":"145","nse_e":"45","nse_total":"476","nse_ab_pct":"0.76","nse_cplus_pct":"6.10","nse_c_pct":"8.95","nse_cminus_pct":"18.86","nse_dplus_pct":"25.14","nse_d_pct":"30.67","nse_e_pct":"9.52"}},{"type":"Feature","geometry":{"type":"Polygon","coordinates":[[[-87.043480,20.669379],[-87.042522,20.670589],[-87.041351,20.672079],[-87.042482,20.672854],[-87.042861,20.673118],[-87.043280,20.673385],[-87.043486,20.673520],[-87.044640,20.672061],[-87.044658,20.672036],[-87.045636,20.670796],[-87.045423,20.670656],[-87.045011,20.670378],[-87.044543,20.670064],[-87.044088,20.669773],[-87.043671,20.669506],[-87.043671,20.669506],[-87.043480,20.669379]]]},"properties":{"cvegeo":"2300800010005","match":"Neighborhood","name":"Balam Tun","state":"Quintana Roo","municipality":"Playa del Carmen","city":"Playa del Carmen","neighborhood":"Balam Tun","category":"Fraccionamiento","type":"U","postal_code":"77727","population":"3081","dwellings":null,"occupied_dwellings":null,"price_m2":null,"property_price":null,"ids_prom":"525.180","nse":"C+","nse_label":"C+ (37%)","nse_score":"5.252","nse_ab":"14","nse_cplus":"43","nse_c":"33","nse_cminus":"13","nse_dplus":"8","nse_d":"3","nse_e":"0","nse_total":"117","nse_ab_pct":"12.30","nse_cplus_pct":"36.90","nse_c_pct":"28.65","nse_cminus_pct":"11.43","nse_dplus_pct":"7.53","nse_d_pct":"3.04","nse_e_pct":"0.00"}},{"type":"Feature","geometry":{"type":"Polygon","coordinates":[[[-87.098232,20.631452],[-87.097944,20.631889],[-87.097925,20.631918],[-87.097654,20.632282],[-87.097634,20.632328],[-87.097170,20.632992],[-87.097059,20.633181],[-87.096862,20.633473],[-87.096562,20.633904],[-87.096206,20.634412],[-87.095847,20.634945],[-87.095897,20.634976],[-87.096687,20.635454],[-87.096741,20.635453],[-87.096809,20.635452],[-87.097728,20.635941],[-87.097793,20.635976],[-87.098666,20.636477],[-87.098847,20.636581],[-87.099581,20.637002],[-87.099782,20.637108],[-87.100417,20.637012],[-87.100820,20.636951],[-87.100830,20.636949],[-87.100933,20.636934],[-87.102225,20.636739],[-87.102294,20.636728],[-87.103046,20.636565],[-87.103720,20.636391],[-87.103980,20.636221],[-87.104065,20.636241],[-87.104916,20.636052],[-87.105168,20.635683],[-87.104610,20.635363],[-87.103711,20.634813],[-87.103689,20.634799],[-87.102811,20.634265],[-87.102771,20.634241],[-87.101870,20.633688],[-87.100990,20.633148],[-87.100072,20.632585],[-87.099168,20.632039],[-87.098232,20.631452]]]},"properties":{"cvegeo":"2300800010006","match":"Neighborhood","name":"Bellavista","state":"Quintana Roo","municipality":"Playa del Carmen","city":"Playa del Carmen","neighborhood":"Bellavista","category":"Colonia","type":"U","postal_code":"77712","population":"149","dwellings":null,"occupied_dwellings":null,"price_m2":null,"property_price":null,"ids_prom":"309.242","nse":"D","nse_label":"D (37%)","nse_score":"3.092","nse_ab":"18","nse_cplus":"47","nse_c":"98","nse_cminus":"150","nse_dplus":"182","nse_d":"332","nse_e":"74","nse_total":"902","nse_ab_pct":"2.03","nse_cplus_pct":"5.31","nse_c_pct":"10.88","nse_cminus_pct":"16.62","nse_dplus_pct":"20.16","nse_d_pct":"36.78","nse_e_pct":"8.21"}},{"type":"Feature","geometry":{"type":"Polygon","coordinates":[[[-87.071611,20.650487],[-87.070942,20.651275],[-87.070474,20.651754],[-87.070135,20.652101],[-87.070127,20.652109],[-87.070086,20.652151],[-87.069910,20.652331],[-87.069776,20.652472],[-87.069318,20.652954],[-87.069103,20.653181],[-87.069054,20.653232],[-87.068756,20.653548],[-87.068700,20.653607],[-87.068091,20.654252],[-87.068274,20.654373],[-87.069025,20.654919],[-87.070043,20.655660],[-87.070116,20.655714],[-87.071043,20.656398],[-87.071172,20.656493],[-87.071836,20.656984],[-87.072171,20.657231],[-87.072240,20.657144],[-87.072285,20.657088],[-87.072622,20.656683],[-87.072946,20.656283],[-87.073296,20.655876],[-87.073622,20.655486],[-87.073797,20.655276],[-87.073942,20.655103],[-87.074096,20.654918],[-87.074302,20.654677],[-87.074624,20.654254],[-87.074933,20.653846],[-87.075245,20.653438],[-87.075554,20.653029],[-87.075724,20.652809],[-87.076047,20.652521],[-87.074195,20.651754],[-87.073774,20.651562],[-87.073281,20.651286],[-87.071927,20.650637],[-87.071727,20.650538],[-87.071611,20.650487]]]},"properties":{"cvegeo":"2300800010008","match":"Neighborhood","name":"Bosque Real","state":"Quintana Roo","municipality":"Playa del Carmen","city":"Playa del Carmen","neighborhood":"Bosque Real","category":"Fraccionamiento","type":"U","postal_code":"77714","population":"65","dwellings":null,"occupied_dwellings":null,"price_m2":null,"property_price":null,"ids_prom":"458.422","nse":"C","nse_label":"C (27%)","nse_score":"4.584","nse_ab":"84","nse_cplus":"231","nse_c":"304","nse_cminus":"242","nse_dplus":"152","nse_d":"102","nse_e":"2","nse_total":"1120","nse_ab_pct":"7.50","nse_cplus_pct":"20.66","nse_c_pct":"27.20","nse_cminus_pct":"21.63","nse_dplus_pct":"13.64","nse_d_pct":"9.16","nse_e_pct":"0.22"}},{"type":"Feature","geometry":{"type":"Polygon","coordinates":[[[-87.062695,20.633371],[-87.061824,20.634197],[-87.061806,20.634227],[-87.061693,20.634418],[-87.061676,20.634443],[-87.061538,20.634588],[-87.061426,20.634704],[-87.061236,20.634850],[-87.061031,20.635014],[-87.059994,20.635588],[-87.059624,20.635846],[-87.059594,20.635867],[-87.059245,20.635775],[-87.059120,20.635948],[-87.058906,20.636590],[-87.058904,20.636621],[-87.060786,20.637157],[-87.061182,20.636833],[-87.061381,20.636661],[-87.061558,20.636485],[-87.061842,20.636234],[-87.061851,20.636226],[-87.062351,20.635781],[-87.062742,20.635441],[-87.062797,20.635393],[-87.063135,20.635078],[-87.064096,20.634235],[-87.063354,20.633786],[-87.062695,20.633371]]]},"properties":{"cvegeo":"2300800010009","match":"Neighborhood","name":"Las Brisas","state":"Quintana Roo","municipality":"Playa del Carmen","city":"Playa del Carmen","neighborhood":"Las Brisas","category":"Fraccionamiento","type":"U","postal_code":"77720","population":"171","dwellings":null,"occupied_dwellings":null,"price_m2":null,"property_price":null,"ids_prom":"365.824","nse":"D","nse_label":"D (26%)","nse_score":"3.658","nse_ab":"1","nse_cplus":"3","nse_c":"5","nse_cminus":"5","nse_dplus":"3","nse_d":"7","nse_e":"1","nse_total":"28","nse_ab_pct":"3.50","nse_cplus_pct":"11.37","nse_c_pct":"19.72","nse_cminus_pct":"19.49","nse_dplus_pct":"13.04","nse_d_pct":"26.39","nse_e_pct":"4.63"}},{"type":"Feature","geometry":{"type":"Polygon","coordinates":[[[-87.069711,20.665927],[-87.068626,20.666603],[-87.068047,20.666958],[-87.067748,20.667101],[-87.066727,20.667619],[-87.067844,20.668841],[-87.068417,20.669351],[-87.068835,20.669695],[-87.069255,20.669985],[-87.069255,20.669985],[-87.070268,20.670614],[-87.070776,20.670878],[-87.071219,20.671107],[-87.071605,20.671275],[-87.072298,20.670402],[-87.072075,20.670325],[-87.072024,20.670301],[-87.073310,20.668948],[-87.073071,20.668852],[-87.072892,20.668792],[-87.072630,20.668706],[-87.072090,20.668344],[-87.071708,20.668034],[-87.071343,20.667724],[-87.071217,20.667617],[-87.070983,20.667412],[-87.070693,20.667156],[-87.069841,20.666225],[-87.069711,20.665927]]]},"properties":{"cvegeo":"2300800010010","match":"Neighborhood","name":"Cataluña","state":"Quintana Roo","municipality":"Playa del Carmen","city":"Playa del Carmen","neighborhood":"Cataluña","category":"Fraccionamiento","type":"U","postal_code":"77725","population":"3844","dwellings":null,"occupied_dwellings":null,"price_m2":null,"property_price":null,"ids_prom":"439.064","nse":"C","nse_label":"C (24%)","nse_score":"4.391","nse_ab":"40","nse_cplus":"114","nse_c":"138","nse_cminus":"121","nse_dplus":"84","nse_d":"83","nse_e":"2","nse_total":"587","nse_ab_pct":"6.89","nse_cplus_pct":"19.57","nse_c_pct":"23.66","nse_cminus_pct":"20.68","nse_dplus_pct":"14.47","nse_d_pct":"14.21","nse_e_pct":"0.51"}},{"type":"Feature","geometry":{"type":"Polygon","coordinates":[[[-87.074220,20.621910],[-87.074040,20.622102],[-87.073640,20.622702],[-87.073152,20.623101],[-87.072760,20.623636],[-87.072376,20.624279],[-87.072342,20.624339],[-87.072278,20.624450],[-87.071791,20.625046],[-87.071431,20.625450],[-87.070324,20.626299],[-87.069827,20.626669],[-87.069637,20.626932],[-87.069398,20.627226],[-87.069289,20.627357],[-87.069283,20.627364],[-87.068639,20.627887],[-87.067524,20.627512],[-87.067253,20.627581],[-87.067109,20.627461],[-87.067096,20.627448],[-87.066672,20.627753],[-87.065989,20.627313],[-87.064820,20.626556],[-87.064757,20.626647],[-87.064984,20.626797],[-87.065764,20.627304],[-87.066632,20.627865],[-87.066765,20.627976],[-87.068796,20.629233],[-87.069355,20.629579],[-87.069976,20.629976],[-87.070866,20.630546],[-87.070920,20.630581],[-87.071615,20.631040],[-87.071686,20.631087],[-87.071715,20.631107],[-87.072589,20.631685],[-87.072655,20.631728],[-87.072718,20.631773],[-87.073436,20.632277],[-87.073524,20.632333],[-87.074262,20.632802],[-87.074352,20.632860],[-87.074389,20.632883],[-87.074407,20.632856],[-87.074477,20.632755],[-87.074707,20.632422],[-87.074982,20.632024],[-87.075207,20.631705],[-87.075222,20.631683],[-87.075260,20.631633],[-87.075301,20.631574],[-87.075477,20.631317],[-87.075477,20.631317],[-87.075481,20.631320],[-87.076399,20.631902],[-87.077293,20.632460],[-87.077592,20.632643],[-87.078208,20.633022],[-87.078353,20.633114],[-87.079051,20.633556],[-87.079064,20.633564],[-87.079125,20.633603],[-87.079139,20.633612],[-87.079173,20.633634],[-87.079206,20.633591],[-87.079544,20.633148],[-87.079877,20.632716],[-87.080249,20.632233],[-87.080298,20.632168],[-87.080580,20.631803],[-87.080701,20.631648],[-87.081147,20.631085],[-87.081304,20.630875],[-87.081790,20.630221],[-87.082396,20.629445],[-87.082690,20.629057],[-87.083040,20.628604],[-87.083383,20.628159],[-87.083711,20.627735],[-87.082467,20.626968],[-87.082467,20.626968],[-87.081730,20.626514],[-87.081628,20.626452],[-87.081534,20.626393],[-87.081449,20.626341],[-87.080724,20.625894],[-87.080638,20.625841],[-87.080348,20.625663],[-87.079791,20.625321],[-87.079687,20.625257],[-87.079587,20.625196],[-87.078906,20.624778],[-87.078818,20.624723],[-87.078727,20.624668],[-87.077949,20.624190],[-87.077872,20.624143],[-87.077440,20.623880],[-87.077295,20.623794],[-87.077086,20.623665],[-87.077005,20.623616],[-87.076914,20.623561],[-87.076232,20.623148],[-87.076089,20.623061],[-87.075210,20.622510],[-87.074503,20.622078],[-87.074408,20.622021],[-87.074309,20.621962],[-87.074220,20.621910]]]},"properties":{"cvegeo":"2300800010011","match":"Neighborhood","name":"Centro","state":"Quintana Roo","municipality":"Playa del Carmen","city":"Playa del Carmen","neighborhood":"Centro","category":"Colonia","type":"U","postal_code":"77710","population":"115","dwellings":null,"occupied_dwellings":null,"price_m2":null,"property_price":null,"ids_prom":"364.546","nse":"D","nse_label":"D (27%)","nse_score":"3.646","nse_ab":"31","nse_cplus":"69","nse_c":"104","nse_cminus":"142","nse_dplus":"114","nse_d":"181","nse_e":"27","nse_total":"673","nse_ab_pct":"4.62","nse_cplus_pct":"10.32","nse_c_pct":"15.45","nse_cminus_pct":"21.08","nse_dplus_pct":"16.93","nse_d_pct":"26.91","nse_e_pct":"4.09"}},{"type":"Feature","geometry":{"type":"Polygon","coordinates":[[[-87.072786,20.701004],[-87.072755,20.701053],[-87.070898,20.703921],[-87.069121,20.706665],[-87.068870,20.707044],[-87.068588,20.707394],[-87.068713,20.708049],[-87.068914,20.708553],[-87.072634,20.710880],[-87.075997,20.712993],[-87.077292,20.710929],[-87.079067,20.707886],[-87.079743,20.706760],[-87.080731,20.705336],[-87.080307,20.705102],[-87.079830,20.704840],[-87.079040,20.704405],[-87.078625,20.704176],[-87.078243,20.703966],[-87.077736,20.703687],[-87.077340,20.703471],[-87.076965,20.703269],[-87.076623,20.703085],[-87.076571,20.703057],[-87.076161,20.702836],[-87.075888,20.702682],[-87.075697,20.702582],[-87.075597,20.702530],[-87.075316,20.702379],[-87.074930,20.702166],[-87.074555,20.701970],[-87.074183,20.701772],[-87.073864,20.701594],[-87.073395,20.701338],[-87.073040,20.701145],[-87.072786,20.701004]]]},"properties":{"cvegeo":"2300800010012","match":"Neighborhood","name":"Cristo Rey","state":"Quintana Roo","municipality":"Playa del Carmen","city":"Playa del Carmen","neighborhood":"Cristo Rey","category":"Fraccionamiento","type":"U","postal_code":"77724","population":"1688","dwellings":null,"occupied_dwellings":null,"price_m2":null,"property_price":null,"ids_prom":"286.742","nse":"D","nse_label":"D (41%)","nse_score":"2.867","nse_ab":"13","nse_cplus":"41","nse_c":"64","nse_cminus":"85","nse_dplus":"121","nse_d":"290","nse_e":"79","nse_total":"710","nse_ab_pct":"1.97","nse_cplus_pct":"5.89","nse_c_pct":"9.08","nse_cminus_pct":"12.02","nse_dplus_pct":"17.12","nse_d_pct":"40.81","nse_e_pct":"11.15"}},{"type":"Feature","geometry":{"type":"Polygon","coordinates":[[[-87.078552,20.643470],[-87.077769,20.644325],[-87.076333,20.645868],[-87.076411,20.645920],[-87.079458,20.647939],[-87.083100,20.650430],[-87.084262,20.651179],[-87.085928,20.652246],[-87.087573,20.653393],[-87.087980,20.653658],[-87.088780,20.654175],[-87.089076,20.654359],[-87.089334,20.654520],[-87.089537,20.654674],[-87.090034,20.654076],[-87.090653,20.653332],[-87.091801,20.651936],[-87.091883,20.651841],[-87.089912,20.650538],[-87.088224,20.649472],[-87.087391,20.648947],[-87.087064,20.648740],[-87.085369,20.647670],[-87.083250,20.646333],[-87.081512,20.645236],[-87.081436,20.645082],[-87.080737,20.644640],[-87.080324,20.644389],[-87.078850,20.643495],[-87.078552,20.643470]]]},"properties":{"cvegeo":"2300800010013","match":"Neighborhood","name":"La Gran Plaza de la Riviera","state":"Quintana Roo","municipality":"Playa del Carmen","city":"Playa del Carmen","neighborhood":"La Gran Plaza de la Riviera","category":"Fraccionamiento","type":"U","postal_code":"77723","population":"22","dwellings":null,"occupied_dwellings":null,"price_m2":null,"property_price":null,"ids_prom":"534.414","nse":"C+","nse_label":"C+ (33%)","nse_score":"5.344","nse_ab":"22","nse_cplus":"43","nse_c":"37","nse_cminus":"16","nse_dplus":"6","nse_d":"4","nse_e":"0","nse_total":"130","nse_ab_pct":"17.07","nse_cplus_pct":"33.09","nse_c_pct":"28.73","nse_cminus_pct":"12.67","nse_dplus_pct":"5.18","nse_d_pct":"3.26","nse_e_pct":"0.00"}},{"type":"Feature","geometry":{"type":"MultiPolygon","coordinates":[[[[-87.058827,20.679019],[-87.058420,20.679557],[-87.057869,20.680409],[-87.057626,20.680809],[-87.057344,20.683253],[-87.057519,20.684278],[-87.057575,20.684888],[-87.057720,20.685290],[-87.057911,20.685714],[-87.058143,20.686050],[-87.058354,20.686413],[-87.058734,20.686720],[-87.059409,20.687281],[-87.060127,20.687771],[-87.060712,20.688166],[-87.061342,20.688469],[-87.062074,20.688714],[-87.062768,20.688928],[-87.063513,20.689059],[-87.064410,20.689012],[-87.065287,20.688790],[-87.066267,20.688423],[-87.066958,20.688056],[-87.067394,20.687732],[-87.067971,20.687071],[-87.068669,20.686328],[-87.069369,20.685439],[-87.070982,20.686424],[-87.071378,20.685889],[-87.071378,20.685889],[-87.071504,20.685732],[-87.071759,20.685421],[-87.072305,20.684748],[-87.073780,20.682936],[-87.073755,20.682878],[-87.068709,20.679807],[-87.065924,20.683336],[-87.065260,20.682929],[-87.065013,20.682778],[-87.064526,20.682470],[-87.063253,20.681700],[-87.060989,20.680358],[-87.060595,20.680117],[-87.058827,20.679019]]],[[[-87.037238,20.659184],[-87.036900,20.659503],[-87.036553,20.659811],[-87.036236,20.660044],[-87.035871,20.660120],[-87.035534,20.660207],[-87.035203,20.660437],[-87.034789,20.660568],[-87.034723,20.660576],[-87.034354,20.660525],[-87.034250,20.660510],[-87.033983,20.660489],[-87.033799,20.660506],[-87.033591,20.660565],[-87.033469,20.660633],[-87.033302,20.660772],[-87.033187,20.660877],[-87.033047,20.661045],[-87.032953,20.661195],[-87.032455,20.661911],[-87.032160,20.662269],[-87.032125,20.662311],[-87.031835,20.662081],[-87.031859,20.662044],[-87.031763,20.661981],[-87.031682,20.662078],[-87.031775,20.662160],[-87.031817,20.662106],[-87.032116,20.662350],[-87.032076,20.662421],[-87.032005,20.662535],[-87.031788,20.662699],[-87.031592,20.662920],[-87.031549,20.663034],[-87.031539,20.663061],[-87.031411,20.663199],[-87.031158,20.663451],[-87.030920,20.663727],[-87.030835,20.663830],[-87.030778,20.663911],[-87.030644,20.664115],[-87.030562,20.664283],[-87.030549,20.664366],[-87.030536,20.664469],[-87.030515,20.664570],[-87.029389,20.665939],[-87.029088,20.666475],[-87.028773,20.666999],[-87.028575,20.667294],[-87.028280,20.667694],[-87.027475,20.668773],[-87.026942,20.669409],[-87.026873,20.669548],[-87.026791,20.669700],[-87.026768,20.669734],[-87.026541,20.669890],[-87.026217,20.670308],[-87.025683,20.670795],[-87.025372,20.670959],[-87.025082,20.671228],[-87.024640,20.671664],[-87.024570,20.671705],[-87.024463,20.671767],[-87.024142,20.671969],[-87.024075,20.672011],[-87.024033,20.672095],[-87.023854,20.672359],[-87.023700,20.672552],[-87.022946,20.673328],[-87.022556,20.673660],[-87.022200,20.673898],[-87.021802,20.674256],[-87.021655,20.674839],[-87.021583,20.674964],[-87.021729,20.674978],[-87.021749,20.675147],[-87.021783,20.675254],[-87.022050,20.675493],[-87.022163,20.675555],[-87.022446,20.675710],[-87.023359,20.675835],[-87.023411,20.675799],[-87.030591,20.681247],[-87.030625,20.681388],[-87.030991,20.681763],[-87.031467,20.682060],[-87.032886,20.683078],[-87.036085,20.685446],[-87.038007,20.686861],[-87.038576,20.686128],[-87.039080,20.685465],[-87.039633,20.684758],[-87.040261,20.683959],[-87.039284,20.683425],[-87.038828,20.683179],[-87.037660,20.682544],[-87.036998,20.682183],[-87.034105,20.680609],[-87.033216,20.680125],[-87.032420,20.679692],[-87.032243,20.679584],[-87.032043,20.679399],[-87.032905,20.677500],[-87.033995,20.675098],[-87.035300,20.672220],[-87.035511,20.671756],[-87.035658,20.671444],[-87.036376,20.669950],[-87.038060,20.671162],[-87.038552,20.670186],[-87.038359,20.670045],[-87.040410,20.667383],[-87.035762,20.664433],[-87.035501,20.664284],[-87.033125,20.662850],[-87.033553,20.662292],[-87.033435,20.662208],[-87.033781,20.661755],[-87.037165,20.660374],[-87.037820,20.659651],[-87.037238,20.659184]]],[[[-87.089334,20.654520],[-87.088909,20.655048],[-87.088556,20.655476],[-87.088298,20.655789],[-87.087793,20.656435],[-87.086953,20.657443],[-87.086645,20.657817],[-87.086368,20.658144],[-87.085508,20.659164],[-87.085488,20.659343],[-87.085851,20.659653],[-87.086290,20.660002],[-87.086753,20.660370],[-87.086753,20.660370],[-87.086763,20.660378],[-87.087607,20.661153],[-87.090009,20.662746],[-87.090684,20.663170],[-87.092373,20.661237],[-87.092391,20.661217],[-87.091614,20.660774],[-87.091762,20.660589],[-87.091979,20.660312],[-87.092196,20.660038],[-87.092428,20.659746],[-87.092756,20.659331],[-87.093116,20.658877],[-87.093333,20.658599],[-87.093684,20.658152],[-87.093779,20.658060],[-87.090583,20.655467],[-87.089537,20.654674],[-87.089334,20.654520]]],[[[-87.073877,20.640436],[-87.073130,20.641410],[-87.072742,20.641923],[-87.072686,20.641998],[-87.072498,20.642246],[-87.072199,20.642668],[-87.072199,20.642668],[-87.072114,20.642787],[-87.071814,20.643205],[-87.071483,20.643644],[-87.071167,20.644063],[-87.070880,20.644442],[-87.070558,20.644869],[-87.070240,20.645280],[-87.069926,20.645687],[-87.069625,20.646084],[-87.069308,20.646501],[-87.069006,20.646900],[-87.068681,20.647324],[-87.068361,20.647749],[-87.067978,20.648252],[-87.068051,20.648298],[-87.068769,20.648749],[-87.070834,20.650012],[-87.071154,20.650207],[-87.071611,20.650487],[-87.071727,20.650538],[-87.072143,20.650082],[-87.072354,20.650219],[-87.072681,20.649847],[-87.073832,20.648616],[-87.074087,20.648347],[-87.074646,20.647756],[-87.075301,20.647097],[-87.075590,20.646787],[-87.076875,20.647633],[-87.078187,20.648533],[-87.078397,20.648685],[-87.078697,20.648899],[-87.077636,20.650258],[-87.077320,20.650641],[-87.077248,20.650729],[-87.078820,20.651751],[-87.079094,20.651929],[-87.080405,20.652782],[-87.080566,20.652887],[-87.081073,20.653220],[-87.081675,20.652400],[-87.083100,20.650430],[-87.079458,20.647939],[-87.076411,20.645920],[-87.076333,20.645868],[-87.077769,20.644325],[-87.078552,20.643470],[-87.077940,20.643046],[-87.077077,20.642449],[-87.076193,20.641883],[-87.075325,20.641329],[-87.073889,20.640444],[-87.073877,20.640436]]],[[[-87.058904,20.636621],[-87.058756,20.637461],[-87.058529,20.638436],[-87.057939,20.639778],[-87.057184,20.641137],[-87.057150,20.641247],[-87.057119,20.641389],[-87.057084,20.641513],[-87.056967,20.641827],[-87.056891,20.641975],[-87.056544,20.642603],[-87.056434,20.642791],[-87.056275,20.643048],[-87.055744,20.643893],[-87.055529,20.644250],[-87.055541,20.644321],[-87.055535,20.644370],[-87.055506,20.644446],[-87.055384,20.644623],[-87.055278,20.644751],[-87.055051,20.644974],[-87.054912,20.645086],[-87.054868,20.645128],[-87.054857,20.645133],[-87.054838,20.645156],[-87.054295,20.645815],[-87.053455,20.646845],[-87.052676,20.647344],[-87.052289,20.647591],[-87.051996,20.647736],[-87.051728,20.647867],[-87.051425,20.647995],[-87.051069,20.648115],[-87.050983,20.648131],[-87.050748,20.648127],[-87.050239,20.647773],[-87.049847,20.647430],[-87.049666,20.647370],[-87.049674,20.647406],[-87.049949,20.648733],[-87.050113,20.648965],[-87.050642,20.649256],[-87.051091,20.649808],[-87.053167,20.652225],[-87.052208,20.653512],[-87.052698,20.653818],[-87.053153,20.654114],[-87.054046,20.654693],[-87.054062,20.654704],[-87.054538,20.654995],[-87.054976,20.655275],[-87.054577,20.655795],[-87.056447,20.656981],[-87.057119,20.657407],[-87.058187,20.658098],[-87.059622,20.659027],[-87.058415,20.660613],[-87.058180,20.660910],[-87.057507,20.661786],[-87.057507,20.661786],[-87.057178,20.662224],[-87.057000,20.662461],[-87.056462,20.663167],[-87.055880,20.663928],[-87.055614,20.664278],[-87.055614,20.664278],[-87.055040,20.665060],[-87.052452,20.668402],[-87.050673,20.670646],[-87.049102,20.672657],[-87.048908,20.672906],[-87.046798,20.671563],[-87.044628,20.674289],[-87.044076,20.673906],[-87.043486,20.673520],[-87.043280,20.673385],[-87.042861,20.673118],[-87.042482,20.672854],[-87.041351,20.672079],[-87.042522,20.670589],[-87.043480,20.669379],[-87.043069,20.669108],[-87.042713,20.668877],[-87.040632,20.671583],[-87.040112,20.671222],[-87.039670,20.670929],[-87.039274,20.670667],[-87.038779,20.671679],[-87.040136,20.672472],[-87.040251,20.672551],[-87.040362,20.672628],[-87.046196,20.676509],[-87.045938,20.676854],[-87.045161,20.677880],[-87.044642,20.678568],[-87.044044,20.679358],[-87.043292,20.680296],[-87.042698,20.681019],[-87.041936,20.681945],[-87.044111,20.683323],[-87.044305,20.683098],[-87.044561,20.682767],[-87.044807,20.682430],[-87.045081,20.682075],[-87.045320,20.681748],[-87.045600,20.681390],[-87.045855,20.681067],[-87.046175,20.680666],[-87.046176,20.680665],[-87.046964,20.679562],[-87.048101,20.678085],[-87.050572,20.674802],[-87.051036,20.674189],[-87.050079,20.673606],[-87.050594,20.673120],[-87.054289,20.674170],[-87.055289,20.674455],[-87.056302,20.674740],[-87.056393,20.674752],[-87.057307,20.675010],[-87.058024,20.675212],[-87.058065,20.675223],[-87.057624,20.669991],[-87.059689,20.669629],[-87.059731,20.671747],[-87.060905,20.671785],[-87.060831,20.672440],[-87.060654,20.674303],[-87.060294,20.675943],[-87.061585,20.676273],[-87.062691,20.676557],[-87.063685,20.676815],[-87.065403,20.677281],[-87.066281,20.677506],[-87.067339,20.677788],[-87.068407,20.678083],[-87.069642,20.678461],[-87.069743,20.678491],[-87.069931,20.678252],[-87.071564,20.676175],[-87.071634,20.676127],[-87.071730,20.676097],[-87.071852,20.676102],[-87.071628,20.675964],[-87.071824,20.675694],[-87.071125,20.674925],[-87.070847,20.674618],[-87.070404,20.674128],[-87.067474,20.670901],[-87.066409,20.671730],[-87.066194,20.671504],[-87.065671,20.670914],[-87.064271,20.669341],[-87.063759,20.668690],[-87.063491,20.668778],[-87.062606,20.668997],[-87.061455,20.669218],[-87.060744,20.669355],[-87.059136,20.669592],[-87.057602,20.669818],[-87.056615,20.670148],[-87.056154,20.670295],[-87.055674,20.670457],[-87.055369,20.670584],[-87.055290,20.670502],[-87.054458,20.669971],[-87.054218,20.669493],[-87.054202,20.669186],[-87.054202,20.669098],[-87.054905,20.668358],[-87.055194,20.668044],[-87.055626,20.667580],[-87.056073,20.667099],[-87.056248,20.666911],[-87.056998,20.666071],[-87.057098,20.665959],[-87.059045,20.663569],[-87.059520,20.663195],[-87.059678,20.663054],[-87.060264,20.662477],[-87.061253,20.661503],[-87.062137,20.660647],[-87.062409,20.660400],[-87.062736,20.660088],[-87.063421,20.659420],[-87.065426,20.657465],[-87.065842,20.657015],[-87.066541,20.656258],[-87.067024,20.655736],[-87.067054,20.655704],[-87.067622,20.655089],[-87.068194,20.655536],[-87.068508,20.655785],[-87.068815,20.656027],[-87.069122,20.656268],[-87.069312,20.656417],[-87.069342,20.656441],[-87.069540,20.656597],[-87.069849,20.656840],[-87.070156,20.657081],[-87.070465,20.657324],[-87.070990,20.657737],[-87.071455,20.658102],[-87.071554,20.657981],[-87.072171,20.657231],[-87.071836,20.656984],[-87.071172,20.656493],[-87.071043,20.656398],[-87.070116,20.655714],[-87.070043,20.655660],[-87.069025,20.654919],[-87.068274,20.654373],[-87.068091,20.654252],[-87.067473,20.653844],[-87.065509,20.652544],[-87.064998,20.652206],[-87.064931,20.652162],[-87.064781,20.652356],[-87.064466,20.652764],[-87.064153,20.653170],[-87.063895,20.653503],[-87.063835,20.653582],[-87.063535,20.653970],[-87.063519,20.653991],[-87.063198,20.654407],[-87.062880,20.654818],[-87.062567,20.655224],[-87.062253,20.655632],[-87.062207,20.655601],[-87.061701,20.655254],[-87.060811,20.654712],[-87.060501,20.655116],[-87.060284,20.655369],[-87.059400,20.654800],[-87.058496,20.654216],[-87.057546,20.653657],[-87.056631,20.653060],[-87.055739,20.652503],[-87.055646,20.652660],[-87.054697,20.652081],[-87.053729,20.651482],[-87.054084,20.651050],[-87.054400,20.650642],[-87.054732,20.650231],[-87.055046,20.649823],[-87.055381,20.649412],[-87.055676,20.648997],[-87.055981,20.648603],[-87.056311,20.648182],[-87.056625,20.647768],[-87.056939,20.647361],[-87.057262,20.646959],[-87.057566,20.646570],[-87.057893,20.646146],[-87.058217,20.645736],[-87.058530,20.645330],[-87.058854,20.644923],[-87.059169,20.644513],[-87.059483,20.644105],[-87.059798,20.643696],[-87.060169,20.643213],[-87.060220,20.643142],[-87.060531,20.642742],[-87.060832,20.642351],[-87.061166,20.641924],[-87.061483,20.641517],[-87.061803,20.641107],[-87.062117,20.640704],[-87.062436,20.640287],[-87.062756,20.639868],[-87.063062,20.639468],[-87.062189,20.638921],[-87.062498,20.638507],[-87.062808,20.638079],[-87.063071,20.637730],[-87.062196,20.637178],[-87.062195,20.637179],[-87.062012,20.637464],[-87.060786,20.637157],[-87.058904,20.636621]]],[[[-87.100216,20.613376],[-87.100158,20.613418],[-87.099992,20.613541],[-87.099079,20.614212],[-87.099180,20.614324],[-87.100349,20.615620],[-87.100850,20.616162],[-87.101352,20.616735],[-87.101865,20.617322],[-87.102356,20.617883],[-87.101888,20.618237],[-87.101144,20.618808],[-87.100604,20.619218],[-87.097310,20.615540],[-87.095941,20.616581],[-87.093900,20.618146],[-87.093525,20.618434],[-87.092741,20.619034],[-87.091353,20.620099],[-87.090238,20.620953],[-87.089355,20.621630],[-87.089081,20.621840],[-87.088916,20.621976],[-87.088150,20.622609],[-87.087823,20.622880],[-87.087692,20.622992],[-87.087476,20.623187],[-87.086994,20.623660],[-87.086677,20.623971],[-87.086421,20.624256],[-87.085732,20.625118],[-87.085674,20.625188],[-87.085380,20.625568],[-87.085039,20.626007],[-87.085002,20.626059],[-87.084696,20.626454],[-87.084641,20.626518],[-87.084397,20.626835],[-87.083779,20.627646],[-87.083711,20.627735],[-87.083383,20.628159],[-87.083040,20.628604],[-87.082690,20.629057],[-87.082396,20.629445],[-87.081790,20.630221],[-87.081304,20.630875],[-87.081147,20.631085],[-87.080701,20.631648],[-87.080580,20.631803],[-87.080298,20.632168],[-87.080249,20.632233],[-87.079877,20.632716],[-87.079544,20.633148],[-87.079206,20.633591],[-87.079173,20.633634],[-87.078933,20.633948],[-87.078849,20.634058],[-87.078637,20.634328],[-87.078364,20.634656],[-87.078333,20.634696],[-87.077956,20.635146],[-87.078722,20.635584],[-87.079053,20.635795],[-87.079202,20.635894],[-87.080102,20.636442],[-87.080965,20.636996],[-87.080983,20.637007],[-87.081834,20.637554],[-87.082369,20.637876],[-87.083147,20.638346],[-87.084052,20.638892],[-87.084952,20.639436],[-87.085888,20.639982],[-87.086777,20.640538],[-87.087672,20.641099],[-87.088571,20.641660],[-87.089445,20.642198],[-87.090516,20.642857],[-87.091451,20.643422],[-87.092421,20.644007],[-87.093364,20.644705],[-87.094252,20.645242],[-87.093874,20.645799],[-87.093549,20.646277],[-87.092665,20.645723],[-87.091652,20.645087],[-87.090742,20.644489],[-87.089742,20.643821],[-87.089668,20.643914],[-87.088660,20.643309],[-87.087796,20.644602],[-87.086980,20.644123],[-87.087903,20.642764],[-87.086955,20.642166],[-87.086048,20.641595],[-87.085171,20.641042],[-87.084269,20.640474],[-87.084115,20.640377],[-87.083345,20.639906],[-87.082440,20.639353],[-87.082059,20.639783],[-87.081654,20.640218],[-87.081262,20.640635],[-87.081209,20.640692],[-87.082412,20.641614],[-87.082887,20.641984],[-87.083559,20.642488],[-87.082502,20.643933],[-87.081512,20.645236],[-87.083250,20.646333],[-87.085369,20.647670],[-87.086773,20.646294],[-87.087017,20.646016],[-87.088190,20.644827],[-87.088574,20.645107],[-87.089178,20.645546],[-87.090492,20.646506],[-87.088876,20.648619],[-87.088224,20.649472],[-87.089912,20.650538],[-87.091883,20.651841],[-87.092168,20.651509],[-87.092394,20.651216],[-87.092561,20.651000],[-87.092805,20.650702],[-87.092901,20.650584],[-87.092941,20.650537],[-87.092942,20.650537],[-87.093594,20.649766],[-87.093931,20.649367],[-87.095032,20.648062],[-87.095183,20.647883],[-87.095690,20.647282],[-87.095955,20.646880],[-87.095894,20.646837],[-87.097643,20.644657],[-87.097568,20.644609],[-87.099285,20.642514],[-87.100510,20.641019],[-87.100451,20.640975],[-87.099048,20.640927],[-87.097750,20.640098],[-87.098080,20.639612],[-87.098416,20.639118],[-87.098726,20.638661],[-87.099060,20.638170],[-87.099382,20.637697],[-87.099782,20.637108],[-87.099581,20.637002],[-87.098847,20.636581],[-87.098666,20.636477],[-87.097793,20.635976],[-87.097728,20.635941],[-87.096809,20.635452],[-87.096741,20.635453],[-87.096687,20.635454],[-87.095897,20.634976],[-87.095847,20.634945],[-87.096206,20.634412],[-87.096562,20.633904],[-87.096862,20.633473],[-87.097059,20.633181],[-87.097170,20.632992],[-87.097634,20.632328],[-87.097654,20.632282],[-87.097925,20.631918],[-87.097944,20.631889],[-87.098232,20.631452],[-87.098139,20.631394],[-87.098048,20.631337],[-87.097242,20.630838],[-87.097210,20.630818],[-87.096343,20.630301],[-87.096315,20.630285],[-87.095427,20.629748],[-87.095411,20.629738],[-87.094480,20.629174],[-87.093699,20.628685],[-87.093598,20.628622],[-87.093188,20.628365],[-87.093188,20.628365],[-87.093594,20.627910],[-87.094022,20.627504],[-87.094366,20.627142],[-87.094408,20.627098],[-87.094818,20.626663],[-87.095169,20.626285],[-87.095214,20.626233],[-87.095633,20.625837],[-87.096067,20.625391],[-87.096593,20.624823],[-87.097046,20.624335],[-87.097859,20.623264],[-87.097977,20.623110],[-87.098156,20.623036],[-87.098723,20.622803],[-87.098779,20.622782],[-87.099693,20.622432],[-87.099416,20.622253],[-87.099319,20.622184],[-87.099219,20.622089],[-87.099190,20.622021],[-87.100194,20.620977],[-87.101122,20.619962],[-87.101188,20.619866],[-87.101223,20.619829],[-87.101970,20.619091],[-87.102819,20.618180],[-87.103409,20.617530],[-87.103932,20.617150],[-87.103733,20.616950],[-87.103526,20.616740],[-87.103180,20.616392],[-87.100342,20.613505],[-87.100216,20.613376]]]]},"properties":{"cvegeo":"2300800010014","match":"Neighborhood","name":"Ejidal","state":"Quintana Roo","municipality":"Playa del Carmen","city":"Playa del Carmen","neighborhood":"Ejidal","category":"Colonia","type":"U","postal_code":"77714","population":"26550","dwellings":null,"occupied_dwellings":null,"price_m2":null,"property_price":null,"ids_prom":"356.841","nse":"D","nse_label":"D (31%)","nse_score":"3.568","nse_ab":"495","nse_cplus":"1227","nse_c":"1419","nse_cminus":"1744","nse_dplus":"1873","nse_d":"3281","nse_e":"453","nse_total":"10522","nse_ab_pct":"4.71","nse_cplus_pct":"11.66","nse_c_pct":"13.49","nse_cminus_pct":"16.58","nse_dplus_pct":"17.81","nse_d_pct":"31.18","nse_e_pct":"4.31"}},{"type":"Feature","geometry":{"type":"Polygon","coordinates":[[[-87.103903,20.610603],[-87.103523,20.610913],[-87.102162,20.611952],[-87.103190,20.613002],[-87.103444,20.613266],[-87.104539,20.614416],[-87.104940,20.614839],[-87.105579,20.615494],[-87.105704,20.615496],[-87.106121,20.615160],[-87.107075,20.614393],[-87.106786,20.614056],[-87.105335,20.612385],[-87.105092,20.612027],[-87.104346,20.611146],[-87.103903,20.610603]]]},"properties":{"cvegeo":"2300800010016","match":"Neighborhood","name":"El Campestre","state":"Quintana Roo","municipality":"Playa del Carmen","city":"Playa del Carmen","neighborhood":"El Campestre","category":"Fraccionamiento","type":"U","postal_code":"77717","population":"78","dwellings":"0","occupied_dwellings":null,"price_m2":null,"property_price":null,"ids_prom":"523.695","nse":"C+","nse_label":"C+ (38%)","nse_score":"5.237","nse_ab":"4","nse_cplus":"15","nse_c":"11","nse_cminus":"5","nse_dplus":"1","nse_d":"1","nse_e":"0","nse_total":"40","nse_ab_pct":"10.84","nse_cplus_pct":"37.75","nse_c_pct":"29.32","nse_cminus_pct":"14.06","nse_dplus_pct":"4.02","nse_d_pct":"3.21","nse_e_pct":"0.00"}},{"type":"Feature","geometry":{"type":"Polygon","coordinates":[[[-87.036376,20.669950],[-87.035658,20.671444],[-87.035511,20.671756],[-87.035300,20.672220],[-87.044642,20.678568],[-87.045161,20.677880],[-87.045938,20.676854],[-87.046196,20.676509],[-87.040362,20.672628],[-87.040251,20.672551],[-87.040136,20.672472],[-87.038779,20.671679],[-87.038060,20.671162],[-87.036376,20.669950]]]},"properties":{"cvegeo":"2300800010017","match":"Neighborhood","name":"El Cielo","state":"Quintana Roo","municipality":"Playa del Carmen","city":"Playa del Carmen","neighborhood":"El Cielo","category":"Fraccionamiento","type":"U","postal_code":"77727","population":"870","dwellings":null,"occupied_dwellings":null,"price_m2":null,"property_price":null,"ids_prom":"582.128","nse":"C+","nse_label":"C+ (34%)","nse_score":"5.821","nse_ab":"6","nse_cplus":"7","nse_c":"6","nse_cminus":"2","nse_dplus":"0","nse_d":"0","nse_e":"0","nse_total":"23","nse_ab_pct":"28.57","nse_cplus_pct":"33.93","nse_c_pct":"28.57","nse_cminus_pct":"8.93","nse_dplus_pct":"0.00","nse_d_pct":"0.00","nse_e_pct":"0.00"}},{"type":"Feature","geometry":{"type":"Polygon","coordinates":[[[-87.067978,20.648252],[-87.067681,20.648643],[-87.067348,20.649082],[-87.067051,20.649461],[-87.066743,20.649854],[-87.066714,20.649899],[-87.066421,20.650264],[-87.066017,20.650779],[-87.065866,20.650968],[-87.065519,20.651407],[-87.065402,20.651556],[-87.065101,20.651950],[-87.064931,20.652162],[-87.064998,20.652206],[-87.065509,20.652544],[-87.067473,20.653844],[-87.068091,20.654252],[-87.068700,20.653607],[-87.068756,20.653548],[-87.069054,20.653232],[-87.069103,20.653181],[-87.069318,20.652954],[-87.069776,20.652472],[-87.069910,20.652331],[-87.070086,20.652151],[-87.070127,20.652109],[-87.070135,20.652101],[-87.070474,20.651754],[-87.070942,20.651275],[-87.071611,20.650487],[-87.071154,20.650207],[-87.070834,20.650012],[-87.068769,20.648749],[-87.068051,20.648298],[-87.067978,20.648252]]]},"properties":{"cvegeo":"2300800010018","match":"Neighborhood","name":"El Fundador I","state":"Quintana Roo","municipality":"Playa del Carmen","city":"Playa del Carmen","neighborhood":"El Fundador I","category":"Colonia","type":"U","postal_code":"77714","population":"678","dwellings":null,"occupied_dwellings":null,"price_m2":null,"property_price":null,"ids_prom":"234.950","nse":"D","nse_label":"D (51%)","nse_score":"2.350","nse_ab":"0","nse_cplus":"0","nse_c":"11","nse_cminus":"11","nse_dplus":"19","nse_d":"72","nse_e":"23","nse_total":"142","nse_ab_pct":"0.10","nse_cplus_pct":"0.28","nse_c_pct":"8.17","nse_cminus_pct":"8.12","nse_dplus_pct":"13.64","nse_d_pct":"50.73","nse_e_pct":"16.85"}},{"type":"Feature","geometry":{"type":"Polygon","coordinates":[[[-87.077956,20.635146],[-87.077878,20.635245],[-87.077774,20.635376],[-87.077568,20.635637],[-87.077230,20.636087],[-87.077220,20.636100],[-87.076839,20.636587],[-87.076519,20.637007],[-87.075824,20.637914],[-87.075091,20.638859],[-87.075064,20.638894],[-87.074330,20.639847],[-87.074160,20.640070],[-87.074148,20.640083],[-87.073918,20.640383],[-87.073877,20.640436],[-87.073889,20.640444],[-87.075325,20.641329],[-87.076193,20.641883],[-87.077077,20.642449],[-87.077940,20.643046],[-87.078552,20.643470],[-87.078774,20.643243],[-87.079131,20.642878],[-87.079507,20.642494],[-87.079997,20.641976],[-87.080436,20.641512],[-87.080881,20.641040],[-87.080990,20.640924],[-87.081209,20.640692],[-87.081262,20.640635],[-87.081654,20.640218],[-87.082059,20.639783],[-87.082440,20.639353],[-87.083345,20.639906],[-87.084115,20.640377],[-87.084269,20.640474],[-87.085171,20.641042],[-87.086048,20.641595],[-87.086955,20.642166],[-87.087903,20.642764],[-87.086980,20.644123],[-87.087796,20.644602],[-87.088660,20.643309],[-87.089668,20.643914],[-87.089742,20.643821],[-87.090742,20.644489],[-87.091652,20.645087],[-87.092665,20.645723],[-87.093549,20.646277],[-87.093874,20.645799],[-87.094252,20.645242],[-87.093364,20.644705],[-87.092421,20.644007],[-87.091451,20.643422],[-87.090516,20.642857],[-87.089445,20.642198],[-87.088571,20.641660],[-87.087672,20.641099],[-87.086777,20.640538],[-87.085888,20.639982],[-87.084952,20.639436],[-87.084052,20.638892],[-87.083147,20.638346],[-87.082369,20.637876],[-87.081834,20.637554],[-87.080983,20.637007],[-87.080965,20.636996],[-87.080102,20.636442],[-87.079202,20.635894],[-87.079053,20.635795],[-87.078722,20.635584],[-87.077956,20.635146]]]},"properties":{"cvegeo":"2300800010019","match":"Neighborhood","name":"El Pedregal","state":"Quintana Roo","municipality":"Playa del Carmen","city":"Playa del Carmen","neighborhood":"El Pedregal","category":"Colonia","type":"U","postal_code":"77712","population":"4024","dwellings":null,"occupied_dwellings":null,"price_m2":null,"property_price":null,"ids_prom":"339.874","nse":"D","nse_label":"D (29%)","nse_score":"3.399","nse_ab":"34","nse_cplus":"62","nse_c":"129","nse_cminus":"176","nse_dplus":"193","nse_d":"272","nse_e":"58","nse_total":"927","nse_ab_pct":"3.70","nse_cplus_pct":"6.75","nse_c_pct":"13.96","nse_cminus_pct":"19.00","nse_dplus_pct":"20.85","nse_d_pct":"29.41","nse_e_pct":"6.34"}},{"type":"Feature","geometry":{"type":"Polygon","coordinates":[[[-87.051618,20.684254],[-87.051261,20.684694],[-87.050981,20.685035],[-87.050716,20.685386],[-87.050466,20.685695],[-87.050247,20.686044],[-87.050017,20.686363],[-87.049591,20.686858],[-87.050336,20.687299],[-87.050695,20.687487],[-87.050695,20.687487],[-87.051074,20.687733],[-87.051086,20.687741],[-87.051441,20.687976],[-87.051796,20.688250],[-87.052136,20.688469],[-87.052462,20.688705],[-87.052681,20.688822],[-87.052879,20.688928],[-87.053182,20.689134],[-87.053590,20.689411],[-87.053590,20.689411],[-87.054376,20.688489],[-87.054489,20.688313],[-87.055502,20.687153],[-87.055573,20.687071],[-87.055373,20.686943],[-87.055234,20.686846],[-87.055199,20.686822],[-87.054906,20.686617],[-87.054860,20.686586],[-87.054528,20.686358],[-87.054491,20.686334],[-87.054205,20.686136],[-87.054154,20.686101],[-87.053799,20.685853],[-87.053459,20.685606],[-87.053424,20.685581],[-87.053114,20.685352],[-87.053113,20.685352],[-87.053081,20.685328],[-87.052772,20.685107],[-87.052756,20.685095],[-87.052462,20.684880],[-87.052419,20.684849],[-87.052149,20.684656],[-87.052059,20.684587],[-87.051618,20.684254]]]},"properties":{"cvegeo":"2300800010020","match":"Neighborhood","name":"El Peten","state":"Quintana Roo","municipality":"Playa del Carmen","city":"Playa del Carmen","neighborhood":"El Peten","category":"Fraccionamiento","type":"U","postal_code":"77724","population":"221","dwellings":null,"occupied_dwellings":null,"price_m2":null,"property_price":null,"ids_prom":"349.366","nse":"D","nse_label":"D (30%)","nse_score":"3.494","nse_ab":"15","nse_cplus":"64","nse_c":"154","nse_cminus":"221","nse_dplus":"197","nse_d":"281","nse_e":"16","nse_total":"948","nse_ab_pct":"1.58","nse_cplus_pct":"6.75","nse_c_pct":"16.24","nse_cminus_pct":"23.31","nse_dplus_pct":"20.78","nse_d_pct":"29.64","nse_e_pct":"1.69"}},{"type":"Feature","geometry":{"type":"Polygon","coordinates":[[[-87.102162,20.611952],[-87.101969,20.612094],[-87.101375,20.612532],[-87.100968,20.612828],[-87.100216,20.613376],[-87.100342,20.613505],[-87.103180,20.616392],[-87.103526,20.616740],[-87.103733,20.616950],[-87.103932,20.617150],[-87.104224,20.617444],[-87.104982,20.618203],[-87.105144,20.618364],[-87.105189,20.618601],[-87.105190,20.618601],[-87.106193,20.617608],[-87.106957,20.616870],[-87.107418,20.616458],[-87.108255,20.615771],[-87.107075,20.614393],[-87.106121,20.615160],[-87.105704,20.615496],[-87.105579,20.615494],[-87.104940,20.614839],[-87.104539,20.614416],[-87.103444,20.613266],[-87.103190,20.613002],[-87.102162,20.611952]]]},"properties":{"cvegeo":"2300800010022","match":"Neighborhood","name":"El Tigrillo","state":"Quintana Roo","municipality":"Playa del Carmen","city":"Playa del Carmen","neighborhood":"El Tigrillo","category":"Fraccionamiento","type":"U","postal_code":"77717","population":"2335","dwellings":null,"occupied_dwellings":null,"price_m2":null,"property_price":null,"ids_prom":"523.695","nse":"C+","nse_label":"C+ (38%)","nse_score":"5.237","nse_ab":"8","nse_cplus":"30","nse_c":"23","nse_cminus":"11","nse_dplus":"3","nse_d":"2","nse_e":"0","nse_total":"80","nse_ab_pct":"10.84","nse_cplus_pct":"37.75","nse_c_pct":"29.32","nse_cminus_pct":"14.06","nse_dplus_pct":"4.02","nse_d_pct":"3.21","nse_e_pct":"0.00"}},{"type":"Feature","geometry":{"type":"Polygon","coordinates":[[[-87.097977,20.623110],[-87.097859,20.623264],[-87.097046,20.624335],[-87.096593,20.624823],[-87.096067,20.625391],[-87.095633,20.625837],[-87.095214,20.626233],[-87.095169,20.626285],[-87.094818,20.626663],[-87.094408,20.627098],[-87.094366,20.627142],[-87.094022,20.627504],[-87.093594,20.627910],[-87.093188,20.628365],[-87.093188,20.628365],[-87.093598,20.628622],[-87.093699,20.628685],[-87.094480,20.629174],[-87.095411,20.629738],[-87.095427,20.629748],[-87.096315,20.630285],[-87.096343,20.630301],[-87.097210,20.630818],[-87.097242,20.630838],[-87.098048,20.631337],[-87.098139,20.631394],[-87.098232,20.631452],[-87.099168,20.632039],[-87.100072,20.632585],[-87.100443,20.632055],[-87.100769,20.631589],[-87.101098,20.631119],[-87.101421,20.630657],[-87.101726,20.630215],[-87.102087,20.629704],[-87.102404,20.629250],[-87.102156,20.629078],[-87.101996,20.628967],[-87.102132,20.628755],[-87.102234,20.628492],[-87.101878,20.628012],[-87.101196,20.627141],[-87.100510,20.626266],[-87.100051,20.625615],[-87.099780,20.625336],[-87.099270,20.624685],[-87.098110,20.623288],[-87.098091,20.623266],[-87.097977,20.623110]]]},"properties":{"cvegeo":"2300800010023","match":"Neighborhood","name":"Forjadores","state":"Quintana Roo","municipality":"Playa del Carmen","city":"Playa del Carmen","neighborhood":"Forjadores","category":"Colonia","type":"U","postal_code":"77716","population":"97","dwellings":null,"occupied_dwellings":null,"price_m2":null,"property_price":null,"ids_prom":"327.993","nse":"D","nse_label":"D (36%)","nse_score":"3.280","nse_ab":"20","nse_cplus":"50","nse_c":"74","nse_cminus":"76","nse_dplus":"88","nse_d":"203","nse_e":"47","nse_total":"561","nse_ab_pct":"3.65","nse_cplus_pct":"8.95","nse_c_pct":"13.25","nse_cminus_pct":"13.66","nse_dplus_pct":"15.73","nse_d_pct":"36.13","nse_e_pct":"8.47"}},{"type":"Feature","geometry":{"type":"Polygon","coordinates":[[[-87.081209,20.640692],[-87.080990,20.640924],[-87.080881,20.641040],[-87.080436,20.641512],[-87.079997,20.641976],[-87.079507,20.642494],[-87.079131,20.642878],[-87.078774,20.643243],[-87.078552,20.643470],[-87.078850,20.643495],[-87.080324,20.644389],[-87.080737,20.644640],[-87.081436,20.645082],[-87.081512,20.645236],[-87.082502,20.643933],[-87.083559,20.642488],[-87.082887,20.641984],[-87.082412,20.641614],[-87.081209,20.640692]]]},"properties":{"cvegeo":"2300800010024","match":"Neighborhood","name":"Los Fundadores","state":"Quintana Roo","municipality":"Playa del Carmen","city":"Playa del Carmen","neighborhood":"Los Fundadores","category":"Colonia","type":"U","postal_code":"77712","population":"288","dwellings":null,"occupied_dwellings":null,"price_m2":null,"property_price":null,"ids_prom":"448.934","nse":"C","nse_label":"C (40%)","nse_score":"4.489","nse_ab":"0","nse_cplus":"0","nse_c":"1","nse_cminus":"0","nse_dplus":"0","nse_d":"0","nse_e":"0","nse_total":"4","nse_ab_pct":"10.64","nse_cplus_pct":"6.38","nse_c_pct":"40.43","nse_cminus_pct":"17.02","nse_dplus_pct":"14.89","nse_d_pct":"10.64","nse_e_pct":"0.00"}},{"type":"Feature","geometry":{"type":"Polygon","coordinates":[[[-87.077248,20.650729],[-87.077103,20.650917],[-87.076942,20.651137],[-87.076786,20.651398],[-87.076148,20.652306],[-87.076047,20.652521],[-87.076496,20.652765],[-87.076556,20.652798],[-87.076780,20.652920],[-87.076910,20.652986],[-87.077549,20.653317],[-87.077978,20.653487],[-87.078230,20.653622],[-87.078547,20.653822],[-87.079535,20.654446],[-87.079791,20.654684],[-87.079959,20.654808],[-87.081073,20.653220],[-87.080566,20.652887],[-87.080405,20.652782],[-87.079094,20.651929],[-87.078820,20.651751],[-87.077248,20.650729]]]},"properties":{"cvegeo":"2300800010025","match":"Neighborhood","name":"Galaxia del Carmen III","state":"Quintana Roo","municipality":"Playa del Carmen","city":"Playa del Carmen","neighborhood":"Galaxia del Carmen III","category":"Fraccionamiento","type":"U","postal_code":"77723","population":"3448","dwellings":null,"occupied_dwellings":null,"price_m2":null,"property_price":null,"ids_prom":"432.489","nse":"C","nse_label":"C (26%)","nse_score":"4.325","nse_ab":"25","nse_cplus":"75","nse_c":"121","nse_cminus":"108","nse_dplus":"81","nse_d":"55","nse_e":"1","nse_total":"468","nse_ab_pct":"5.48","nse_cplus_pct":"16.11","nse_c_pct":"25.83","nse_cminus_pct":"23.10","nse_dplus_pct":"17.35","nse_d_pct":"11.78","nse_e_pct":"0.36"}},{"type":"Feature","geometry":{"type":"Polygon","coordinates":[[[-87.084213,20.654002],[-87.083878,20.654376],[-87.083465,20.654852],[-87.083128,20.655185],[-87.082932,20.655387],[-87.082801,20.655521],[-87.082093,20.656268],[-87.082021,20.656317],[-87.082424,20.656649],[-87.082781,20.656942],[-87.083100,20.657205],[-87.083465,20.657505],[-87.083933,20.657891],[-87.084276,20.658173],[-87.084630,20.658464],[-87.084915,20.658700],[-87.085207,20.658928],[-87.085273,20.658980],[-87.085508,20.659164],[-87.086368,20.658144],[-87.086645,20.657817],[-87.086953,20.657443],[-87.087793,20.656435],[-87.087411,20.656198],[-87.087336,20.656155],[-87.087074,20.656008],[-87.086987,20.655958],[-87.086887,20.655901],[-87.086783,20.655841],[-87.085970,20.655192],[-87.085596,20.654872],[-87.085277,20.654620],[-87.084862,20.654369],[-87.084213,20.654002]]]},"properties":{"cvegeo":"2300800010026","match":"Neighborhood","name":"Galaxia del Carmen 2","state":"Quintana Roo","municipality":"Playa del Carmen","city":"Playa del Carmen","neighborhood":"Galaxia del Carmen 2","category":"Fraccionamiento","type":"U","postal_code":"77723","population":"4685","dwellings":null,"occupied_dwellings":null,"price_m2":null,"property_price":null,"ids_prom":"404.612","nse":"C-","nse_label":"C- (26%)","nse_score":"4.046","nse_ab":"12","nse_cplus":"88","nse_c":"125","nse_cminus":"154","nse_dplus":"119","nse_d":"89","nse_e":"2","nse_total":"595","nse_ab_pct":"2.18","nse_cplus_pct":"14.86","nse_c_pct":"21.16","nse_cminus_pct":"25.90","nse_dplus_pct":"20.14","nse_d_pct":"14.99","nse_e_pct":"0.44"}},{"type":"Feature","geometry":{"type":"Polygon","coordinates":[[[-87.073515,20.637879],[-87.072800,20.638887],[-87.072800,20.638887],[-87.073250,20.639163],[-87.074246,20.639794],[-87.075006,20.638806],[-87.074895,20.638739],[-87.074701,20.638619],[-87.074347,20.638400],[-87.074307,20.638376],[-87.074240,20.638333],[-87.074007,20.638186],[-87.073547,20.637899],[-87.073515,20.637879]]]},"properties":{"cvegeo":"2300800010027","match":"Neighborhood","name":"Infonavit Gaviotas","state":"Quintana Roo","municipality":"Playa del Carmen","city":"Playa del Carmen","neighborhood":"Infonavit Gaviotas","category":"Fraccionamiento","type":"U","postal_code":"77720","population":"7085","dwellings":null,"occupied_dwellings":null,"price_m2":null,"property_price":null,"ids_prom":"302.970","nse":"D","nse_label":"D (39%)","nse_score":"3.030","nse_ab":"1","nse_cplus":"4","nse_c":"9","nse_cminus":"16","nse_dplus":"19","nse_d":"37","nse_e":"7","nse_total":"95","nse_ab_pct":"1.41","nse_cplus_pct":"4.90","nse_c_pct":"9.50","nse_cminus_pct":"17.45","nse_dplus_pct":"20.27","nse_d_pct":"39.12","nse_e_pct":"7.35"}},{"type":"Feature","geometry":{"type":"Polygon","coordinates":[[[-87.066632,20.627865],[-87.066628,20.627891],[-87.066580,20.628233],[-87.066146,20.629123],[-87.065911,20.629557],[-87.065696,20.629955],[-87.065049,20.630799],[-87.063677,20.632451],[-87.063387,20.632723],[-87.063378,20.632732],[-87.062695,20.633371],[-87.063354,20.633786],[-87.064096,20.634235],[-87.065480,20.635019],[-87.066119,20.635480],[-87.066196,20.635526],[-87.066537,20.635733],[-87.066973,20.635998],[-87.067038,20.636037],[-87.067038,20.636037],[-87.067101,20.636076],[-87.067551,20.636358],[-87.067864,20.636555],[-87.067938,20.636601],[-87.068028,20.636658],[-87.068385,20.636881],[-87.068796,20.637138],[-87.068834,20.637163],[-87.068899,20.637078],[-87.069921,20.635627],[-87.069921,20.635627],[-87.069969,20.635656],[-87.070819,20.636187],[-87.071591,20.636671],[-87.071654,20.636711],[-87.071690,20.636733],[-87.071666,20.636770],[-87.071618,20.636837],[-87.071315,20.637274],[-87.071007,20.637723],[-87.070672,20.638208],[-87.070609,20.638299],[-87.070662,20.638333],[-87.071470,20.638840],[-87.071522,20.638871],[-87.071926,20.638294],[-87.072253,20.637832],[-87.072620,20.637320],[-87.072664,20.637348],[-87.073480,20.637856],[-87.073515,20.637879],[-87.073547,20.637899],[-87.074007,20.638186],[-87.074240,20.638333],[-87.074307,20.638376],[-87.074347,20.638400],[-87.074701,20.638619],[-87.074895,20.638739],[-87.075006,20.638806],[-87.074246,20.639794],[-87.073250,20.639163],[-87.072800,20.638887],[-87.072421,20.639440],[-87.072468,20.639469],[-87.072652,20.639585],[-87.073511,20.640126],[-87.073906,20.640375],[-87.073918,20.640383],[-87.074148,20.640083],[-87.074160,20.640070],[-87.074330,20.639847],[-87.075064,20.638894],[-87.075091,20.638859],[-87.075824,20.637914],[-87.076519,20.637007],[-87.076839,20.636587],[-87.077220,20.636100],[-87.077230,20.636087],[-87.077568,20.635637],[-87.077774,20.635376],[-87.077878,20.635245],[-87.077956,20.635146],[-87.078333,20.634696],[-87.078364,20.634656],[-87.078637,20.634328],[-87.078849,20.634058],[-87.078933,20.633948],[-87.079173,20.633634],[-87.079139,20.633612],[-87.079125,20.633603],[-87.079064,20.633564],[-87.079051,20.633556],[-87.078353,20.633114],[-87.078208,20.633022],[-87.077592,20.632643],[-87.077293,20.632460],[-87.076399,20.631902],[-87.075481,20.631320],[-87.075477,20.631317],[-87.075477,20.631317],[-87.075301,20.631574],[-87.075260,20.631633],[-87.075222,20.631683],[-87.075207,20.631705],[-87.074982,20.632024],[-87.074707,20.632422],[-87.074477,20.632755],[-87.074407,20.632856],[-87.074389,20.632883],[-87.074352,20.632860],[-87.074262,20.632802],[-87.073524,20.632333],[-87.073436,20.632277],[-87.072718,20.631773],[-87.072655,20.631728],[-87.072589,20.631685],[-87.071715,20.631107],[-87.071686,20.631087],[-87.071615,20.631040],[-87.070920,20.630581],[-87.070866,20.630546],[-87.069976,20.629976],[-87.069355,20.629579],[-87.068796,20.629233],[-87.066765,20.627976],[-87.066632,20.627865]],[[-87.069545,20.630599],[-87.069843,20.630786],[-87.070443,20.631163],[-87.071216,20.631649],[-87.071864,20.632058],[-87.072244,20.632297],[-87.071550,20.633295],[-87.071278,20.633671],[-87.071254,20.633702],[-87.071295,20.633733],[-87.072169,20.634269],[-87.071841,20.634735],[-87.071507,20.635213],[-87.070590,20.634651],[-87.070921,20.634181],[-87.071252,20.633705],[-87.070775,20.633403],[-87.070147,20.632998],[-87.069450,20.632575],[-87.069425,20.632610],[-87.069129,20.633032],[-87.068835,20.633457],[-87.068798,20.633511],[-87.068773,20.633548],[-87.068485,20.633975],[-87.068192,20.634409],[-87.068126,20.634507],[-87.067208,20.633934],[-87.067572,20.633407],[-87.067779,20.633107],[-87.067895,20.632931],[-87.068227,20.632469],[-87.068556,20.632001],[-87.068883,20.631536],[-87.069110,20.631213],[-87.069210,20.631071],[-87.069545,20.630599]]]},"properties":{"cvegeo":"2300800010028","match":"Neighborhood","name":"Gonzalo Guerrero","state":"Quintana Roo","municipality":"Playa del Carmen","city":"Playa del Carmen","neighborhood":"Gonzalo Guerrero","category":"Colonia","type":"U","postal_code":"77720","population":"33","dwellings":null,"occupied_dwellings":null,"price_m2":null,"property_price":null,"ids_prom":"363.262","nse":"D","nse_label":"D (28%)","nse_score":"3.633","nse_ab":"48","nse_cplus":"106","nse_c":"176","nse_cminus":"237","nse_dplus":"224","nse_d":"317","nse_e":"31","nse_total":"1143","nse_ab_pct":"4.22","nse_cplus_pct":"9.34","nse_c_pct":"15.47","nse_cminus_pct":"20.79","nse_dplus_pct":"19.61","nse_d_pct":"27.82","nse_e_pct":"2.76"}},{"type":"Feature","geometry":{"type":"Polygon","coordinates":[[[-87.113317,20.644966],[-87.113179,20.645142],[-87.113042,20.645317],[-87.112759,20.645663],[-87.112475,20.646009],[-87.112387,20.646117],[-87.112120,20.646419],[-87.111825,20.646766],[-87.111523,20.647170],[-87.111223,20.647520],[-87.111085,20.647684],[-87.110950,20.647850],[-87.110723,20.648126],[-87.110463,20.648421],[-87.110340,20.648552],[-87.109589,20.649467],[-87.108654,20.650603],[-87.108478,20.650837],[-87.108277,20.651077],[-87.108015,20.651388],[-87.107776,20.651677],[-87.107511,20.651996],[-87.107248,20.652337],[-87.107030,20.652630],[-87.106796,20.652946],[-87.106409,20.653472],[-87.106761,20.653691],[-87.107549,20.654164],[-87.107875,20.654372],[-87.108206,20.654576],[-87.108550,20.654801],[-87.108784,20.654928],[-87.108904,20.654999],[-87.109253,20.655220],[-87.109574,20.655415],[-87.109972,20.655684],[-87.110079,20.655750],[-87.110426,20.655230],[-87.110649,20.654897],[-87.110878,20.654555],[-87.111109,20.654209],[-87.111317,20.653897],[-87.111523,20.653589],[-87.111746,20.653255],[-87.111952,20.652946],[-87.112168,20.652623],[-87.112375,20.652313],[-87.112591,20.651990],[-87.112897,20.651532],[-87.113169,20.651124],[-87.113423,20.650745],[-87.113675,20.650368],[-87.113888,20.650048],[-87.114135,20.649678],[-87.114375,20.649319],[-87.114631,20.648937],[-87.114970,20.648429],[-87.115007,20.648371],[-87.115007,20.648371],[-87.115277,20.647968],[-87.115552,20.647556],[-87.115821,20.647154],[-87.116164,20.646641],[-87.114186,20.645481],[-87.113774,20.645226],[-87.113317,20.644966]]]},"properties":{"cvegeo":"2300800010030","match":"Neighborhood","name":"In House Playa del Carmen I","state":"Quintana Roo","municipality":"Playa del Carmen","city":"Playa del Carmen","neighborhood":"In House Playa del Carmen I","category":"Fraccionamiento","type":"U","postal_code":"77723","population":"199","dwellings":null,"occupied_dwellings":null,"price_m2":null,"property_price":null,"ids_prom":"216.831","nse":"D","nse_label":"D (48%)","nse_score":"2.168","nse_ab":"0","nse_cplus":"9","nse_c":"62","nse_cminus":"138","nse_dplus":"273","nse_d":"881","nse_e":"457","nse_total":"1824","nse_ab_pct":"0.00","nse_cplus_pct":"0.49","nse_c_pct":"3.40","nse_cminus_pct":"7.57","nse_dplus_pct":"14.97","nse_d_pct":"48.30","nse_e_pct":"25.11"}},{"type":"Feature","geometry":{"type":"Polygon","coordinates":[[[-87.035300,20.672220],[-87.033995,20.675098],[-87.039239,20.678031],[-87.043292,20.680296],[-87.044044,20.679358],[-87.044642,20.678568],[-87.035300,20.672220]]]},"properties":{"cvegeo":"2300800010031","match":"Neighborhood","name":"La Gloria","state":"Quintana Roo","municipality":"Playa del Carmen","city":"Playa del Carmen","neighborhood":"La Gloria","category":"Manzana","type":"U","postal_code":"77727","population":"1290","dwellings":null,"occupied_dwellings":null,"price_m2":null,"property_price":null,"ids_prom":"582.143","nse":"C+","nse_label":"C+ (34%)","nse_score":"5.821","nse_ab":"6","nse_cplus":"8","nse_c":"6","nse_cminus":"2","nse_dplus":"0","nse_d":"0","nse_e":"0","nse_total":"23","nse_ab_pct":"28.57","nse_cplus_pct":"33.93","nse_c_pct":"28.57","nse_cminus_pct":"8.93","nse_dplus_pct":"0.00","nse_d_pct":"0.00","nse_e_pct":"0.00"}},{"type":"Feature","geometry":{"type":"Polygon","coordinates":[[[-87.057626,20.680809],[-87.057351,20.681145],[-87.057115,20.681494],[-87.056862,20.681868],[-87.056614,20.682242],[-87.056370,20.682611],[-87.056148,20.682964],[-87.055876,20.683348],[-87.055832,20.683316],[-87.055772,20.683271],[-87.054887,20.682684],[-87.054646,20.682506],[-87.054161,20.682189],[-87.053517,20.681729],[-87.053291,20.682011],[-87.052975,20.682413],[-87.052760,20.682685],[-87.052689,20.682777],[-87.052438,20.683104],[-87.052257,20.683339],[-87.052196,20.683419],[-87.051888,20.683830],[-87.051618,20.684254],[-87.052059,20.684587],[-87.052149,20.684656],[-87.052419,20.684849],[-87.052462,20.684880],[-87.052756,20.685095],[-87.052772,20.685107],[-87.053081,20.685328],[-87.053113,20.685352],[-87.053114,20.685352],[-87.053424,20.685581],[-87.053459,20.685606],[-87.053799,20.685853],[-87.054154,20.686101],[-87.054205,20.686136],[-87.054491,20.686334],[-87.054528,20.686358],[-87.054860,20.686586],[-87.054906,20.686617],[-87.055199,20.686822],[-87.055234,20.686846],[-87.055373,20.686943],[-87.055573,20.687071],[-87.055502,20.687153],[-87.054489,20.688313],[-87.054376,20.688489],[-87.053590,20.689411],[-87.053946,20.689640],[-87.054063,20.689717],[-87.054356,20.689908],[-87.055142,20.690466],[-87.055899,20.690937],[-87.056641,20.691433],[-87.057001,20.691680],[-87.057003,20.691681],[-87.057219,20.691825],[-87.057390,20.691906],[-87.057467,20.691816],[-87.058093,20.691123],[-87.059211,20.689876],[-87.059863,20.689124],[-87.060086,20.688855],[-87.060396,20.688517],[-87.060396,20.688517],[-87.060712,20.688166],[-87.060127,20.687771],[-87.059409,20.687281],[-87.058734,20.686720],[-87.058354,20.686413],[-87.058143,20.686050],[-87.057911,20.685714],[-87.057720,20.685290],[-87.057575,20.684888],[-87.057519,20.684278],[-87.057344,20.683253],[-87.057626,20.680809]]]},"properties":{"cvegeo":"2300800010032","match":"Neighborhood","name":"La Guadalupana","state":"Quintana Roo","municipality":"Playa del Carmen","city":"Playa del Carmen","neighborhood":"La Guadalupana","category":"Fraccionamiento","type":"U","postal_code":"77724","population":"5700","dwellings":null,"occupied_dwellings":null,"price_m2":null,"property_price":null,"ids_prom":"314.105","nse":"D","nse_label":"D (39%)","nse_score":"3.141","nse_ab":"15","nse_cplus":"109","nse_c":"283","nse_cminus":"487","nse_dplus":"545","nse_d":"953","nse_e":"70","nse_total":"2462","nse_ab_pct":"0.61","nse_cplus_pct":"4.43","nse_c_pct":"11.50","nse_cminus_pct":"19.78","nse_dplus_pct":"22.14","nse_d_pct":"38.71","nse_e_pct":"2.84"}},{"type":"Feature","geometry":{"type":"Polygon","coordinates":[[[-87.065426,20.657465],[-87.063421,20.659420],[-87.062736,20.660088],[-87.062409,20.660400],[-87.063365,20.662038],[-87.063446,20.662178],[-87.064744,20.664264],[-87.064744,20.664264],[-87.065818,20.663579],[-87.066783,20.662986],[-87.067203,20.662682],[-87.067373,20.662567],[-87.067585,20.662357],[-87.068644,20.661344],[-87.069377,20.660636],[-87.067874,20.659374],[-87.067690,20.659228],[-87.067187,20.658915],[-87.065426,20.657465]]]},"properties":{"cvegeo":"2300800010035","match":"Neighborhood","name":"La Toscana","state":"Quintana Roo","municipality":"Playa del Carmen","city":"Playa del Carmen","neighborhood":"La Toscana","category":"Residencial","type":"U","postal_code":"77725","population":"373","dwellings":null,"occupied_dwellings":null,"price_m2":null,"property_price":null,"ids_prom":"538.934","nse":"C+","nse_label":"C+ (33%)","nse_score":"5.389","nse_ab":"142","nse_cplus":"280","nse_c":"252","nse_cminus":"111","nse_dplus":"44","nse_d":"13","nse_e":"0","nse_total":"845","nse_ab_pct":"16.92","nse_cplus_pct":"33.25","nse_c_pct":"29.94","nse_cminus_pct":"13.14","nse_dplus_pct":"5.21","nse_d_pct":"1.54","nse_e_pct":"0.00"}},{"type":"Feature","geometry":{"type":"Polygon","coordinates":[[[-87.099079,20.614212],[-87.098934,20.614321],[-87.098797,20.614425],[-87.098658,20.614530],[-87.097934,20.615066],[-87.097310,20.615540],[-87.100604,20.619218],[-87.101144,20.618808],[-87.101888,20.618237],[-87.102356,20.617883],[-87.101865,20.617322],[-87.101352,20.616735],[-87.100850,20.616162],[-87.100349,20.615620],[-87.099180,20.614324],[-87.099079,20.614212]]]},"properties":{"cvegeo":"2300800010036","match":"Neighborhood","name":"Los Almendros","state":"Quintana Roo","municipality":"Playa del Carmen","city":"Playa del Carmen","neighborhood":"Los Almendros","category":"Fraccionamiento","type":"U","postal_code":"77717","population":"378","dwellings":null,"occupied_dwellings":null,"price_m2":null,"property_price":null,"ids_prom":"569.047","nse":"C+","nse_label":"C+ (55%)","nse_score":"5.691","nse_ab":"2","nse_cplus":"7","nse_c":"1","nse_cminus":"1","nse_dplus":"0","nse_d":"0","nse_e":"0","nse_total":"14","nse_ab_pct":"19.05","nse_cplus_pct":"54.76","nse_c_pct":"11.90","nse_cminus_pct":"11.90","nse_dplus_pct":"0.00","nse_d_pct":"0.00","nse_e_pct":"0.00"}},{"type":"Feature","geometry":{"type":"Polygon","coordinates":[[[-87.095183,20.647883],[-87.095032,20.648062],[-87.093931,20.649367],[-87.093594,20.649766],[-87.092942,20.650537],[-87.092941,20.650537],[-87.093738,20.651034],[-87.094096,20.651239],[-87.095490,20.652106],[-87.096367,20.652648],[-87.096531,20.652747],[-87.097618,20.653412],[-87.098708,20.654089],[-87.099384,20.654514],[-87.100881,20.655430],[-87.102056,20.656149],[-87.102431,20.656380],[-87.102471,20.656333],[-87.102564,20.656223],[-87.102612,20.656189],[-87.102798,20.655951],[-87.103044,20.655635],[-87.103061,20.655595],[-87.103256,20.655351],[-87.103520,20.655005],[-87.103603,20.654946],[-87.103774,20.654745],[-87.104019,20.654436],[-87.104259,20.654133],[-87.104500,20.653841],[-87.104624,20.653676],[-87.104490,20.653604],[-87.104150,20.653393],[-87.103814,20.653193],[-87.103465,20.652972],[-87.103089,20.652744],[-87.102746,20.652534],[-87.102394,20.652320],[-87.102047,20.652109],[-87.101712,20.651898],[-87.100841,20.651362],[-87.098175,20.649727],[-87.095407,20.648022],[-87.095183,20.647883]]]},"properties":{"cvegeo":"2300800010037","match":"Neighborhood","name":"Las Palmas","state":"Quintana Roo","municipality":"Playa del Carmen","city":"Playa del Carmen","neighborhood":"Las Palmas","category":"Fraccionamiento","type":"U","postal_code":"77723","population":"6147","dwellings":null,"occupied_dwellings":null,"price_m2":null,"property_price":null,"ids_prom":"400.958","nse":"C-","nse_label":"C- (25%)","nse_score":"4.010","nse_ab":"58","nse_cplus":"297","nse_c":"554","nse_cminus":"585","nse_dplus":"487","nse_d":"399","nse_e":"5","nse_total":"2388","nse_ab_pct":"2.46","nse_cplus_pct":"12.47","nse_c_pct":"23.20","nse_cminus_pct":"24.52","nse_dplus_pct":"20.39","nse_d_pct":"16.71","nse_e_pct":"0.25"}},{"type":"Feature","geometry":{"type":"Polygon","coordinates":[[[-87.040410,20.667383],[-87.038359,20.670045],[-87.038552,20.670186],[-87.038981,20.670458],[-87.039095,20.670536],[-87.039274,20.670667],[-87.039670,20.670929],[-87.039706,20.670886],[-87.041713,20.668296],[-87.041749,20.668252],[-87.040410,20.667383]]]},"properties":{"cvegeo":"2300800010038","match":"Neighborhood","name":"Lol Kaa Tun","state":"Quintana Roo","municipality":"Playa del Carmen","city":"Playa del Carmen","neighborhood":"Lol Kaa Tun","category":"Fraccionamiento","type":"U","postal_code":"77727","population":"6300","dwellings":null,"occupied_dwellings":null,"price_m2":null,"property_price":null,"ids_prom":"525.180","nse":"C+","nse_label":"C+ (37%)","nse_score":"5.252","nse_ab":"8","nse_cplus":"26","nse_c":"20","nse_cminus":"8","nse_dplus":"5","nse_d":"2","nse_e":"0","nse_total":"70","nse_ab_pct":"12.30","nse_cplus_pct":"36.90","nse_c_pct":"28.65","nse_cminus_pct":"11.43","nse_dplus_pct":"7.53","nse_d_pct":"3.04","nse_e_pct":"0.00"}},{"type":"Feature","geometry":{"type":"Polygon","coordinates":[[[-87.045636,20.670796],[-87.044658,20.672036],[-87.044640,20.672061],[-87.043486,20.673520],[-87.044076,20.673906],[-87.044628,20.674289],[-87.046798,20.671563],[-87.045636,20.670796]]]},"properties":{"cvegeo":"2300800010039","match":"Neighborhood","name":"Lol Tun","state":"Quintana Roo","municipality":"Playa del Carmen","city":"Playa del Carmen","neighborhood":"Lol Tun","category":"Fraccionamiento","type":"U","postal_code":"77727","population":"245","dwellings":null,"occupied_dwellings":null,"price_m2":null,"property_price":null,"ids_prom":"525.180","nse":"C+","nse_label":"C+ (37%)","nse_score":"5.252","nse_ab":"7","nse_cplus":"23","nse_c":"18","nse_cminus":"7","nse_dplus":"4","nse_d":"1","nse_e":"0","nse_total":"63","nse_ab_pct":"12.30","nse_cplus_pct":"36.90","nse_c_pct":"28.65","nse_cminus_pct":"11.43","nse_dplus_pct":"7.53","nse_d_pct":"3.04","nse_e_pct":"0.00"}},{"type":"Feature","geometry":{"type":"Polygon","coordinates":[[[-87.077394,20.660481],[-87.077134,20.660686],[-87.076297,20.661355],[-87.075322,20.662143],[-87.075253,20.662196],[-87.074186,20.663010],[-87.073313,20.663678],[-87.073238,20.663736],[-87.074144,20.664497],[-87.074427,20.664703],[-87.074785,20.664964],[-87.076055,20.665905],[-87.076524,20.666215],[-87.076937,20.666534],[-87.077141,20.666687],[-87.077291,20.666799],[-87.077573,20.667037],[-87.077667,20.667111],[-87.077986,20.667334],[-87.078546,20.667675],[-87.079372,20.666586],[-87.079388,20.666567],[-87.079763,20.666125],[-87.080237,20.665810],[-87.080573,20.665388],[-87.080761,20.665151],[-87.080783,20.665123],[-87.081217,20.664577],[-87.081548,20.664161],[-87.081886,20.663745],[-87.081852,20.663688],[-87.081833,20.663631],[-87.081809,20.663561],[-87.081771,20.663488],[-87.079395,20.661882],[-87.077394,20.660481]]]},"properties":{"cvegeo":"2300800010040","match":"Neighborhood","name":"Los Olivos","state":"Quintana Roo","municipality":"Playa del Carmen","city":"Playa del Carmen","neighborhood":"Los Olivos","category":"Fraccionamiento","type":"U","postal_code":"77714","population":"161","dwellings":null,"occupied_dwellings":null,"price_m2":null,"property_price":null,"ids_prom":"494.711","nse":"C+","nse_label":"C+ (31%)","nse_score":"4.947","nse_ab":"96","nse_cplus":"360","nse_c":"353","nse_cminus":"170","nse_dplus":"107","nse_d":"73","nse_e":"0","nse_total":"1163","nse_ab_pct":"8.32","nse_cplus_pct":"30.97","nse_c_pct":"30.34","nse_cminus_pct":"14.61","nse_dplus_pct":"9.24","nse_d_pct":"6.35","nse_e_pct":"0.04"}},{"type":"Feature","geometry":{"type":"Polygon","coordinates":[[[-87.063463,20.637217],[-87.063107,20.637675],[-87.063071,20.637730],[-87.062808,20.638079],[-87.062498,20.638507],[-87.062189,20.638921],[-87.063062,20.639468],[-87.062756,20.639868],[-87.062436,20.640287],[-87.062117,20.640704],[-87.061803,20.641107],[-87.061483,20.641517],[-87.061166,20.641924],[-87.060832,20.642351],[-87.060531,20.642742],[-87.060220,20.643142],[-87.060169,20.643213],[-87.059798,20.643696],[-87.059483,20.644105],[-87.059169,20.644513],[-87.058854,20.644923],[-87.058530,20.645330],[-87.058217,20.645736],[-87.057893,20.646146],[-87.057566,20.646570],[-87.057262,20.646959],[-87.056939,20.647361],[-87.056625,20.647768],[-87.056311,20.648182],[-87.055981,20.648603],[-87.055676,20.648997],[-87.055381,20.649412],[-87.055046,20.649823],[-87.054732,20.650231],[-87.054400,20.650642],[-87.054084,20.651050],[-87.053729,20.651482],[-87.054697,20.652081],[-87.055646,20.652660],[-87.055739,20.652503],[-87.056631,20.653060],[-87.057546,20.653657],[-87.058496,20.654216],[-87.059400,20.654800],[-87.060284,20.655369],[-87.060501,20.655116],[-87.060811,20.654712],[-87.061701,20.655254],[-87.062207,20.655601],[-87.062253,20.655632],[-87.062567,20.655224],[-87.062880,20.654818],[-87.063198,20.654407],[-87.063519,20.653991],[-87.063535,20.653970],[-87.063835,20.653582],[-87.063895,20.653503],[-87.064153,20.653170],[-87.064466,20.652764],[-87.064781,20.652356],[-87.064931,20.652162],[-87.065101,20.651950],[-87.065402,20.651556],[-87.065519,20.651407],[-87.065866,20.650968],[-87.066017,20.650779],[-87.066421,20.650264],[-87.066714,20.649899],[-87.066743,20.649854],[-87.067051,20.649461],[-87.067348,20.649082],[-87.067681,20.648643],[-87.067978,20.648252],[-87.068361,20.647749],[-87.068681,20.647324],[-87.069006,20.646900],[-87.069308,20.646501],[-87.069625,20.646084],[-87.069926,20.645687],[-87.070240,20.645280],[-87.070558,20.644869],[-87.070880,20.644442],[-87.071167,20.644063],[-87.071483,20.643644],[-87.071814,20.643205],[-87.072114,20.642787],[-87.072199,20.642668],[-87.072014,20.642576],[-87.071728,20.642432],[-87.071603,20.642371],[-87.070889,20.641918],[-87.070739,20.641824],[-87.070711,20.641805],[-87.070640,20.641760],[-87.070640,20.641760],[-87.070601,20.641734],[-87.069779,20.641213],[-87.069746,20.641193],[-87.069705,20.641166],[-87.068906,20.640658],[-87.068832,20.640612],[-87.068749,20.640560],[-87.068738,20.640553],[-87.068014,20.640090],[-87.067972,20.640063],[-87.067946,20.640047],[-87.067096,20.639503],[-87.067068,20.639485],[-87.067021,20.639455],[-87.066208,20.638937],[-87.066170,20.638911],[-87.066136,20.638891],[-87.065626,20.638563],[-87.065317,20.638371],[-87.065260,20.638335],[-87.065197,20.638297],[-87.064406,20.637804],[-87.064358,20.637773],[-87.064357,20.637773],[-87.063463,20.637217]]]},"properties":{"cvegeo":"2300800010041","match":"Neighborhood","name":"Luis Donaldo Colosio","state":"Quintana Roo","municipality":"Playa del Carmen","city":"Playa del Carmen","neighborhood":"Luis Donaldo Colosio","category":"Colonia","type":"U","postal_code":"77728","population":"39","dwellings":null,"occupied_dwellings":null,"price_m2":null,"property_price":null,"ids_prom":"277.719","nse":"D","nse_label":"D (46%)","nse_score":"2.777","nse_ab":"107","nse_cplus":"332","nse_c":"650","nse_cminus":"1281","nse_dplus":"1931","nse_d":"4429","nse_e":"859","nse_total":"9593","nse_ab_pct":"1.12","nse_cplus_pct":"3.47","nse_c_pct":"6.79","nse_cminus_pct":"13.36","nse_dplus_pct":"20.13","nse_d_pct":"46.17","nse_e_pct":"8.96"}},{"type":"Feature","geometry":{"type":"Polygon","coordinates":[[[-87.038552,20.670186],[-87.038060,20.671162],[-87.038779,20.671679],[-87.039274,20.670667],[-87.039095,20.670536],[-87.038981,20.670458],[-87.038552,20.670186]]]},"properties":{"cvegeo":"2300800010042","match":"Neighborhood","name":"Marbella","state":"Quintana Roo","municipality":"Playa del Carmen","city":"Playa del Carmen","neighborhood":"Marbella","category":"Residencial","type":"U","postal_code":"77727","population":"1453","dwellings":null,"occupied_dwellings":null,"price_m2":null,"property_price":null,"ids_prom":"525.180","nse":"C+","nse_label":"C+ (37%)","nse_score":"5.252","nse_ab":"1","nse_cplus":"4","nse_c":"3","nse_cminus":"1","nse_dplus":"0","nse_d":"0","nse_e":"0","nse_total":"12","nse_ab_pct":"12.30","nse_cplus_pct":"36.90","nse_c_pct":"28.65","nse_cminus_pct":"11.43","nse_dplus_pct":"7.53","nse_d_pct":"3.04","nse_e_pct":"0.00"}},{"type":"Feature","geometry":{"type":"Polygon","coordinates":[[[-87.095955,20.646880],[-87.095690,20.647282],[-87.095183,20.647883],[-87.095407,20.648022],[-87.098175,20.649727],[-87.100841,20.651362],[-87.101712,20.651898],[-87.102047,20.652109],[-87.102394,20.652320],[-87.102746,20.652534],[-87.103089,20.652744],[-87.103465,20.652972],[-87.103814,20.653193],[-87.104150,20.653393],[-87.104490,20.653604],[-87.104624,20.653676],[-87.104500,20.653841],[-87.104259,20.654133],[-87.104019,20.654436],[-87.103774,20.654745],[-87.103603,20.654946],[-87.103520,20.655005],[-87.103256,20.655351],[-87.103061,20.655595],[-87.103044,20.655635],[-87.102798,20.655951],[-87.102612,20.656189],[-87.102564,20.656223],[-87.102471,20.656333],[-87.102431,20.656380],[-87.102299,20.656558],[-87.102074,20.656861],[-87.102018,20.656936],[-87.101836,20.657186],[-87.101706,20.657369],[-87.101501,20.657570],[-87.101374,20.657782],[-87.101244,20.657992],[-87.100837,20.658634],[-87.101020,20.658754],[-87.101698,20.659199],[-87.101951,20.659364],[-87.102994,20.660078],[-87.103128,20.660162],[-87.103310,20.660278],[-87.103646,20.660522],[-87.103966,20.660737],[-87.104293,20.660964],[-87.104392,20.661033],[-87.104624,20.661193],[-87.104950,20.661415],[-87.105282,20.661631],[-87.105618,20.661855],[-87.105669,20.661891],[-87.106043,20.662153],[-87.106367,20.662376],[-87.106686,20.662598],[-87.106987,20.662808],[-87.107288,20.663017],[-87.107335,20.663049],[-87.107374,20.663077],[-87.107478,20.663145],[-87.107553,20.663193],[-87.107553,20.663193],[-87.107606,20.663227],[-87.107663,20.663263],[-87.107872,20.663413],[-87.108358,20.663721],[-87.109233,20.662423],[-87.109233,20.662423],[-87.109353,20.662235],[-87.109595,20.661855],[-87.109595,20.661855],[-87.110378,20.660748],[-87.111176,20.659620],[-87.112628,20.657316],[-87.112340,20.657121],[-87.112004,20.656918],[-87.111659,20.656709],[-87.111360,20.656529],[-87.111013,20.656319],[-87.110660,20.656105],[-87.110347,20.655916],[-87.110079,20.655750],[-87.109972,20.655684],[-87.109574,20.655415],[-87.109253,20.655220],[-87.108904,20.654999],[-87.108784,20.654928],[-87.108550,20.654801],[-87.108206,20.654576],[-87.107875,20.654372],[-87.107549,20.654164],[-87.106761,20.653691],[-87.106409,20.653472],[-87.105959,20.653191],[-87.105627,20.652979],[-87.105114,20.652668],[-87.104782,20.652458],[-87.104459,20.652264],[-87.104107,20.652045],[-87.103755,20.651782],[-87.103609,20.651697],[-87.103506,20.651626],[-87.103409,20.651567],[-87.103077,20.651360],[-87.102735,20.651149],[-87.102387,20.650934],[-87.101630,20.650459],[-87.101212,20.650196],[-87.100889,20.649993],[-87.100567,20.649791],[-87.100211,20.649567],[-87.100163,20.649537],[-87.099869,20.649352],[-87.099536,20.649142],[-87.099108,20.648873],[-87.098906,20.648747],[-87.098540,20.648518],[-87.097862,20.648095],[-87.097383,20.647794],[-87.097280,20.647730],[-87.096856,20.647463],[-87.096493,20.647235],[-87.095955,20.646880]]]},"properties":{"cvegeo":"2300800010045","match":"Neighborhood","name":"Misión las Flores","state":"Quintana Roo","municipality":"Playa del Carmen","city":"Playa del Carmen","neighborhood":"Misión las Flores","category":"Fraccionamiento","type":"U","postal_code":"77723","population":"39","dwellings":null,"occupied_dwellings":null,"price_m2":null,"property_price":null,"ids_prom":"368.346","nse":"D","nse_label":"D (27%)","nse_score":"3.684","nse_ab":"105","nse_cplus":"421","nse_c":"702","nse_cminus":"907","nse_dplus":"898","nse_d":"1111","nse_e":"12","nse_total":"4164","nse_ab_pct":"2.54","nse_cplus_pct":"10.12","nse_c_pct":"16.87","nse_cminus_pct":"21.78","nse_dplus_pct":"21.58","nse_d_pct":"26.68","nse_e_pct":"0.29"}},{"type":"Feature","geometry":{"type":"Polygon","coordinates":[[[-87.076556,20.652798],[-87.076125,20.653366],[-87.076093,20.653409],[-87.076055,20.653451],[-87.075814,20.653769],[-87.075779,20.653816],[-87.075748,20.653858],[-87.075506,20.654178],[-87.075474,20.654221],[-87.075438,20.654266],[-87.075197,20.654584],[-87.075162,20.654632],[-87.075129,20.654670],[-87.074909,20.654963],[-87.074887,20.655008],[-87.074860,20.655047],[-87.074807,20.655109],[-87.074782,20.655138],[-87.074542,20.655455],[-87.074509,20.655501],[-87.074474,20.655544],[-87.074233,20.655862],[-87.074196,20.655907],[-87.074165,20.655950],[-87.073921,20.656269],[-87.073890,20.656315],[-87.073858,20.656358],[-87.073615,20.656677],[-87.073576,20.656728],[-87.073545,20.656764],[-87.073303,20.657083],[-87.073270,20.657128],[-87.073237,20.657171],[-87.072906,20.657621],[-87.073993,20.658363],[-87.074818,20.658930],[-87.075068,20.659096],[-87.075241,20.659214],[-87.075473,20.659372],[-87.075547,20.659415],[-87.075958,20.659652],[-87.076145,20.659760],[-87.077024,20.660268],[-87.077394,20.660481],[-87.077842,20.660085],[-87.079045,20.659088],[-87.079160,20.658489],[-87.079178,20.658392],[-87.079253,20.658094],[-87.079300,20.657885],[-87.079343,20.657614],[-87.079360,20.657502],[-87.079384,20.656823],[-87.079368,20.656321],[-87.079386,20.655949],[-87.079501,20.655495],[-87.079959,20.654808],[-87.079791,20.654684],[-87.079535,20.654446],[-87.078547,20.653822],[-87.078230,20.653622],[-87.077978,20.653487],[-87.077549,20.653317],[-87.076910,20.652986],[-87.076780,20.652920],[-87.076556,20.652798]]]},"properties":{"cvegeo":"2300800010046","match":"Neighborhood","name":"Misión del Carmen","state":"Quintana Roo","municipality":"Playa del Carmen","city":"Playa del Carmen","neighborhood":"Misión del Carmen","category":"Fraccionamiento","type":"U","postal_code":"77714","population":"3348","dwellings":null,"occupied_dwellings":null,"price_m2":null,"property_price":null,"ids_prom":"432.489","nse":"C","nse_label":"C (26%)","nse_score":"4.325","nse_ab":"89","nse_cplus":"262","nse_c":"420","nse_cminus":"375","nse_dplus":"282","nse_d":"191","nse_e":"5","nse_total":"1627","nse_ab_pct":"5.48","nse_cplus_pct":"16.11","nse_c_pct":"25.83","nse_cminus_pct":"23.10","nse_dplus_pct":"17.35","nse_d_pct":"11.78","nse_e_pct":"0.36"}},{"type":"Feature","geometry":{"type":"Polygon","coordinates":[[[-87.069377,20.660636],[-87.068644,20.661344],[-87.067585,20.662357],[-87.067373,20.662567],[-87.067203,20.662682],[-87.066783,20.662986],[-87.065818,20.663579],[-87.064744,20.664264],[-87.064820,20.664397],[-87.065549,20.665664],[-87.065789,20.666072],[-87.066727,20.667619],[-87.067748,20.667101],[-87.068047,20.666958],[-87.068626,20.666603],[-87.069711,20.665927],[-87.069841,20.665844],[-87.070472,20.665459],[-87.070592,20.665388],[-87.070890,20.665211],[-87.072004,20.664524],[-87.072316,20.664343],[-87.073202,20.663765],[-87.073238,20.663736],[-87.073313,20.663678],[-87.072948,20.663376],[-87.072284,20.662815],[-87.072182,20.662743],[-87.071122,20.661930],[-87.070033,20.661060],[-87.069377,20.660636]]]},"properties":{"cvegeo":"2300800010047","match":"Neighborhood","name":"Misión Villamar 1","state":"Quintana Roo","municipality":"Playa del Carmen","city":"Playa del Carmen","neighborhood":"Misión Villamar 1","category":"Fraccionamiento","type":"U","postal_code":"77725","population":"18178","dwellings":null,"occupied_dwellings":null,"price_m2":null,"property_price":null,"ids_prom":"347.375","nse":"D","nse_label":"D (30%)","nse_score":"3.474","nse_ab":"26","nse_cplus":"108","nse_c":"257","nse_cminus":"418","nse_dplus":"385","nse_d":"524","nse_e":"9","nse_total":"1732","nse_ab_pct":"1.50","nse_cplus_pct":"6.29","nse_c_pct":"14.89","nse_cminus_pct":"24.18","nse_dplus_pct":"22.27","nse_d_pct":"30.29","nse_e_pct":"0.58"}},{"type":"Feature","geometry":{"type":"Polygon","coordinates":[[[-87.060498,20.665470],[-87.058651,20.665775],[-87.057096,20.666047],[-87.057096,20.666047],[-87.056998,20.666071],[-87.056248,20.666911],[-87.056073,20.667099],[-87.055626,20.667580],[-87.055194,20.668044],[-87.054905,20.668358],[-87.054202,20.669098],[-87.054202,20.669186],[-87.054218,20.669493],[-87.054458,20.669971],[-87.055290,20.670502],[-87.055369,20.670584],[-87.055674,20.670457],[-87.056154,20.670295],[-87.056615,20.670148],[-87.057602,20.669818],[-87.059136,20.669592],[-87.060744,20.669355],[-87.060569,20.667774],[-87.060455,20.666707],[-87.060471,20.666236],[-87.060489,20.665718],[-87.060498,20.665470]]]},"properties":{"cvegeo":"2300800010048","match":"Neighborhood","name":"Misión Villamar II","state":"Quintana Roo","municipality":"Playa del Carmen","city":"Playa del Carmen","neighborhood":"Misión Villamar II","category":"Fraccionamiento","type":"U","postal_code":"77725","population":"5145","dwellings":null,"occupied_dwellings":null,"price_m2":null,"property_price":null,"ids_prom":"409.455","nse":"C","nse_label":"C (22%)","nse_score":"4.095","nse_ab":"51","nse_cplus":"140","nse_c":"232","nse_cminus":"227","nse_dplus":"219","nse_d":"154","nse_e":"14","nse_total":"1041","nse_ab_pct":"4.97","nse_cplus_pct":"13.53","nse_c_pct":"22.36","nse_cminus_pct":"21.88","nse_dplus_pct":"21.05","nse_d_pct":"14.84","nse_e_pct":"1.38"}},{"type":"Feature","geometry":{"type":"Polygon","coordinates":[[[-87.067622,20.655089],[-87.067054,20.655704],[-87.067024,20.655736],[-87.066541,20.656258],[-87.065842,20.657015],[-87.065426,20.657465],[-87.067187,20.658915],[-87.067690,20.659228],[-87.067874,20.659374],[-87.069377,20.660636],[-87.069861,20.660046],[-87.070008,20.659867],[-87.070347,20.659453],[-87.070760,20.658950],[-87.071455,20.658102],[-87.070990,20.657737],[-87.070465,20.657324],[-87.070156,20.657081],[-87.069849,20.656840],[-87.069540,20.656597],[-87.069342,20.656441],[-87.069312,20.656417],[-87.069122,20.656268],[-87.068815,20.656027],[-87.068508,20.655785],[-87.068194,20.655536],[-87.067622,20.655089]]]},"properties":{"cvegeo":"2300800010049","match":"Neighborhood","name":"Mundo Habitatt","state":"Quintana Roo","municipality":"Playa del Carmen","city":"Playa del Carmen","neighborhood":"Mundo Habitatt","category":"Fraccionamiento","type":"U","postal_code":"77714","population":"5780","dwellings":null,"occupied_dwellings":null,"price_m2":null,"property_price":null,"ids_prom":"441.971","nse":"C","nse_label":"C (27%)","nse_score":"4.420","nse_ab":"44","nse_cplus":"122","nse_c":"196","nse_cminus":"171","nse_dplus":"113","nse_d":"74","nse_e":"0","nse_total":"722","nse_ab_pct":"6.09","nse_cplus_pct":"16.90","nse_c_pct":"27.15","nse_cminus_pct":"23.68","nse_dplus_pct":"15.65","nse_d_pct":"10.25","nse_e_pct":"0.00"}},{"type":"Feature","geometry":{"type":"Polygon","coordinates":[[[-87.052208,20.653512],[-87.051471,20.654472],[-87.050956,20.655158],[-87.050883,20.655264],[-87.050234,20.656141],[-87.049283,20.657383],[-87.048521,20.658388],[-87.047725,20.659435],[-87.048184,20.659730],[-87.048664,20.660039],[-87.049154,20.660354],[-87.049592,20.660636],[-87.050035,20.660920],[-87.050453,20.661189],[-87.050875,20.660660],[-87.051420,20.659962],[-87.052043,20.659148],[-87.053017,20.657873],[-87.053647,20.657033],[-87.053714,20.656945],[-87.054256,20.656222],[-87.054577,20.655795],[-87.054976,20.655275],[-87.054538,20.654995],[-87.054062,20.654704],[-87.054046,20.654693],[-87.053153,20.654114],[-87.052698,20.653818],[-87.052208,20.653512]]]},"properties":{"cvegeo":"2300800010050","match":"Neighborhood","name":"Nicte-ha","state":"Quintana Roo","municipality":"Playa del Carmen","city":"Playa del Carmen","neighborhood":"Nicte-ha","category":"Colonia","type":"U","postal_code":"77727","population":"3478","dwellings":null,"occupied_dwellings":null,"price_m2":null,"property_price":null,"ids_prom":"287.425","nse":"D","nse_label":"D (42%)","nse_score":"2.874","nse_ab":"7","nse_cplus":"26","nse_c":"88","nse_cminus":"148","nse_dplus":"192","nse_d":"391","nse_e":"80","nse_total":"935","nse_ab_pct":"0.78","nse_cplus_pct":"2.86","nse_c_pct":"9.45","nse_cminus_pct":"15.87","nse_dplus_pct":"20.56","nse_d_pct":"41.89","nse_e_pct":"8.59"}},{"type":"Feature","geometry":{"type":"Polygon","coordinates":[[[-87.071254,20.633702],[-87.071252,20.633705],[-87.070921,20.634181],[-87.070590,20.634651],[-87.071507,20.635213],[-87.071841,20.634735],[-87.072169,20.634269],[-87.071295,20.633733],[-87.071254,20.633702]]]},"properties":{"cvegeo":"2300800010051","match":"Neighborhood","name":"Paraíso del Carmen","state":"Quintana Roo","municipality":"Playa del Carmen","city":"Playa del Carmen","neighborhood":"Paraíso del Carmen","category":"Colonia","type":"U","postal_code":"77720","population":"2445","dwellings":null,"occupied_dwellings":null,"price_m2":null,"property_price":null,"ids_prom":"471.831","nse":"C","nse_label":"C (29%)","nse_score":"4.718","nse_ab":"0","nse_cplus":"1","nse_c":"2","nse_cminus":"1","nse_dplus":"0","nse_d":"0","nse_e":"0","nse_total":"7","nse_ab_pct":"9.01","nse_cplus_pct":"19.72","nse_c_pct":"29.30","nse_cminus_pct":"23.94","nse_dplus_pct":"12.11","nse_d_pct":"5.92","nse_e_pct":"0.00"}},{"type":"Feature","geometry":{"type":"Polygon","coordinates":[[[-87.062137,20.660647],[-87.061253,20.661503],[-87.060264,20.662477],[-87.059678,20.663054],[-87.059520,20.663195],[-87.059045,20.663569],[-87.057098,20.665959],[-87.056998,20.666071],[-87.057096,20.666047],[-87.057096,20.666047],[-87.058651,20.665775],[-87.060498,20.665470],[-87.060450,20.665282],[-87.060787,20.664238],[-87.060944,20.663766],[-87.061685,20.661843],[-87.061821,20.661504],[-87.062132,20.660780],[-87.062137,20.660647]]]},"properties":{"cvegeo":"2300800010052","match":"Neighborhood","name":"Paraíso Playa del Carmen","state":"Quintana Roo","municipality":"Playa del Carmen","city":"Playa del Carmen","neighborhood":"Paraíso Playa del Carmen","category":"Fraccionamiento","type":"U","postal_code":"77725","population":"499","dwellings":null,"occupied_dwellings":null,"price_m2":null,"property_price":null,"ids_prom":"409.455","nse":"C","nse_label":"C (22%)","nse_score":"4.095","nse_ab":"20","nse_cplus":"55","nse_c":"91","nse_cminus":"89","nse_dplus":"85","nse_d":"60","nse_e":"5","nse_total":"407","nse_ab_pct":"4.97","nse_cplus_pct":"13.53","nse_c_pct":"22.36","nse_cminus_pct":"21.88","nse_dplus_pct":"21.05","nse_d_pct":"14.84","nse_e_pct":"1.38"}},{"type":"Feature","geometry":{"type":"Polygon","coordinates":[[[-87.073238,20.663736],[-87.073202,20.663765],[-87.072316,20.664343],[-87.072004,20.664524],[-87.070890,20.665211],[-87.070592,20.665388],[-87.070472,20.665459],[-87.069841,20.665844],[-87.069711,20.665927],[-87.069841,20.666225],[-87.070693,20.667156],[-87.071798,20.666024],[-87.071264,20.665536],[-87.071057,20.665443],[-87.071142,20.665392],[-87.071279,20.665516],[-87.071813,20.666009],[-87.073040,20.664885],[-87.073321,20.665079],[-87.073708,20.664805],[-87.073995,20.664602],[-87.075724,20.666166],[-87.076055,20.665905],[-87.074785,20.664964],[-87.074427,20.664703],[-87.074144,20.664497],[-87.073238,20.663736]]]},"properties":{"cvegeo":"2300800010053","match":"Neighborhood","name":"Parque Residencial","state":"Quintana Roo","municipality":"Playa del Carmen","city":"Playa del Carmen","neighborhood":"Parque Residencial","category":"Fraccionamiento","type":"U","postal_code":"77725","population":"3233","dwellings":null,"occupied_dwellings":null,"price_m2":null,"property_price":null,"ids_prom":"480.087","nse":"C+","nse_label":"C+ (27%)","nse_score":"4.801","nse_ab":"13","nse_cplus":"40","nse_c":"38","nse_cminus":"25","nse_dplus":"15","nse_d":"13","nse_e":"0","nse_total":"146","nse_ab_pct":"9.44","nse_cplus_pct":"27.47","nse_c_pct":"26.13","nse_cminus_pct":"17.06","nse_dplus_pct":"10.78","nse_d_pct":"8.86","nse_e_pct":"0.26"}},{"type":"Feature","geometry":{"type":"Polygon","coordinates":[[[-87.054726,20.676466],[-87.054281,20.677047],[-87.054245,20.677094],[-87.054150,20.677231],[-87.054071,20.677400],[-87.053589,20.678019],[-87.053283,20.678359],[-87.052968,20.678637],[-87.052652,20.678964],[-87.052286,20.679394],[-87.052006,20.679730],[-87.051772,20.679998],[-87.051545,20.680299],[-87.051141,20.680584],[-87.050845,20.680970],[-87.050598,20.681294],[-87.050039,20.682024],[-87.049733,20.682433],[-87.049451,20.682764],[-87.049535,20.682818],[-87.051543,20.684197],[-87.051618,20.684254],[-87.051888,20.683830],[-87.052196,20.683419],[-87.052257,20.683339],[-87.052438,20.683104],[-87.052689,20.682777],[-87.052760,20.682685],[-87.052975,20.682413],[-87.053291,20.682011],[-87.053517,20.681729],[-87.053560,20.681674],[-87.053814,20.681357],[-87.054045,20.681079],[-87.054305,20.680763],[-87.054576,20.680410],[-87.054789,20.680151],[-87.054861,20.680050],[-87.054920,20.679971],[-87.055133,20.679680],[-87.055161,20.679643],[-87.055181,20.679616],[-87.056194,20.678237],[-87.056574,20.677710],[-87.056630,20.677632],[-87.055881,20.677154],[-87.054984,20.676618],[-87.054789,20.676505],[-87.054726,20.676466]]]},"properties":{"cvegeo":"2300800010054","match":"Neighborhood","name":"Playazul","state":"Quintana Roo","municipality":"Playa del Carmen","city":"Playa del Carmen","neighborhood":"Playazul","category":"Fraccionamiento","type":"U","postal_code":"77724","population":"1325","dwellings":null,"occupied_dwellings":null,"price_m2":null,"property_price":null,"ids_prom":"428.140","nse":"C+","nse_label":"C+ (19%)","nse_score":"4.281","nse_ab":"36","nse_cplus":"83","nse_c":"83","nse_cminus":"79","nse_dplus":"69","nse_d":"76","nse_e":"4","nse_total":"434","nse_ab_pct":"8.42","nse_cplus_pct":"19.21","nse_c_pct":"19.20","nse_cminus_pct":"18.39","nse_dplus_pct":"15.98","nse_d_pct":"17.67","nse_e_pct":"1.13"}},{"type":"Feature","geometry":{"type":"Polygon","coordinates":[[[-87.082953,20.610781],[-87.082868,20.610872],[-87.082390,20.611379],[-87.082002,20.611670],[-87.081693,20.611900],[-87.081499,20.612089],[-87.081375,20.612226],[-87.081304,20.612306],[-87.079920,20.613505],[-87.079118,20.614246],[-87.078917,20.614614],[-87.078807,20.614816],[-87.078292,20.615754],[-87.077792,20.616679],[-87.077333,20.617521],[-87.076890,20.618335],[-87.076339,20.619346],[-87.076316,20.619387],[-87.075188,20.620757],[-87.075072,20.620919],[-87.075316,20.621119],[-87.075924,20.621563],[-87.075896,20.621653],[-87.076738,20.622311],[-87.077516,20.621433],[-87.077609,20.621318],[-87.077507,20.621178],[-87.078072,20.620176],[-87.078512,20.619471],[-87.079121,20.618421],[-87.079594,20.617629],[-87.080126,20.616777],[-87.080542,20.615870],[-87.080773,20.615241],[-87.081888,20.614337],[-87.083369,20.612986],[-87.084405,20.612118],[-87.084037,20.611795],[-87.083600,20.611382],[-87.082953,20.610781]]]},"properties":{"cvegeo":"2300800010055","match":"Neighborhood","name":"Playacar Fase I","state":"Quintana Roo","municipality":"Playa del Carmen","city":"Playa del Carmen","neighborhood":"Playacar Fase I","category":"Fraccionamiento","type":"U","postal_code":"77713","population":"1449","dwellings":null,"occupied_dwellings":null,"price_m2":null,"property_price":null,"ids_prom":"449.723","nse":"C+","nse_label":"C+ (21%)","nse_score":"4.497","nse_ab":"18","nse_cplus":"20","nse_c":"16","nse_cminus":"9","nse_dplus":"12","nse_d":"15","nse_e":"4","nse_total":"98","nse_ab_pct":"18.65","nse_cplus_pct":"20.67","nse_c_pct":"17.04","nse_cminus_pct":"9.35","nse_dplus_pct":"12.47","nse_d_pct":"15.21","nse_e_pct":"4.72"}},{"type":"Feature","geometry":{"type":"Polygon","coordinates":[[[-87.093443,20.600182],[-87.090266,20.602933],[-87.089931,20.603261],[-87.089793,20.603164],[-87.089685,20.603283],[-87.088695,20.604267],[-87.088030,20.605013],[-87.086639,20.606527],[-87.085381,20.607865],[-87.084811,20.608638],[-87.084490,20.609070],[-87.084145,20.609500],[-87.083719,20.609963],[-87.083478,20.610220],[-87.082953,20.610781],[-87.083600,20.611382],[-87.084037,20.611795],[-87.084405,20.612118],[-87.083369,20.612986],[-87.081888,20.614337],[-87.080773,20.615241],[-87.080542,20.615870],[-87.080126,20.616777],[-87.079594,20.617629],[-87.079121,20.618421],[-87.078512,20.619471],[-87.078072,20.620176],[-87.078155,20.620209],[-87.078280,20.620250],[-87.078371,20.620321],[-87.078411,20.620392],[-87.078450,20.620423],[-87.079217,20.620622],[-87.082494,20.621470],[-87.083795,20.621802],[-87.085120,20.622148],[-87.086366,20.622463],[-87.087409,20.622726],[-87.087667,20.622822],[-87.087680,20.622827],[-87.087764,20.622858],[-87.087780,20.622864],[-87.087823,20.622880],[-87.088150,20.622609],[-87.088916,20.621976],[-87.089081,20.621840],[-87.089355,20.621630],[-87.090238,20.620953],[-87.091353,20.620099],[-87.092741,20.619034],[-87.093525,20.618434],[-87.093900,20.618146],[-87.095941,20.616581],[-87.097310,20.615540],[-87.097934,20.615066],[-87.098658,20.614530],[-87.098797,20.614425],[-87.098934,20.614321],[-87.099079,20.614212],[-87.099992,20.613541],[-87.100158,20.613418],[-87.100216,20.613376],[-87.100968,20.612828],[-87.101375,20.612532],[-87.101969,20.612094],[-87.102162,20.611952],[-87.103523,20.610913],[-87.103903,20.610603],[-87.104311,20.610277],[-87.102134,20.608256],[-87.101246,20.607410],[-87.099301,20.605668],[-87.093443,20.600182]]]},"properties":{"cvegeo":"2300800010056","match":"Neighborhood","name":"Playacar Fase II","state":"Quintana Roo","municipality":"Playa del Carmen","city":"Playa del Carmen","neighborhood":"Playacar Fase II","category":"Fraccionamiento","type":"U","postal_code":"77717","population":"1112","dwellings":"0","occupied_dwellings":null,"price_m2":null,"property_price":null,"ids_prom":"552.359","nse":"C+","nse_label":"C+ (39%)","nse_score":"5.524","nse_ab":"98","nse_cplus":"208","nse_c":"142","nse_cminus":"55","nse_dplus":"17","nse_d":"7","nse_e":"0","nse_total":"533","nse_ab_pct":"18.54","nse_cplus_pct":"39.18","nse_c_pct":"26.65","nse_cminus_pct":"10.50","nse_dplus_pct":"3.21","nse_d_pct":"1.33","nse_e_pct":"0.00"}},{"type":"Feature","geometry":{"type":"Polygon","coordinates":[[[-87.051036,20.674189],[-87.050572,20.674802],[-87.048101,20.678085],[-87.046964,20.679562],[-87.046176,20.680665],[-87.047696,20.681634],[-87.048558,20.680597],[-87.048626,20.680517],[-87.048933,20.680151],[-87.049247,20.679776],[-87.049576,20.679384],[-87.049806,20.679110],[-87.049989,20.678851],[-87.050081,20.678750],[-87.050380,20.678425],[-87.050652,20.678131],[-87.050992,20.677736],[-87.051299,20.677381],[-87.051630,20.676998],[-87.051923,20.676658],[-87.052263,20.676264],[-87.052500,20.675990],[-87.053027,20.675401],[-87.051036,20.674189]]]},"properties":{"cvegeo":"2300800010057","match":"Neighborhood","name":"Playa Magna I","state":"Quintana Roo","municipality":"Playa del Carmen","city":"Playa del Carmen","neighborhood":"Playa Magna I","category":"Fraccionamiento","type":"U","postal_code":"77726","population":"5721","dwellings":null,"occupied_dwellings":null,"price_m2":null,"property_price":null,"ids_prom":"531.493","nse":"C+","nse_label":"C+ (33%)","nse_score":"5.315","nse_ab":"25","nse_cplus":"49","nse_c":"38","nse_cminus":"22","nse_dplus":"9","nse_d":"3","nse_e":"0","nse_total":"149","nse_ab_pct":"16.88","nse_cplus_pct":"33.28","nse_c_pct":"25.81","nse_cminus_pct":"15.10","nse_dplus_pct":"6.33","nse_d_pct":"2.60","nse_e_pct":"0.00"}},{"type":"Feature","geometry":{"type":"Polygon","coordinates":[[[-87.046176,20.680665],[-87.046175,20.680666],[-87.045855,20.681067],[-87.045600,20.681390],[-87.045320,20.681748],[-87.045081,20.682075],[-87.044807,20.682430],[-87.044561,20.682767],[-87.044305,20.683098],[-87.044111,20.683323],[-87.045763,20.684322],[-87.045921,20.684057],[-87.046141,20.683750],[-87.046360,20.683440],[-87.046605,20.683106],[-87.046786,20.682877],[-87.046830,20.682822],[-87.046892,20.682736],[-87.047002,20.682582],[-87.047002,20.682582],[-87.047249,20.682254],[-87.047493,20.681907],[-87.047696,20.681634],[-87.046176,20.680665]]]},"properties":{"cvegeo":"2300800010058","match":"Neighborhood","name":"Playa del Sol","state":"Quintana Roo","municipality":"Playa del Carmen","city":"Playa del Carmen","neighborhood":"Playa del Sol","category":"Fraccionamiento","type":"U","postal_code":"77726","population":"569","dwellings":null,"occupied_dwellings":null,"price_m2":null,"property_price":null,"ids_prom":"520.723","nse":"C+","nse_label":"C+ (37%)","nse_score":"5.207","nse_ab":"17","nse_cplus":"54","nse_c":"35","nse_cminus":"24","nse_dplus":"12","nse_d":"3","nse_e":"0","nse_total":"147","nse_ab_pct":"11.82","nse_cplus_pct":"36.86","nse_c_pct":"24.06","nse_cminus_pct":"16.83","nse_dplus_pct":"8.34","nse_d_pct":"2.09","nse_e_pct":"0.00"}},{"type":"Feature","geometry":{"type":"Polygon","coordinates":[[[-87.047696,20.681634],[-87.047493,20.681907],[-87.047249,20.682254],[-87.047002,20.682582],[-87.047002,20.682582],[-87.046892,20.682736],[-87.046830,20.682822],[-87.046786,20.682877],[-87.046605,20.683106],[-87.046360,20.683440],[-87.046141,20.683750],[-87.045921,20.684057],[-87.045763,20.684322],[-87.047452,20.685441],[-87.047510,20.685378],[-87.047553,20.685368],[-87.047629,20.685258],[-87.047861,20.684923],[-87.048102,20.684575],[-87.048337,20.684235],[-87.048589,20.683920],[-87.048683,20.683783],[-87.048823,20.683542],[-87.049069,20.683154],[-87.049279,20.682840],[-87.049449,20.682766],[-87.049451,20.682764],[-87.047696,20.681634]]]},"properties":{"cvegeo":"2300800010059","match":"Neighborhood","name":"Playa del Sol II el Cantil","state":"Quintana Roo","municipality":"Playa del Carmen","city":"Playa del Carmen","neighborhood":"Playa del Sol II el Cantil","category":"Fraccionamiento","type":"U","postal_code":"77726","population":"2997","dwellings":null,"occupied_dwellings":null,"price_m2":null,"property_price":null,"ids_prom":"520.723","nse":"C+","nse_label":"C+ (37%)","nse_score":"5.207","nse_ab":"19","nse_cplus":"60","nse_c":"39","nse_cminus":"27","nse_dplus":"13","nse_d":"3","nse_e":"0","nse_total":"163","nse_ab_pct":"11.82","nse_cplus_pct":"36.86","nse_c_pct":"24.06","nse_cminus_pct":"16.83","nse_dplus_pct":"8.34","nse_d_pct":"2.09","nse_e_pct":"0.00"}},{"type":"Feature","geometry":{"type":"Polygon","coordinates":[[[-87.076047,20.652521],[-87.075724,20.652809],[-87.075554,20.653029],[-87.075245,20.653438],[-87.074933,20.653846],[-87.074624,20.654254],[-87.074302,20.654677],[-87.074096,20.654918],[-87.073942,20.655103],[-87.073797,20.655276],[-87.073622,20.655486],[-87.073296,20.655876],[-87.072946,20.656283],[-87.072622,20.656683],[-87.072285,20.657088],[-87.072240,20.657144],[-87.072829,20.657568],[-87.072906,20.657621],[-87.073237,20.657171],[-87.073270,20.657128],[-87.073303,20.657083],[-87.073545,20.656764],[-87.073576,20.656728],[-87.073615,20.656677],[-87.073858,20.656358],[-87.073890,20.656315],[-87.073921,20.656269],[-87.074165,20.655950],[-87.074196,20.655907],[-87.074233,20.655862],[-87.074474,20.655544],[-87.074509,20.655501],[-87.074542,20.655455],[-87.074782,20.655138],[-87.074807,20.655109],[-87.074860,20.655047],[-87.074887,20.655008],[-87.074909,20.654963],[-87.075129,20.654670],[-87.075162,20.654632],[-87.075197,20.654584],[-87.075438,20.654266],[-87.075474,20.654221],[-87.075506,20.654178],[-87.075748,20.653858],[-87.075779,20.653816],[-87.075814,20.653769],[-87.076055,20.653451],[-87.076093,20.653409],[-87.076125,20.653366],[-87.076556,20.652798],[-87.076496,20.652765],[-87.076047,20.652521]]]},"properties":{"cvegeo":"2300800010060","match":"Neighborhood","name":"Privadas de Bosque Real","state":"Quintana Roo","municipality":"Playa del Carmen","city":"Playa del Carmen","neighborhood":"Privadas de Bosque Real","category":"Fraccionamiento","type":"U","postal_code":"77714","population":"868","dwellings":null,"occupied_dwellings":null,"price_m2":null,"property_price":null,"ids_prom":"432.489","nse":"C","nse_label":"C (26%)","nse_score":"4.325","nse_ab":"11","nse_cplus":"35","nse_c":"56","nse_cminus":"50","nse_dplus":"37","nse_d":"25","nse_e":"0","nse_total":"218","nse_ab_pct":"5.48","nse_cplus_pct":"16.11","nse_c_pct":"25.83","nse_cminus_pct":"23.10","nse_dplus_pct":"17.35","nse_d_pct":"11.78","nse_e_pct":"0.36"}},{"type":"Feature","geometry":{"type":"Polygon","coordinates":[[[-87.085928,20.652246],[-87.085116,20.653099],[-87.084509,20.653677],[-87.084213,20.654002],[-87.084862,20.654369],[-87.085277,20.654620],[-87.085596,20.654872],[-87.085970,20.655192],[-87.086783,20.655841],[-87.086887,20.655901],[-87.086987,20.655958],[-87.087074,20.656008],[-87.087336,20.656155],[-87.087411,20.656198],[-87.087793,20.656435],[-87.088298,20.655789],[-87.088556,20.655476],[-87.088909,20.655048],[-87.089334,20.654520],[-87.089076,20.654359],[-87.088780,20.654175],[-87.087980,20.653658],[-87.087573,20.653393],[-87.085928,20.652246]]]},"properties":{"cvegeo":"2300800010061","match":"Neighborhood","name":"Punta Estrella","state":"Quintana Roo","municipality":"Playa del Carmen","city":"Playa del Carmen","neighborhood":"Punta Estrella","category":"Fraccionamiento","type":"U","postal_code":"77723","population":"28772","dwellings":null,"occupied_dwellings":null,"price_m2":null,"property_price":null,"ids_prom":"514.595","nse":"C+","nse_label":"C+ (32%)","nse_score":"5.146","nse_ab":"10","nse_cplus":"31","nse_c":"31","nse_cminus":"13","nse_dplus":"6","nse_d":"3","nse_e":"0","nse_total":"97","nse_ab_pct":"11.05","nse_cplus_pct":"32.15","nse_c_pct":"31.95","nse_cminus_pct":"14.00","nse_dplus_pct":"6.90","nse_d_pct":"3.94","nse_e_pct":"0.00"}},{"type":"Feature","geometry":{"type":"Polygon","coordinates":[[[-87.070443,20.631163],[-87.070416,20.631202],[-87.070115,20.631632],[-87.069836,20.632033],[-87.069798,20.632087],[-87.069781,20.632112],[-87.069763,20.632136],[-87.069751,20.632153],[-87.069710,20.632208],[-87.069496,20.632511],[-87.069450,20.632575],[-87.070147,20.632998],[-87.070775,20.633403],[-87.071252,20.633705],[-87.071254,20.633702],[-87.071278,20.633671],[-87.071550,20.633295],[-87.072244,20.632297],[-87.071864,20.632058],[-87.071216,20.631649],[-87.070443,20.631163]]]},"properties":{"cvegeo":"2300800010062","match":"Neighborhood","name":"Quintas del Carmen","state":"Quintana Roo","municipality":"Playa del Carmen","city":"Playa del Carmen","neighborhood":"Quintas del Carmen","category":"Fraccionamiento","type":"U","postal_code":"77720","population":"3420","dwellings":null,"occupied_dwellings":null,"price_m2":null,"property_price":null,"ids_prom":"471.831","nse":"C","nse_label":"C (29%)","nse_score":"4.718","nse_ab":"1","nse_cplus":"4","nse_c":"6","nse_cminus":"5","nse_dplus":"2","nse_d":"1","nse_e":"0","nse_total":"20","nse_ab_pct":"9.01","nse_cplus_pct":"19.72","nse_c_pct":"29.30","nse_cminus_pct":"23.94","nse_dplus_pct":"12.11","nse_d_pct":"5.92","nse_e_pct":"0.00"}},{"type":"Feature","geometry":{"type":"Polygon","coordinates":[[[-87.062409,20.660400],[-87.062137,20.660647],[-87.062132,20.660780],[-87.061821,20.661504],[-87.061685,20.661843],[-87.060944,20.663766],[-87.060787,20.664238],[-87.060450,20.665282],[-87.060498,20.665470],[-87.061503,20.665329],[-87.062363,20.665191],[-87.063166,20.665024],[-87.063827,20.664821],[-87.064820,20.664397],[-87.064744,20.664264],[-87.064744,20.664264],[-87.063446,20.662178],[-87.063365,20.662038],[-87.062409,20.660400]]]},"properties":{"cvegeo":"2300800010064","match":"Neighborhood","name":"Real del Sol","state":"Quintana Roo","municipality":"Playa del Carmen","city":"Playa del Carmen","neighborhood":"Real del Sol","category":"Fraccionamiento","type":"U","postal_code":"77725","population":"121","dwellings":null,"occupied_dwellings":null,"price_m2":null,"property_price":null,"ids_prom":"512.392","nse":"C","nse_label":"C (29%)","nse_score":"5.124","nse_ab":"21","nse_cplus":"34","nse_c":"35","nse_cminus":"13","nse_dplus":"12","nse_d":"7","nse_e":"0","nse_total":"123","nse_ab_pct":"17.00","nse_cplus_pct":"27.67","nse_c_pct":"28.53","nse_cminus_pct":"10.95","nse_dplus_pct":"9.80","nse_d_pct":"5.76","nse_e_pct":"0.00"}},{"type":"Feature","geometry":{"type":"Polygon","coordinates":[[[-87.094523,20.657094],[-87.094270,20.657425],[-87.094023,20.657722],[-87.093779,20.658060],[-87.093684,20.658152],[-87.093333,20.658599],[-87.093116,20.658877],[-87.092756,20.659331],[-87.092428,20.659746],[-87.092196,20.660038],[-87.091979,20.660312],[-87.091762,20.660589],[-87.091614,20.660774],[-87.092391,20.661217],[-87.092373,20.661237],[-87.093467,20.661920],[-87.093934,20.662193],[-87.094405,20.662468],[-87.094850,20.662717],[-87.095504,20.663104],[-87.095801,20.663280],[-87.096118,20.663469],[-87.096437,20.663658],[-87.096639,20.663779],[-87.097237,20.662993],[-87.097747,20.662321],[-87.099436,20.660158],[-87.097108,20.658677],[-87.096836,20.658510],[-87.096523,20.658319],[-87.096230,20.658141],[-87.095900,20.657940],[-87.095407,20.657640],[-87.094523,20.657094]]]},"properties":{"cvegeo":"2300800010065","match":"Neighborhood","name":"Real Ibiza","state":"Quintana Roo","municipality":"Playa del Carmen","city":"Playa del Carmen","neighborhood":"Real Ibiza","category":"Fraccionamiento","type":"U","postal_code":"77723","population":"3772","dwellings":null,"occupied_dwellings":null,"price_m2":null,"property_price":null,"ids_prom":"485.694","nse":"C","nse_label":"C (31%)","nse_score":"4.857","nse_ab":"65","nse_cplus":"281","nse_c":"314","nse_cminus":"210","nse_dplus":"106","nse_d":"41","nse_e":"0","nse_total":"1022","nse_ab_pct":"6.37","nse_cplus_pct":"27.57","nse_c_pct":"30.79","nse_cminus_pct":"20.59","nse_dplus_pct":"10.39","nse_d_pct":"4.09","nse_e_pct":"0.00"}},{"type":"Feature","geometry":{"type":"Polygon","coordinates":[[[-87.072620,20.637320],[-87.072253,20.637832],[-87.071926,20.638294],[-87.071522,20.638871],[-87.071562,20.638894],[-87.071931,20.639123],[-87.071977,20.639151],[-87.072025,20.639182],[-87.072375,20.639410],[-87.072421,20.639440],[-87.072800,20.638887],[-87.072800,20.638887],[-87.073515,20.637879],[-87.073480,20.637856],[-87.072664,20.637348],[-87.072620,20.637320]]]},"properties":{"cvegeo":"2300800010066","match":"Neighborhood","name":"Sac-pakal","state":"Quintana Roo","municipality":"Playa del Carmen","city":"Playa del Carmen","neighborhood":"Sac-pakal","category":"Fraccionamiento","type":"U","postal_code":"77720","population":"1465","dwellings":null,"occupied_dwellings":null,"price_m2":null,"property_price":null,"ids_prom":"302.970","nse":"D","nse_label":"D (39%)","nse_score":"3.030","nse_ab":"1","nse_cplus":"4","nse_c":"8","nse_cminus":"15","nse_dplus":"18","nse_d":"35","nse_e":"6","nse_total":"89","nse_ab_pct":"1.41","nse_cplus_pct":"4.90","nse_c_pct":"9.50","nse_cminus_pct":"17.45","nse_dplus_pct":"20.27","nse_d_pct":"39.12","nse_e_pct":"7.35"}},{"type":"Feature","geometry":{"type":"Polygon","coordinates":[[[-87.059035,20.692941],[-87.057480,20.694188],[-87.058537,20.695237],[-87.058721,20.696684],[-87.060198,20.696309],[-87.060936,20.696505],[-87.061371,20.696876],[-87.061362,20.697345],[-87.059965,20.699006],[-87.059042,20.698452],[-87.056553,20.701973],[-87.054121,20.700265],[-87.053428,20.701308],[-87.060266,20.706126],[-87.063006,20.702082],[-87.063892,20.700776],[-87.066260,20.697440],[-87.066307,20.697373],[-87.062285,20.694926],[-87.059235,20.693053],[-87.059035,20.692941]]]},"properties":{"cvegeo":"2300800010067","match":"Neighborhood","name":"Sac-be Village","state":"Quintana Roo","municipality":"Playa del Carmen","city":"Playa del Carmen","neighborhood":"Sac-be Village","category":"Fraccionamiento","type":"U","postal_code":"77724","population":"96","dwellings":null,"occupied_dwellings":null,"price_m2":null,"property_price":null,"ids_prom":"300.000","nse":"C","nse_label":"C (21%)","nse_score":"3.000","nse_ab":"0","nse_cplus":"0","nse_c":"1","nse_cminus":"1","nse_dplus":"1","nse_d":"1","nse_e":"0","nse_total":"8","nse_ab_pct":"0.00","nse_cplus_pct":"0.00","nse_c_pct":"21.43","nse_cminus_pct":"21.43","nse_dplus_pct":"21.43","nse_d_pct":"21.43","nse_e_pct":"0.00"}},{"type":"Feature","geometry":{"type":"Polygon","coordinates":[[[-87.075590,20.646787],[-87.075301,20.647097],[-87.074646,20.647756],[-87.074087,20.648347],[-87.073832,20.648616],[-87.072681,20.649847],[-87.072354,20.650219],[-87.072143,20.650082],[-87.071727,20.650538],[-87.071927,20.650637],[-87.073281,20.651286],[-87.073774,20.651562],[-87.074195,20.651754],[-87.076047,20.652521],[-87.076148,20.652306],[-87.076786,20.651398],[-87.076942,20.651137],[-87.077103,20.650917],[-87.077248,20.650729],[-87.077320,20.650641],[-87.077636,20.650258],[-87.078697,20.648899],[-87.078397,20.648685],[-87.078187,20.648533],[-87.076875,20.647633],[-87.075590,20.646787]]]},"properties":{"cvegeo":"2300800010068","match":"Neighborhood","name":"Santa Fe del Carmen","state":"Quintana Roo","municipality":"Playa del Carmen","city":"Playa del Carmen","neighborhood":"Santa Fe del Carmen","category":"Fraccionamiento","type":"U","postal_code":"77712","population":"173","dwellings":null,"occupied_dwellings":null,"price_m2":null,"property_price":null,"ids_prom":"436.314","nse":"C","nse_label":"C (26%)","nse_score":"4.363","nse_ab":"38","nse_cplus":"111","nse_c":"171","nse_cminus":"150","nse_dplus":"112","nse_d":"75","nse_e":"2","nse_total":"662","nse_ab_pct":"5.83","nse_cplus_pct":"16.83","nse_c_pct":"25.92","nse_cminus_pct":"22.74","nse_dplus_pct":"16.94","nse_d_pct":"11.39","nse_e_pct":"0.34"}},{"type":"Feature","geometry":{"type":"Polygon","coordinates":[[[-87.033995,20.675098],[-87.032905,20.677500],[-87.032043,20.679399],[-87.032243,20.679584],[-87.032420,20.679692],[-87.033216,20.680125],[-87.034105,20.680609],[-87.036998,20.682183],[-87.037660,20.682544],[-87.038828,20.683179],[-87.039284,20.683425],[-87.040261,20.683959],[-87.041936,20.681945],[-87.042698,20.681019],[-87.043292,20.680296],[-87.039239,20.678031],[-87.033995,20.675098]]]},"properties":{"cvegeo":"2300800010069","match":"Neighborhood","name":"Selvamar","state":"Quintana Roo","municipality":"Playa del Carmen","city":"Playa del Carmen","neighborhood":"Selvamar","category":"Fraccionamiento","type":"U","postal_code":"77727","population":"727","dwellings":null,"occupied_dwellings":null,"price_m2":null,"property_price":null,"ids_prom":"520.723","nse":"C+","nse_label":"C+ (37%)","nse_score":"5.207","nse_ab":"0","nse_cplus":"0","nse_c":"0","nse_cminus":"0","nse_dplus":"0","nse_d":"0","nse_e":"0","nse_total":"0","nse_ab_pct":"11.82","nse_cplus_pct":"36.86","nse_c_pct":"24.06","nse_cminus_pct":"16.83","nse_dplus_pct":"8.34","nse_d_pct":"2.09","nse_e_pct":"0.00"}},{"type":"Feature","geometry":{"type":"Polygon","coordinates":[[[-87.053027,20.675401],[-87.052500,20.675990],[-87.052263,20.676264],[-87.051923,20.676658],[-87.051630,20.676998],[-87.051299,20.677381],[-87.050992,20.677736],[-87.050652,20.678131],[-87.050380,20.678425],[-87.050081,20.678750],[-87.049989,20.678851],[-87.049806,20.679110],[-87.049576,20.679384],[-87.049247,20.679776],[-87.048933,20.680151],[-87.048626,20.680517],[-87.048558,20.680597],[-87.047696,20.681634],[-87.049451,20.682764],[-87.049733,20.682433],[-87.050039,20.682024],[-87.050598,20.681294],[-87.050845,20.680970],[-87.051141,20.680584],[-87.051545,20.680299],[-87.051772,20.679998],[-87.052006,20.679730],[-87.052286,20.679394],[-87.052652,20.678964],[-87.052968,20.678637],[-87.053283,20.678359],[-87.053589,20.678019],[-87.054071,20.677400],[-87.054150,20.677231],[-87.054245,20.677094],[-87.054281,20.677047],[-87.054726,20.676466],[-87.054165,20.676113],[-87.053692,20.675822],[-87.053184,20.675508],[-87.053125,20.675468],[-87.053027,20.675401]]]},"properties":{"cvegeo":"2300800010071","match":"Neighborhood","name":"El Encuentro","state":"Quintana Roo","municipality":"Playa del Carmen","city":"Playa del Carmen","neighborhood":"El Encuentro","category":"Fraccionamiento","type":"U","postal_code":"77726","population":null,"dwellings":null,"occupied_dwellings":null,"price_m2":null,"property_price":null,"ids_prom":"531.367","nse":"C+","nse_label":"C+ (33%)","nse_score":"5.314","nse_ab":"25","nse_cplus":"50","nse_c":"39","nse_cminus":"23","nse_dplus":"9","nse_d":"4","nse_e":"0","nse_total":"153","nse_ab_pct":"16.87","nse_cplus_pct":"33.26","nse_c_pct":"25.80","nse_cminus_pct":"15.10","nse_dplus_pct":"6.34","nse_d_pct":"2.62","nse_e_pct":"0.00"}},{"type":"Feature","geometry":{"type":"Polygon","coordinates":[[[-87.064820,20.664397],[-87.063827,20.664821],[-87.063166,20.665024],[-87.062363,20.665191],[-87.061503,20.665329],[-87.060498,20.665470],[-87.060489,20.665718],[-87.060471,20.666236],[-87.060455,20.666707],[-87.060569,20.667774],[-87.060744,20.669355],[-87.061455,20.669218],[-87.062606,20.668997],[-87.063491,20.668778],[-87.063759,20.668690],[-87.065074,20.668258],[-87.066727,20.667619],[-87.065789,20.666072],[-87.065549,20.665664],[-87.064820,20.664397]]]},"properties":{"cvegeo":"2300800010073","match":"Neighborhood","name":"075","state":"Quintana Roo","municipality":"Playa del Carmen","city":"Playa del Carmen","neighborhood":"075","category":"Supermanzana","type":"U","postal_code":"77725","population":null,"dwellings":null,"occupied_dwellings":null,"price_m2":null,"property_price":null,"ids_prom":"512.391","nse":"C","nse_label":"C (29%)","nse_score":"5.124","nse_ab":"37","nse_cplus":"61","nse_c":"63","nse_cminus":"24","nse_dplus":"21","nse_d":"12","nse_e":"0","nse_total":"223","nse_ab_pct":"17.00","nse_cplus_pct":"27.67","nse_c_pct":"28.53","nse_cminus_pct":"10.95","nse_dplus_pct":"9.80","nse_d_pct":"5.76","nse_e_pct":"0.00"}},{"type":"Feature","geometry":{"type":"Polygon","coordinates":[[[-87.056630,20.677632],[-87.056574,20.677710],[-87.056194,20.678237],[-87.055181,20.679616],[-87.055161,20.679643],[-87.055133,20.679680],[-87.054920,20.679971],[-87.054861,20.680050],[-87.054789,20.680151],[-87.054576,20.680410],[-87.054305,20.680763],[-87.054045,20.681079],[-87.053814,20.681357],[-87.053560,20.681674],[-87.053517,20.681729],[-87.054161,20.682189],[-87.054646,20.682506],[-87.054887,20.682684],[-87.055772,20.683271],[-87.055832,20.683316],[-87.055876,20.683348],[-87.056148,20.682964],[-87.056370,20.682611],[-87.056614,20.682242],[-87.056862,20.681868],[-87.057115,20.681494],[-87.057351,20.681145],[-87.057626,20.680809],[-87.057869,20.680409],[-87.058420,20.679557],[-87.058827,20.679019],[-87.056882,20.677785],[-87.056630,20.677632]]]},"properties":{"cvegeo":"2300800010075","match":"Neighborhood","name":"Villas Riviera","state":"Quintana Roo","municipality":"Playa del Carmen","city":"Playa del Carmen","neighborhood":"Villas Riviera","category":"Fraccionamiento","type":"U","postal_code":"77724","population":"467","dwellings":null,"occupied_dwellings":null,"price_m2":null,"property_price":null,"ids_prom":"382.880","nse":"D","nse_label":"D (24%)","nse_score":"3.829","nse_ab":"37","nse_cplus":"104","nse_c":"130","nse_cminus":"158","nse_dplus":"161","nse_d":"194","nse_e":"13","nse_total":"801","nse_ab_pct":"4.71","nse_cplus_pct":"13.04","nse_c_pct":"16.30","nse_cminus_pct":"19.84","nse_dplus_pct":"20.20","nse_d_pct":"24.28","nse_e_pct":"1.63"}},{"type":"Feature","geometry":{"type":"Polygon","coordinates":[[[-87.069921,20.635627],[-87.068899,20.637078],[-87.068834,20.637163],[-87.068879,20.637192],[-87.069310,20.637462],[-87.069687,20.637698],[-87.069698,20.637705],[-87.069717,20.637717],[-87.069759,20.637744],[-87.070132,20.637988],[-87.070335,20.638120],[-87.070539,20.638253],[-87.070609,20.638299],[-87.070672,20.638208],[-87.071007,20.637723],[-87.071315,20.637274],[-87.071618,20.636837],[-87.071666,20.636770],[-87.071690,20.636733],[-87.071654,20.636711],[-87.071591,20.636671],[-87.070819,20.636187],[-87.069969,20.635656],[-87.069921,20.635627],[-87.069921,20.635627]]]},"properties":{"cvegeo":"2300800010089","match":"Neighborhood","name":"Tohoku","state":"Quintana Roo","municipality":"Playa del Carmen","city":"Playa del Carmen","neighborhood":"Tohoku","category":"Fraccionamiento","type":"U","postal_code":"77720","population":"172","dwellings":null,"occupied_dwellings":null,"price_m2":null,"property_price":null,"ids_prom":"471.817","nse":"C","nse_label":"C (29%)","nse_score":"4.718","nse_ab":"2","nse_cplus":"4","nse_c":"6","nse_cminus":"5","nse_dplus":"2","nse_d":"1","nse_e":"0","nse_total":"22","nse_ab_pct":"9.01","nse_cplus_pct":"19.72","nse_c_pct":"29.29","nse_cminus_pct":"23.94","nse_dplus_pct":"12.11","nse_d_pct":"5.92","nse_e_pct":"0.00"}},{"type":"Feature","geometry":{"type":"Polygon","coordinates":[[[-87.073310,20.668948],[-87.072024,20.670301],[-87.072075,20.670325],[-87.072298,20.670402],[-87.071605,20.671275],[-87.072027,20.671580],[-87.072349,20.671788],[-87.072687,20.672025],[-87.073005,20.672224],[-87.073207,20.672356],[-87.073444,20.672511],[-87.073839,20.672746],[-87.074071,20.672883],[-87.075098,20.671646],[-87.076107,20.670659],[-87.076274,20.670496],[-87.075817,20.670215],[-87.075440,20.669985],[-87.075044,20.669760],[-87.074995,20.669733],[-87.074687,20.669559],[-87.074619,20.669523],[-87.074567,20.669496],[-87.074285,20.669346],[-87.074060,20.669252],[-87.073844,20.669164],[-87.073685,20.669100],[-87.073455,20.669007],[-87.073310,20.668948]]]},"properties":{"cvegeo":"2300800010090","match":"Neighborhood","name":"Tumben Chilam","state":"Quintana Roo","municipality":"Playa del Carmen","city":"Playa del Carmen","neighborhood":"Tumben Chilam","category":"Fraccionamiento","type":"U","postal_code":"77725","population":"4941","dwellings":null,"occupied_dwellings":null,"price_m2":null,"property_price":null,"ids_prom":"439.064","nse":"C","nse_label":"C (24%)","nse_score":"4.391","nse_ab":"24","nse_cplus":"68","nse_c":"83","nse_cminus":"72","nse_dplus":"50","nse_d":"49","nse_e":"1","nse_total":"351","nse_ab_pct":"6.89","nse_cplus_pct":"19.57","nse_c_pct":"23.66","nse_cminus_pct":"20.68","nse_dplus_pct":"14.47","nse_d_pct":"14.21","nse_e_pct":"0.51"}},{"type":"Feature","geometry":{"type":"Polygon","coordinates":[[[-87.069545,20.630599],[-87.069210,20.631071],[-87.069110,20.631213],[-87.068883,20.631536],[-87.068556,20.632001],[-87.068227,20.632469],[-87.067895,20.632931],[-87.067779,20.633107],[-87.067572,20.633407],[-87.067208,20.633934],[-87.068126,20.634507],[-87.068192,20.634409],[-87.068485,20.633975],[-87.068773,20.633548],[-87.068798,20.633511],[-87.068835,20.633457],[-87.069129,20.633032],[-87.069425,20.632610],[-87.069450,20.632575],[-87.069496,20.632511],[-87.069710,20.632208],[-87.069751,20.632153],[-87.069763,20.632136],[-87.069781,20.632112],[-87.069798,20.632087],[-87.069836,20.632033],[-87.070115,20.631632],[-87.070416,20.631202],[-87.070443,20.631163],[-87.069843,20.630786],[-87.069545,20.630599]]]},"properties":{"cvegeo":"2300800010091","match":"Neighborhood","name":"Xaman-ha","state":"Quintana Roo","municipality":"Playa del Carmen","city":"Playa del Carmen","neighborhood":"Xaman-ha","category":"Fraccionamiento","type":"U","postal_code":"77720","population":"555","dwellings":null,"occupied_dwellings":null,"price_m2":null,"property_price":null,"ids_prom":"471.831","nse":"C","nse_label":"C (29%)","nse_score":"4.718","nse_ab":"2","nse_cplus":"4","nse_c":"7","nse_cminus":"5","nse_dplus":"3","nse_d":"1","nse_e":"0","nse_total":"24","nse_ab_pct":"9.01","nse_cplus_pct":"19.72","nse_c_pct":"29.30","nse_cminus_pct":"23.94","nse_dplus_pct":"12.11","nse_d_pct":"5.92","nse_e_pct":"0.00"}},{"type":"Feature","geometry":{"type":"Polygon","coordinates":[[[-87.064096,20.634235],[-87.063135,20.635078],[-87.062797,20.635393],[-87.062742,20.635441],[-87.062351,20.635781],[-87.061851,20.636226],[-87.061842,20.636234],[-87.061558,20.636485],[-87.061381,20.636661],[-87.061182,20.636833],[-87.060786,20.637157],[-87.062012,20.637464],[-87.062195,20.637179],[-87.062196,20.637178],[-87.063071,20.637730],[-87.063107,20.637675],[-87.063463,20.637217],[-87.064357,20.637773],[-87.064358,20.637773],[-87.064406,20.637804],[-87.065197,20.638297],[-87.065260,20.638335],[-87.065317,20.638371],[-87.065626,20.638563],[-87.066136,20.638891],[-87.066170,20.638911],[-87.066208,20.638937],[-87.067021,20.639455],[-87.067068,20.639485],[-87.067096,20.639503],[-87.067946,20.640047],[-87.067972,20.640063],[-87.068014,20.640090],[-87.068738,20.640553],[-87.068749,20.640560],[-87.068832,20.640612],[-87.068906,20.640658],[-87.069705,20.641166],[-87.069746,20.641193],[-87.069779,20.641213],[-87.070601,20.641734],[-87.070640,20.641760],[-87.070640,20.641760],[-87.070711,20.641805],[-87.070739,20.641824],[-87.070889,20.641918],[-87.071603,20.642371],[-87.071728,20.642432],[-87.072014,20.642576],[-87.072199,20.642668],[-87.072199,20.642668],[-87.072498,20.642246],[-87.072686,20.641998],[-87.072742,20.641923],[-87.073130,20.641410],[-87.073877,20.640436],[-87.073918,20.640383],[-87.073906,20.640375],[-87.073511,20.640126],[-87.072652,20.639585],[-87.072468,20.639469],[-87.072421,20.639440],[-87.072375,20.639410],[-87.072025,20.639182],[-87.071977,20.639151],[-87.071931,20.639123],[-87.071562,20.638894],[-87.071522,20.638871],[-87.071470,20.638840],[-87.070662,20.638333],[-87.070609,20.638299],[-87.070335,20.638120],[-87.069596,20.639161],[-87.069379,20.639025],[-87.068970,20.638765],[-87.068563,20.638503],[-87.068055,20.638180],[-87.068834,20.637163],[-87.068796,20.637138],[-87.068385,20.636881],[-87.068028,20.636658],[-87.067938,20.636601],[-87.067864,20.636555],[-87.067551,20.636358],[-87.067101,20.636076],[-87.067038,20.636037],[-87.067038,20.636037],[-87.066973,20.635998],[-87.066537,20.635733],[-87.066196,20.635526],[-87.066119,20.635480],[-87.065480,20.635019],[-87.064096,20.634235]]]},"properties":{"cvegeo":"2300800010092","match":"Neighborhood","name":"Zazil Ha","state":"Quintana Roo","municipality":"Playa del Carmen","city":"Playa del Carmen","neighborhood":"Zazil Ha","category":"Colonia","type":"U","postal_code":"77720","population":null,"dwellings":null,"occupied_dwellings":null,"price_m2":null,"property_price":null,"ids_prom":"298.088","nse":"D","nse_label":"D (40%)","nse_score":"2.981","nse_ab":"17","nse_cplus":"56","nse_c":"112","nse_cminus":"221","nse_dplus":"269","nse_d":"510","nse_e":"98","nse_total":"1287","nse_ab_pct":"1.36","nse_cplus_pct":"4.42","nse_c_pct":"8.72","nse_cminus_pct":"17.20","nse_dplus_pct":"20.89","nse_d_pct":"39.67","nse_e_pct":"7.65"}},{"type":"Feature","geometry":{"type":"Polygon","coordinates":[[[-87.054577,20.655795],[-87.054256,20.656222],[-87.053714,20.656945],[-87.053647,20.657033],[-87.053017,20.657873],[-87.052043,20.659148],[-87.051420,20.659962],[-87.050875,20.660660],[-87.050453,20.661189],[-87.050591,20.661357],[-87.050589,20.661877],[-87.050788,20.661866],[-87.051212,20.661746],[-87.051397,20.661645],[-87.051562,20.661623],[-87.051748,20.661713],[-87.052167,20.662077],[-87.052356,20.662351],[-87.052609,20.662600],[-87.052886,20.662819],[-87.053464,20.663055],[-87.053804,20.663287],[-87.054171,20.663603],[-87.054371,20.663775],[-87.054511,20.663895],[-87.054828,20.664128],[-87.055101,20.664208],[-87.055271,20.664256],[-87.055614,20.664278],[-87.055614,20.664278],[-87.055880,20.663928],[-87.056462,20.663167],[-87.057000,20.662461],[-87.057178,20.662224],[-87.057507,20.661786],[-87.057507,20.661786],[-87.058180,20.660910],[-87.058415,20.660613],[-87.059622,20.659027],[-87.058187,20.658098],[-87.057119,20.657407],[-87.056447,20.656981],[-87.054577,20.655795]]]},"properties":{"cvegeo":"2300800010093","match":"Neighborhood","name":"Zona Industrial","state":"Quintana Roo","municipality":"Playa del Carmen","city":"Playa del Carmen","neighborhood":"Zona Industrial","category":"Colonia","type":"U","postal_code":"77727","population":"78","dwellings":null,"occupied_dwellings":null,"price_m2":null,"property_price":null,"ids_prom":"416.162","nse":"C+","nse_label":"C+ (34%)","nse_score":"4.162","nse_ab":"1","nse_cplus":"3","nse_c":"0","nse_cminus":"2","nse_dplus":"0","nse_d":"1","nse_e":"0","nse_total":"11","nse_ab_pct":"14.61","nse_cplus_pct":"34.08","nse_c_pct":"0.00","nse_cminus_pct":"19.47","nse_dplus_pct":"0.00","nse_d_pct":"15.78","nse_e_pct":"0.00"}},{"type":"Feature","geometry":{"type":"Polygon","coordinates":[[[-87.099693,20.622432],[-87.098779,20.622782],[-87.098723,20.622803],[-87.098156,20.623036],[-87.097977,20.623110],[-87.098091,20.623266],[-87.098110,20.623288],[-87.099270,20.624685],[-87.100878,20.624917],[-87.100997,20.624272],[-87.101011,20.624190],[-87.100854,20.623972],[-87.099693,20.622432]]]},"properties":{"cvegeo":"2300800010094","match":"Neighborhood","name":"Bambú","state":"Quintana Roo","municipality":"Playa del Carmen","city":"Playa del Carmen","neighborhood":"Bambú","category":"Residencial","type":"U","postal_code":"77716","population":"185","dwellings":null,"occupied_dwellings":null,"price_m2":null,"property_price":null,"ids_prom":"608.547","nse":"C+","nse_label":"C+ (41%)","nse_score":"6.086","nse_ab":"7","nse_cplus":"8","nse_c":"4","nse_cminus":"0","nse_dplus":"0","nse_d":"0","nse_e":"0","nse_total":"20","nse_ab_pct":"35.99","nse_cplus_pct":"40.57","nse_c_pct":"19.43","nse_cminus_pct":"4.01","nse_dplus_pct":"0.00","nse_d_pct":"0.00","nse_e_pct":"0.00"}},{"type":"Feature","geometry":{"type":"Polygon","coordinates":[[[-87.103956,20.626552],[-87.103790,20.626811],[-87.103535,20.627202],[-87.103451,20.627441],[-87.103381,20.627670],[-87.103290,20.627975],[-87.103198,20.628248],[-87.103003,20.628487],[-87.102636,20.628690],[-87.102396,20.628745],[-87.102494,20.628805],[-87.103086,20.629166],[-87.103634,20.629498],[-87.103784,20.629574],[-87.104538,20.629958],[-87.105437,20.630495],[-87.106200,20.630919],[-87.106387,20.631028],[-87.107065,20.631442],[-87.107311,20.631592],[-87.107949,20.631945],[-87.110079,20.629627],[-87.106835,20.627999],[-87.106745,20.627988],[-87.106572,20.627903],[-87.106333,20.627766],[-87.105579,20.627381],[-87.103956,20.626552]]]},"properties":{"cvegeo":"2300800010095","match":"Neighborhood","name":"Joya Real","state":"Quintana Roo","municipality":"Playa del Carmen","city":"Playa del Carmen","neighborhood":"Joya Real","category":"Colonia","type":"U","postal_code":"77716","population":"33","dwellings":null,"occupied_dwellings":null,"price_m2":null,"property_price":null,"ids_prom":"75.391","nse":"D","nse_label":"D (38%)","nse_score":"0.754","nse_ab":"0","nse_cplus":"0","nse_c":"0","nse_cminus":"0","nse_dplus":"0","nse_d":"1","nse_e":"0","nse_total":"3","nse_ab_pct":"0.00","nse_cplus_pct":"0.00","nse_c_pct":"0.00","nse_cminus_pct":"0.01","nse_dplus_pct":"0.01","nse_d_pct":"37.52","nse_e_pct":"0.27"}},{"type":"Feature","geometry":{"type":"Polygon","coordinates":[[[-87.103932,20.617150],[-87.103409,20.617530],[-87.102819,20.618180],[-87.101970,20.619091],[-87.101223,20.619829],[-87.101188,20.619866],[-87.101756,20.620315],[-87.101881,20.620413],[-87.102030,20.620135],[-87.102637,20.619825],[-87.103291,20.619553],[-87.103750,20.619361],[-87.104127,20.619205],[-87.104237,20.619159],[-87.104885,20.618780],[-87.105189,20.618601],[-87.105144,20.618364],[-87.104982,20.618203],[-87.104224,20.617444],[-87.103932,20.617150]]]},"properties":{"cvegeo":"2300800010097","match":"Neighborhood","name":"La Joya","state":"Quintana Roo","municipality":"Playa del Carmen","city":"Playa del Carmen","neighborhood":"La Joya","category":"Fraccionamiento","type":"U","postal_code":"77716","population":"724","dwellings":null,"occupied_dwellings":null,"price_m2":null,"property_price":null,"ids_prom":"608.571","nse":"C+","nse_label":"C+ (41%)","nse_score":"6.086","nse_ab":"9","nse_cplus":"10","nse_c":"4","nse_cminus":"1","nse_dplus":"0","nse_d":"0","nse_e":"0","nse_total":"25","nse_ab_pct":"36.00","nse_cplus_pct":"40.57","nse_c_pct":"19.43","nse_cminus_pct":"4.00","nse_dplus_pct":"0.00","nse_d_pct":"0.00","nse_e_pct":"0.00"}},{"type":"Feature","geometry":{"type":"Polygon","coordinates":[[[-87.049451,20.682764],[-87.049449,20.682766],[-87.049279,20.682840],[-87.049069,20.683154],[-87.048823,20.683542],[-87.048683,20.683783],[-87.048589,20.683920],[-87.048337,20.684235],[-87.048102,20.684575],[-87.047861,20.684923],[-87.047629,20.685258],[-87.047553,20.685368],[-87.047510,20.685378],[-87.047452,20.685441],[-87.048041,20.685831],[-87.049591,20.686858],[-87.050017,20.686363],[-87.050247,20.686044],[-87.050466,20.685695],[-87.050716,20.685386],[-87.050981,20.685035],[-87.051261,20.684694],[-87.051618,20.684254],[-87.051543,20.684197],[-87.049535,20.682818],[-87.049451,20.682764]]]},"properties":{"cvegeo":"2300800010098","match":"Neighborhood","name":"Playa del Sol Sección Farallón","state":"Quintana Roo","municipality":"Playa del Carmen","city":"Playa del Carmen","neighborhood":"Playa del Sol Sección Farallón","category":"Fraccionamiento","type":"U","postal_code":"77724","population":"43","dwellings":null,"occupied_dwellings":null,"price_m2":null,"property_price":null,"ids_prom":"520.723","nse":"C+","nse_label":"C+ (37%)","nse_score":"5.207","nse_ab":"24","nse_cplus":"76","nse_c":"49","nse_cminus":"34","nse_dplus":"17","nse_d":"4","nse_e":"0","nse_total":"207","nse_ab_pct":"11.82","nse_cplus_pct":"36.86","nse_c_pct":"24.06","nse_cminus_pct":"16.83","nse_dplus_pct":"8.34","nse_d_pct":"2.09","nse_e_pct":"0.00"}},{"type":"Feature","geometry":{"type":"Polygon","coordinates":[[[-87.041749,20.668252],[-87.041713,20.668296],[-87.039706,20.670886],[-87.039670,20.670929],[-87.040112,20.671222],[-87.040632,20.671583],[-87.042713,20.668877],[-87.041749,20.668252]]]},"properties":{"cvegeo":"2300800010099","match":"Neighborhood","name":"Privanza del Mar","state":"Quintana Roo","municipality":"Playa del Carmen","city":"Playa del Carmen","neighborhood":"Privanza del Mar","category":"Fraccionamiento","type":"U","postal_code":"77727","population":"315","dwellings":null,"occupied_dwellings":null,"price_m2":null,"property_price":null,"ids_prom":"525.180","nse":"C+","nse_label":"C+ (37%)","nse_score":"5.252","nse_ab":"6","nse_cplus":"19","nse_c":"14","nse_cminus":"5","nse_dplus":"3","nse_d":"1","nse_e":"0","nse_total":"51","nse_ab_pct":"12.30","nse_cplus_pct":"36.90","nse_c_pct":"28.65","nse_cminus_pct":"11.43","nse_dplus_pct":"7.53","nse_d_pct":"3.04","nse_e_pct":"0.00"}},{"type":"Feature","geometry":{"type":"Polygon","coordinates":[[[-87.073780,20.682936],[-87.072305,20.684748],[-87.071759,20.685421],[-87.071504,20.685732],[-87.071378,20.685889],[-87.071378,20.685889],[-87.070982,20.686424],[-87.071175,20.686621],[-87.071439,20.686952],[-87.071513,20.687023],[-87.071589,20.687078],[-87.071653,20.687118],[-87.072275,20.687491],[-87.072969,20.687908],[-87.073297,20.688108],[-87.073685,20.688351],[-87.074056,20.688576],[-87.074340,20.688755],[-87.074721,20.688983],[-87.075062,20.689193],[-87.075402,20.689402],[-87.075661,20.689566],[-87.075712,20.689554],[-87.076277,20.688909],[-87.076400,20.688783],[-87.076568,20.688644],[-87.076978,20.688092],[-87.077195,20.687814],[-87.078703,20.685897],[-87.073780,20.682936]]]},"properties":{"cvegeo":"2300800010101","match":"Neighborhood","name":"Villa Maya Riviera","state":"Quintana Roo","municipality":"Playa del Carmen","city":"Playa del Carmen","neighborhood":"Villa Maya Riviera","category":"Fraccionamiento","type":"U","postal_code":"77725","population":"4260","dwellings":null,"occupied_dwellings":null,"price_m2":null,"property_price":null,"ids_prom":"563.830","nse":"C+","nse_label":"C+ (49%)","nse_score":"5.638","nse_ab":"10","nse_cplus":"22","nse_c":"9","nse_cminus":"0","nse_dplus":"0","nse_d":"0","nse_e":"0","nse_total":"46","nse_ab_pct":"23.40","nse_cplus_pct":"48.94","nse_c_pct":"21.28","nse_cminus_pct":"0.00","nse_dplus_pct":"0.00","nse_d_pct":"0.00","nse_e_pct":"0.00"}},{"type":"Feature","geometry":{"type":"Polygon","coordinates":[[[-87.076055,20.665905],[-87.075724,20.666166],[-87.075088,20.666669],[-87.074790,20.666930],[-87.074721,20.666987],[-87.074350,20.667293],[-87.074107,20.667497],[-87.073974,20.667612],[-87.073827,20.667737],[-87.073631,20.667937],[-87.073015,20.668562],[-87.072892,20.668792],[-87.073071,20.668852],[-87.073310,20.668948],[-87.073455,20.669007],[-87.073685,20.669100],[-87.073844,20.669164],[-87.074060,20.669252],[-87.074285,20.669346],[-87.074567,20.669496],[-87.074619,20.669523],[-87.074687,20.669559],[-87.074995,20.669733],[-87.075044,20.669760],[-87.075440,20.669985],[-87.075817,20.670215],[-87.076274,20.670496],[-87.076509,20.670188],[-87.077098,20.669414],[-87.077142,20.669361],[-87.077407,20.669044],[-87.077507,20.668923],[-87.077699,20.668692],[-87.078546,20.667675],[-87.077986,20.667334],[-87.077667,20.667111],[-87.077573,20.667037],[-87.077291,20.666799],[-87.077141,20.666687],[-87.076937,20.666534],[-87.076524,20.666215],[-87.076055,20.665905]]]},"properties":{"cvegeo":"2300800010105","match":"Neighborhood","name":"Cataluña II","state":"Quintana Roo","municipality":"Playa del Carmen","city":"Playa del Carmen","neighborhood":"Cataluña II","category":"Fraccionamiento","type":"U","postal_code":"77725","population":"3713","dwellings":null,"occupied_dwellings":null,"price_m2":null,"property_price":null,"ids_prom":"508.152","nse":"C+","nse_label":"C+ (32%)","nse_score":"5.082","nse_ab":"70","nse_cplus":"193","nse_c":"163","nse_cminus":"99","nse_dplus":"47","nse_d":"29","nse_e":"0","nse_total":"604","nse_ab_pct":"11.63","nse_cplus_pct":"31.96","nse_c_pct":"27.07","nse_cminus_pct":"16.52","nse_dplus_pct":"7.93","nse_d_pct":"4.89","nse_e_pct":"0.00"}},{"type":"Feature","geometry":{"type":"Polygon","coordinates":[[[-87.068834,20.637163],[-87.068055,20.638180],[-87.068563,20.638503],[-87.068970,20.638765],[-87.069379,20.639025],[-87.069596,20.639161],[-87.070335,20.638120],[-87.070132,20.637988],[-87.069759,20.637744],[-87.069717,20.637717],[-87.069698,20.637705],[-87.069687,20.637698],[-87.069310,20.637462],[-87.068879,20.637192],[-87.068834,20.637163]]]},"properties":{"cvegeo":"2300800010106","match":"Neighborhood","name":"Infonavit Colosio","state":"Quintana Roo","municipality":"Playa del Carmen","city":"Playa del Carmen","neighborhood":"Infonavit Colosio","category":"Fraccionamiento","type":"U","postal_code":"77720","population":"2699","dwellings":null,"occupied_dwellings":null,"price_m2":null,"property_price":null,"ids_prom":"296.823","nse":"D","nse_label":"D (40%)","nse_score":"2.968","nse_ab":"1","nse_cplus":"5","nse_c":"10","nse_cminus":"21","nse_dplus":"26","nse_d":"48","nse_e":"9","nse_total":"122","nse_ab_pct":"1.40","nse_cplus_pct":"4.23","nse_c_pct":"8.32","nse_cminus_pct":"17.16","nse_dplus_pct":"21.34","nse_d_pct":"39.82","nse_e_pct":"7.73"}},{"type":"Feature","geometry":{"type":"Polygon","coordinates":[[[-87.080783,20.665123],[-87.080761,20.665151],[-87.080573,20.665388],[-87.080237,20.665810],[-87.079763,20.666125],[-87.079388,20.666567],[-87.079372,20.666586],[-87.078546,20.667675],[-87.077699,20.668692],[-87.080024,20.670074],[-87.080382,20.670274],[-87.080418,20.670296],[-87.080418,20.670296],[-87.083022,20.671906],[-87.084180,20.672604],[-87.085395,20.673342],[-87.086490,20.674011],[-87.087634,20.674709],[-87.087754,20.674782],[-87.088223,20.674194],[-87.088504,20.673842],[-87.088666,20.673633],[-87.089071,20.673093],[-87.089854,20.672163],[-87.090076,20.671849],[-87.090476,20.671336],[-87.090635,20.671127],[-87.088493,20.669810],[-87.088208,20.669663],[-87.087880,20.669455],[-87.087544,20.669247],[-87.087219,20.669046],[-87.086875,20.668842],[-87.086563,20.668650],[-87.086171,20.668410],[-87.086074,20.668382],[-87.085918,20.668273],[-87.085815,20.668212],[-87.085711,20.668152],[-87.084977,20.667700],[-87.084776,20.667577],[-87.084421,20.667362],[-87.084088,20.667160],[-87.083739,20.666949],[-87.083321,20.666695],[-87.080783,20.665123]]]},"properties":{"cvegeo":"2300800010107","match":"Neighborhood","name":"Las Palmas II","state":"Quintana Roo","municipality":"Playa del Carmen","city":"Playa del Carmen","neighborhood":"Las Palmas II","category":"Fraccionamiento","type":"U","postal_code":"77714","population":"218","dwellings":null,"occupied_dwellings":null,"price_m2":null,"property_price":null,"ids_prom":"396.165","nse":"C-","nse_label":"C- (21%)","nse_score":"3.962","nse_ab":"98","nse_cplus":"339","nse_c":"525","nse_cminus":"550","nse_dplus":"523","nse_d":"528","nse_e":"5","nse_total":"2570","nse_ab_pct":"3.82","nse_cplus_pct":"13.22","nse_c_pct":"20.43","nse_cminus_pct":"21.40","nse_dplus_pct":"20.35","nse_d_pct":"20.55","nse_e_pct":"0.21"}},{"type":"Feature","geometry":{"type":"Polygon","coordinates":[[[-87.087724,20.666911],[-87.087610,20.667074],[-87.087260,20.667559],[-87.087198,20.667634],[-87.087081,20.667682],[-87.087000,20.667756],[-87.086647,20.668219],[-87.086581,20.668263],[-87.086507,20.668290],[-87.086383,20.668315],[-87.086171,20.668349],[-87.086074,20.668382],[-87.086171,20.668410],[-87.086563,20.668650],[-87.086875,20.668842],[-87.087219,20.669046],[-87.087544,20.669247],[-87.087880,20.669455],[-87.088208,20.669663],[-87.088493,20.669810],[-87.090635,20.671127],[-87.090754,20.670971],[-87.091267,20.670318],[-87.091258,20.670238],[-87.091456,20.670079],[-87.091922,20.669490],[-87.089137,20.667789],[-87.088841,20.667593],[-87.088452,20.667357],[-87.088088,20.667132],[-87.087724,20.666911]]]},"properties":{"cvegeo":"2300800010108","match":"Neighborhood","name":"Natura Playa del Carmen","state":"Quintana Roo","municipality":"Playa del Carmen","city":"Playa del Carmen","neighborhood":"Natura Playa del Carmen","category":"Fraccionamiento","type":"U","postal_code":"77714","population":"2024","dwellings":null,"occupied_dwellings":null,"price_m2":null,"property_price":null,"ids_prom":"459.452","nse":"C","nse_label":"C (31%)","nse_score":"4.595","nse_ab":"29","nse_cplus":"82","nse_c":"120","nse_cminus":"68","nse_dplus":"39","nse_d":"47","nse_e":"0","nse_total":"390","nse_ab_pct":"7.66","nse_cplus_pct":"21.22","nse_c_pct":"30.83","nse_cminus_pct":"17.49","nse_dplus_pct":"10.10","nse_d_pct":"12.04","nse_e_pct":"0.00"}},{"type":"Feature","geometry":{"type":"Polygon","coordinates":[[[-87.117192,20.665364],[-87.116690,20.666062],[-87.116333,20.666552],[-87.116102,20.666869],[-87.115554,20.667622],[-87.115359,20.667888],[-87.114300,20.669132],[-87.114299,20.669132],[-87.114166,20.669059],[-87.113718,20.668816],[-87.112969,20.668373],[-87.112552,20.668143],[-87.111397,20.667412],[-87.111027,20.667189],[-87.109402,20.666205],[-87.108925,20.666795],[-87.108649,20.667136],[-87.108389,20.667457],[-87.108053,20.667873],[-87.107870,20.668104],[-87.107684,20.668342],[-87.107683,20.668343],[-87.107444,20.668647],[-87.107162,20.669000],[-87.106888,20.669347],[-87.106638,20.669665],[-87.106637,20.669665],[-87.106446,20.669907],[-87.107141,20.670322],[-87.108350,20.671000],[-87.109926,20.671954],[-87.110293,20.672165],[-87.110798,20.672496],[-87.111291,20.672759],[-87.111848,20.673135],[-87.112495,20.673518],[-87.112896,20.673733],[-87.113518,20.674089],[-87.113882,20.674321],[-87.115814,20.675417],[-87.116347,20.675732],[-87.116347,20.675732],[-87.116986,20.676108],[-87.117399,20.676345],[-87.118496,20.676998],[-87.118696,20.677118],[-87.120248,20.675169],[-87.121425,20.673511],[-87.121410,20.673391],[-87.121106,20.673207],[-87.119949,20.672509],[-87.119613,20.672285],[-87.119298,20.672116],[-87.118772,20.671834],[-87.118406,20.671596],[-87.118056,20.671374],[-87.117747,20.671184],[-87.117270,20.670919],[-87.117192,20.670869],[-87.117191,20.670869],[-87.116867,20.670661],[-87.117735,20.669465],[-87.117797,20.669378],[-87.117977,20.669134],[-87.118483,20.668447],[-87.118734,20.668106],[-87.118950,20.667813],[-87.119446,20.667140],[-87.119599,20.667002],[-87.119711,20.666902],[-87.117717,20.665667],[-87.117650,20.665652],[-87.117192,20.665364]]]},"properties":{"cvegeo":"2300800010109","match":"Neighborhood","name":"Villas del Sol","state":"Quintana Roo","municipality":"Playa del Carmen","city":"Playa del Carmen","neighborhood":"Villas del Sol","category":"Fraccionamiento","type":"U","postal_code":"77723","population":null,"dwellings":null,"occupied_dwellings":null,"price_m2":null,"property_price":null,"ids_prom":"307.772","nse":"D","nse_label":"D (41%)","nse_score":"3.078","nse_ab":"31","nse_cplus":"176","nse_c":"564","nse_cminus":"992","nse_dplus":"1390","nse_d":"2259","nse_e":"39","nse_total":"5457","nse_ab_pct":"0.57","nse_cplus_pct":"3.23","nse_c_pct":"10.35","nse_cminus_pct":"18.19","nse_dplus_pct":"25.48","nse_d_pct":"41.39","nse_e_pct":"0.73"}},{"type":"Feature","geometry":{"type":"Polygon","coordinates":[[[-87.125130,20.664658],[-87.124209,20.665790],[-87.123976,20.666073],[-87.123265,20.666975],[-87.123012,20.667282],[-87.122768,20.667591],[-87.122200,20.668289],[-87.121300,20.667788],[-87.119878,20.666920],[-87.119876,20.666918],[-87.119761,20.666859],[-87.119711,20.666902],[-87.119599,20.667002],[-87.119446,20.667140],[-87.118950,20.667813],[-87.118734,20.668106],[-87.118483,20.668447],[-87.117977,20.669134],[-87.117797,20.669378],[-87.117735,20.669465],[-87.116867,20.670661],[-87.117191,20.670869],[-87.117192,20.670869],[-87.117270,20.670919],[-87.117747,20.671184],[-87.118056,20.671374],[-87.118406,20.671596],[-87.118772,20.671834],[-87.119298,20.672116],[-87.119613,20.672285],[-87.119949,20.672509],[-87.121106,20.673207],[-87.121410,20.673391],[-87.121425,20.673511],[-87.120248,20.675169],[-87.118696,20.677118],[-87.119144,20.677380],[-87.120676,20.678364],[-87.122023,20.679208],[-87.122352,20.679417],[-87.122698,20.679635],[-87.124049,20.680506],[-87.124981,20.681102],[-87.125245,20.681284],[-87.125272,20.681250],[-87.126820,20.679255],[-87.127970,20.677797],[-87.128130,20.677596],[-87.126746,20.676702],[-87.125424,20.675848],[-87.125054,20.675609],[-87.124690,20.675374],[-87.124349,20.675154],[-87.124069,20.674973],[-87.123736,20.674758],[-87.123400,20.674541],[-87.123076,20.674330],[-87.122742,20.674114],[-87.122202,20.673764],[-87.122023,20.673670],[-87.121480,20.673433],[-87.122451,20.672260],[-87.122754,20.671895],[-87.122993,20.671606],[-87.123232,20.671317],[-87.123365,20.671146],[-87.123497,20.670976],[-87.123735,20.670670],[-87.124420,20.669788],[-87.125305,20.668650],[-87.125566,20.668314],[-87.126263,20.667418],[-87.126472,20.667149],[-87.127181,20.666236],[-87.127368,20.665995],[-87.125899,20.665120],[-87.125291,20.664762],[-87.125130,20.664658]]]},"properties":{"cvegeo":"2300800010110","match":"Neighborhood","name":"Villas del Sol II","state":"Quintana Roo","municipality":"Playa del Carmen","city":"Playa del Carmen","neighborhood":"Villas del Sol II","category":"Fraccionamiento","type":"U","postal_code":"77723","population":null,"dwellings":null,"occupied_dwellings":null,"price_m2":null,"property_price":null,"ids_prom":"307.269","nse":"D","nse_label":"D (40%)","nse_score":"3.073","nse_ab":"10","nse_cplus":"184","nse_c":"805","nse_cminus":"1506","nse_dplus":"2053","nse_d":"3055","nse_e":"46","nse_total":"7662","nse_ab_pct":"0.13","nse_cplus_pct":"2.40","nse_c_pct":"10.51","nse_cminus_pct":"19.66","nse_dplus_pct":"26.79","nse_d_pct":"39.88","nse_e_pct":"0.61"}},{"type":"Feature","geometry":{"type":"Polygon","coordinates":[[[-87.103050,20.664526],[-87.102879,20.664764],[-87.101147,20.666839],[-87.101600,20.667100],[-87.104044,20.668516],[-87.106446,20.669907],[-87.106637,20.669665],[-87.106638,20.669665],[-87.106888,20.669347],[-87.107162,20.669000],[-87.107444,20.668647],[-87.107683,20.668343],[-87.107684,20.668342],[-87.107870,20.668104],[-87.108053,20.667873],[-87.108389,20.667457],[-87.108649,20.667136],[-87.108925,20.666795],[-87.109402,20.666205],[-87.107959,20.665282],[-87.106528,20.666848],[-87.106174,20.666610],[-87.104624,20.665565],[-87.104157,20.665249],[-87.103440,20.664766],[-87.103050,20.664526]]]},"properties":{"cvegeo":"2300800010111","match":"Neighborhood","name":"Villas del Sol Plus","state":"Quintana Roo","municipality":"Playa del Carmen","city":"Playa del Carmen","neighborhood":"Villas del Sol Plus","category":"Fraccionamiento","type":"U","postal_code":"77723","population":null,"dwellings":null,"occupied_dwellings":null,"price_m2":null,"property_price":null,"ids_prom":"338.157","nse":"D","nse_label":"D (32%)","nse_score":"3.382","nse_ab":"12","nse_cplus":"58","nse_c":"154","nse_cminus":"230","nse_dplus":"284","nse_d":"342","nse_e":"2","nse_total":"1086","nse_ab_pct":"1.14","nse_cplus_pct":"5.35","nse_c_pct":"14.21","nse_cminus_pct":"21.23","nse_dplus_pct":"26.23","nse_d_pct":"31.58","nse_e_pct":"0.26"}},{"type":"Feature","geometry":{"type":"Polygon","coordinates":[[[-87.049390,20.647342],[-87.049051,20.647351],[-87.048861,20.647359],[-87.048644,20.647378],[-87.048259,20.647439],[-87.048101,20.647467],[-87.047862,20.647542],[-87.047414,20.647696],[-87.047329,20.647762],[-87.047089,20.647955],[-87.046992,20.648052],[-87.046917,20.648141],[-87.046784,20.648430],[-87.046558,20.649222],[-87.046373,20.649879],[-87.046192,20.650545],[-87.046101,20.650799],[-87.046000,20.651038],[-87.045766,20.651417],[-87.045366,20.651908],[-87.045124,20.652203],[-87.044928,20.652411],[-87.044745,20.652567],[-87.044527,20.652721],[-87.044302,20.652854],[-87.044127,20.652926],[-87.044010,20.652943],[-87.043884,20.652955],[-87.043731,20.652969],[-87.043620,20.652995],[-87.043551,20.653019],[-87.043227,20.653230],[-87.042331,20.653898],[-87.042037,20.654197],[-87.041832,20.654403],[-87.041641,20.654446],[-87.041351,20.654601],[-87.041127,20.654756],[-87.041066,20.654799],[-87.040834,20.655318],[-87.040643,20.655918],[-87.040401,20.656315],[-87.040143,20.656778],[-87.040142,20.656782],[-87.039901,20.657068],[-87.039783,20.657194],[-87.039583,20.657300],[-87.039090,20.657681],[-87.039003,20.657824],[-87.038996,20.657835],[-87.038831,20.657992],[-87.038440,20.658338],[-87.038070,20.658631],[-87.037697,20.658864],[-87.037579,20.658938],[-87.037343,20.659085],[-87.037273,20.659151],[-87.037238,20.659184],[-87.037820,20.659651],[-87.037165,20.660374],[-87.033781,20.661755],[-87.033435,20.662208],[-87.033553,20.662292],[-87.033125,20.662850],[-87.035501,20.664284],[-87.035762,20.664433],[-87.040410,20.667383],[-87.041749,20.668252],[-87.042713,20.668877],[-87.043069,20.669108],[-87.043480,20.669379],[-87.043671,20.669506],[-87.043671,20.669506],[-87.044088,20.669773],[-87.044543,20.670064],[-87.045011,20.670378],[-87.045423,20.670656],[-87.045636,20.670796],[-87.046798,20.671563],[-87.048908,20.672906],[-87.049102,20.672657],[-87.050673,20.670646],[-87.052452,20.668402],[-87.055040,20.665060],[-87.055614,20.664278],[-87.055271,20.664256],[-87.055101,20.664208],[-87.054828,20.664128],[-87.054511,20.663895],[-87.054371,20.663775],[-87.054171,20.663603],[-87.053804,20.663287],[-87.053464,20.663055],[-87.052886,20.662819],[-87.052609,20.662600],[-87.052356,20.662351],[-87.052167,20.662077],[-87.051748,20.661713],[-87.051562,20.661623],[-87.051397,20.661645],[-87.051212,20.661746],[-87.050788,20.661866],[-87.050589,20.661877],[-87.050591,20.661357],[-87.050453,20.661189],[-87.050035,20.660920],[-87.049592,20.660636],[-87.049154,20.660354],[-87.048664,20.660039],[-87.048184,20.659730],[-87.047725,20.659435],[-87.048521,20.658388],[-87.049283,20.657383],[-87.050234,20.656141],[-87.050883,20.655264],[-87.050956,20.655158],[-87.051471,20.654472],[-87.052208,20.653512],[-87.053167,20.652225],[-87.051091,20.649808],[-87.050642,20.649256],[-87.050113,20.648965],[-87.049949,20.648733],[-87.049674,20.647406],[-87.049666,20.647370],[-87.049653,20.647368],[-87.049390,20.647342]]]},"properties":{"cvegeo":"2300800010112","match":"Neighborhood","name":"Desarrollo Turístico Grand Coral","state":"Quintana Roo","municipality":"Playa del Carmen","city":"Playa del Carmen","neighborhood":"Desarrollo Turístico Grand Coral","category":"Fraccionamiento","type":"U","postal_code":"77727","population":null,"dwellings":null,"occupied_dwellings":null,"price_m2":null,"property_price":null,"ids_prom":"88.967","nse":"D","nse_label":"D (44%)","nse_score":"0.890","nse_ab":"0","nse_cplus":"0","nse_c":"0","nse_cminus":"0","nse_dplus":"0","nse_d":"3","nse_e":"0","nse_total":"8","nse_ab_pct":"0.00","nse_cplus_pct":"0.01","nse_c_pct":"0.00","nse_cminus_pct":"0.00","nse_dplus_pct":"0.00","nse_d_pct":"44.44","nse_e_pct":"0.00"}},{"type":"Feature","geometry":{"type":"Polygon","coordinates":[[[-87.100697,20.658532],[-87.099547,20.659961],[-87.100750,20.660766],[-87.104219,20.662994],[-87.104531,20.663202],[-87.106667,20.664494],[-87.107241,20.664840],[-87.107309,20.664879],[-87.107493,20.664983],[-87.108408,20.663755],[-87.108358,20.663721],[-87.107872,20.663413],[-87.107663,20.663263],[-87.107606,20.663227],[-87.107553,20.663193],[-87.107553,20.663193],[-87.107478,20.663145],[-87.107374,20.663077],[-87.107335,20.663049],[-87.107288,20.663017],[-87.106987,20.662808],[-87.106686,20.662598],[-87.106367,20.662376],[-87.106043,20.662153],[-87.105669,20.661891],[-87.105618,20.661855],[-87.105282,20.661631],[-87.104950,20.661415],[-87.104624,20.661193],[-87.104392,20.661033],[-87.104293,20.660964],[-87.103966,20.660737],[-87.103646,20.660522],[-87.103310,20.660278],[-87.103128,20.660162],[-87.102994,20.660078],[-87.101951,20.659364],[-87.101698,20.659199],[-87.101020,20.658754],[-87.100837,20.658634],[-87.100697,20.658532]]]},"properties":{"cvegeo":"2300800010113","match":"Neighborhood","name":"Misión de las Flores III","state":"Quintana Roo","municipality":"Playa del Carmen","city":"Playa del Carmen","neighborhood":"Misión de las Flores III","category":"Fraccionamiento","type":"U","postal_code":"77723","population":null,"dwellings":null,"occupied_dwellings":null,"price_m2":null,"property_price":null,"ids_prom":"416.647","nse":"C","nse_label":"C (26%)","nse_score":"4.167","nse_ab":"22","nse_cplus":"127","nse_c":"224","nse_cminus":"218","nse_dplus":"163","nse_d":"116","nse_e":"0","nse_total":"871","nse_ab_pct":"2.53","nse_cplus_pct":"14.58","nse_c_pct":"25.72","nse_cminus_pct":"25.03","nse_dplus_pct":"18.71","nse_d_pct":"13.32","nse_e_pct":"0.00"}},{"type":"Feature","geometry":{"type":"Polygon","coordinates":[[[-87.094650,20.654601],[-87.094374,20.654917],[-87.093919,20.655460],[-87.093859,20.655537],[-87.093683,20.655761],[-87.093470,20.656007],[-87.093318,20.656191],[-87.094280,20.656784],[-87.094201,20.656896],[-87.094523,20.657094],[-87.094673,20.656984],[-87.094954,20.656627],[-87.095079,20.656709],[-87.095274,20.656458],[-87.095531,20.656143],[-87.095748,20.655867],[-87.096099,20.655455],[-87.095715,20.655160],[-87.095374,20.655228],[-87.095373,20.655228],[-87.095156,20.655072],[-87.095184,20.655039],[-87.094807,20.654737],[-87.094690,20.654624],[-87.094650,20.654601]]]},"properties":{"cvegeo":"2300800010114","match":"Neighborhood","name":"Real Ibiza II","state":"Quintana Roo","municipality":"Playa del Carmen","city":"Playa del Carmen","neighborhood":"Real Ibiza II","category":"Fraccionamiento","type":"U","postal_code":"77723","population":null,"dwellings":null,"occupied_dwellings":null,"price_m2":null,"property_price":null,"ids_prom":"540.527","nse":"C+","nse_label":"C+ (46%)","nse_score":"5.405","nse_ab":"4","nse_cplus":"21","nse_c":"12","nse_cminus":"6","nse_dplus":"1","nse_d":"0","nse_e":"0","nse_total":"48","nse_ab_pct":"10.00","nse_cplus_pct":"45.79","nse_c_pct":"25.26","nse_cminus_pct":"14.21","nse_dplus_pct":"3.16","nse_d_pct":"1.58","nse_e_pct":"0.00"}},{"type":"Feature","geometry":{"type":"Polygon","coordinates":[[[-87.077699,20.668692],[-87.077507,20.668923],[-87.077407,20.669044],[-87.077142,20.669361],[-87.077098,20.669414],[-87.076509,20.670188],[-87.076274,20.670496],[-87.076107,20.670659],[-87.075098,20.671646],[-87.075028,20.671909],[-87.076299,20.672889],[-87.076668,20.673173],[-87.077596,20.673859],[-87.077844,20.673600],[-87.078127,20.673825],[-87.079576,20.674758],[-87.081571,20.672254],[-87.079817,20.671180],[-87.080418,20.670296],[-87.080418,20.670296],[-87.080382,20.670274],[-87.080024,20.670074],[-87.077699,20.668692]]]},"properties":{"cvegeo":"2300800010115","match":"Neighborhood","name":"Marsella","state":"Quintana Roo","municipality":"Playa del Carmen","city":"Playa del Carmen","neighborhood":"Marsella","category":"Residencial","type":"U","postal_code":"77725","population":null,"dwellings":null,"occupied_dwellings":null,"price_m2":null,"property_price":null,"ids_prom":"554.729","nse":"C+","nse_label":"C+ (45%)","nse_score":"5.547","nse_ab":"61","nse_cplus":"187","nse_c":"103","nse_cminus":"51","nse_dplus":"12","nse_d":"0","nse_e":"0","nse_total":"417","nse_ab_pct":"14.70","nse_cplus_pct":"44.95","nse_c_pct":"24.74","nse_cminus_pct":"12.30","nse_dplus_pct":"3.07","nse_d_pct":"0.00","nse_e_pct":"0.00"}},{"type":"Feature","geometry":{"type":"Polygon","coordinates":[[[-87.092941,20.650537],[-87.092901,20.650584],[-87.092805,20.650702],[-87.092561,20.651000],[-87.092394,20.651216],[-87.092168,20.651509],[-87.091883,20.651841],[-87.091801,20.651936],[-87.090653,20.653332],[-87.090034,20.654076],[-87.091107,20.654820],[-87.091113,20.654824],[-87.092332,20.655583],[-87.093318,20.656191],[-87.093470,20.656007],[-87.093683,20.655761],[-87.093859,20.655537],[-87.093919,20.655460],[-87.094374,20.654917],[-87.094650,20.654601],[-87.094690,20.654624],[-87.094871,20.654426],[-87.094937,20.654325],[-87.095556,20.653613],[-87.096367,20.652648],[-87.095490,20.652106],[-87.094096,20.651239],[-87.093738,20.651034],[-87.092941,20.650537]]]},"properties":{"cvegeo":"2300800010116","match":"Neighborhood","name":"Selvanova","state":"Quintana Roo","municipality":"Playa del Carmen","city":"Playa del Carmen","neighborhood":"Selvanova","category":"Fraccionamiento","type":"U","postal_code":"77723","population":null,"dwellings":null,"occupied_dwellings":null,"price_m2":null,"property_price":null,"ids_prom":"540.992","nse":"C+","nse_label":"C+ (40%)","nse_score":"5.410","nse_ab":"38","nse_cplus":"110","nse_c":"83","nse_cminus":"29","nse_dplus":"8","nse_d":"6","nse_e":"0","nse_total":"278","nse_ab_pct":"13.91","nse_cplus_pct":"39.71","nse_c_pct":"29.86","nse_cminus_pct":"10.44","nse_dplus_pct":"3.18","nse_d_pct":"2.41","nse_e_pct":"0.00"}},{"type":"Feature","geometry":{"type":"Polygon","coordinates":[[[-87.113882,20.674321],[-87.113616,20.674637],[-87.112596,20.675852],[-87.111512,20.677198],[-87.111333,20.677428],[-87.112468,20.678182],[-87.112875,20.678453],[-87.113213,20.678677],[-87.113400,20.678809],[-87.113699,20.679014],[-87.113699,20.679014],[-87.113699,20.679014],[-87.113848,20.678829],[-87.114117,20.678497],[-87.114398,20.678149],[-87.114674,20.677804],[-87.114941,20.677474],[-87.115214,20.677136],[-87.115477,20.676810],[-87.115762,20.676455],[-87.116042,20.676108],[-87.116346,20.675732],[-87.116347,20.675732],[-87.115814,20.675417],[-87.113882,20.674321]]]},"properties":{"cvegeo":"2300800010117","match":"Neighborhood","name":"Villas del Carmen","state":"Quintana Roo","municipality":"Playa del Carmen","city":"Playa del Carmen","neighborhood":"Villas del Carmen","category":"Fraccionamiento","type":"U","postal_code":"77723","population":null,"dwellings":null,"occupied_dwellings":null,"price_m2":null,"property_price":null,"ids_prom":"331.216","nse":"D","nse_label":"D (34%)","nse_score":"3.312","nse_ab":"3","nse_cplus":"36","nse_c":"98","nse_cminus":"137","nse_dplus":"162","nse_d":"232","nse_e":"6","nse_total":"677","nse_ab_pct":"0.56","nse_cplus_pct":"5.35","nse_c_pct":"14.49","nse_cminus_pct":"20.29","nse_dplus_pct":"23.97","nse_d_pct":"34.34","nse_e_pct":"1.00"}},{"type":"Feature","geometry":{"type":"Polygon","coordinates":[[[-87.104219,20.662994],[-87.103050,20.664526],[-87.103440,20.664766],[-87.104157,20.665249],[-87.104624,20.665565],[-87.106174,20.666610],[-87.106528,20.666848],[-87.107959,20.665282],[-87.107493,20.664983],[-87.107309,20.664879],[-87.107241,20.664840],[-87.106667,20.664494],[-87.104531,20.663202],[-87.104219,20.662994]]]},"properties":{"cvegeo":"2300800010118","match":"Neighborhood","name":"Villas del Carmen Plus","state":"Quintana Roo","municipality":"Playa del Carmen","city":"Playa del Carmen","neighborhood":"Villas del Carmen Plus","category":"Fraccionamiento","type":"U","postal_code":"77723","population":null,"dwellings":null,"occupied_dwellings":null,"price_m2":null,"property_price":null,"ids_prom":"398.836","nse":"C-","nse_label":"C- (26%)","nse_score":"3.988","nse_ab":"10","nse_cplus":"73","nse_c":"115","nse_cminus":"140","nse_dplus":"115","nse_d":"93","nse_e":"0","nse_total":"548","nse_ab_pct":"1.93","nse_cplus_pct":"13.46","nse_c_pct":"21.07","nse_cminus_pct":"25.59","nse_dplus_pct":"20.98","nse_d_pct":"16.95","nse_e_pct":"0.03"}},{"type":"Feature","geometry":{"type":"Polygon","coordinates":[[[-87.105189,20.618601],[-87.104885,20.618780],[-87.104237,20.619159],[-87.104127,20.619205],[-87.103750,20.619361],[-87.103291,20.619553],[-87.102637,20.619825],[-87.102030,20.620135],[-87.101881,20.620413],[-87.102117,20.620522],[-87.102193,20.620581],[-87.103312,20.621492],[-87.103644,20.621336],[-87.105016,20.620783],[-87.106328,20.620233],[-87.106182,20.620045],[-87.106125,20.619964],[-87.106125,20.619964],[-87.105217,20.618804],[-87.105189,20.618601]]]},"properties":{"cvegeo":"2300800010119","match":"Neighborhood","name":"Alegranza","state":"Quintana Roo","municipality":"Playa del Carmen","city":"Playa del Carmen","neighborhood":"Alegranza","category":"Fraccionamiento","type":"U","postal_code":"77716","population":null,"dwellings":null,"occupied_dwellings":null,"price_m2":null,"property_price":null,"ids_prom":"612.233","nse":"A/B","nse_label":"A/B (41%)","nse_score":"6.122","nse_ab":"55","nse_cplus":"54","nse_c":"17","nse_cminus":"7","nse_dplus":"1","nse_d":"0","nse_e":"0","nse_total":"135","nse_ab_pct":"40.67","nse_cplus_pct":"40.06","nse_c_pct":"12.54","nse_cminus_pct":"5.20","nse_dplus_pct":"1.22","nse_d_pct":"0.00","nse_e_pct":"0.00"}},{"type":"Feature","geometry":{"type":"Polygon","coordinates":[[[-87.117149,20.611212],[-87.114134,20.614503],[-87.114445,20.614700],[-87.115467,20.615356],[-87.116525,20.616033],[-87.116561,20.616056],[-87.116996,20.615599],[-87.117585,20.614995],[-87.118544,20.613980],[-87.119075,20.613415],[-87.119494,20.612969],[-87.119737,20.612735],[-87.118790,20.612165],[-87.117149,20.611212]]]},"properties":{"cvegeo":"2300800010120","match":"Neighborhood","name":"Bali Residencial","state":"Quintana Roo","municipality":"Playa del Carmen","city":"Playa del Carmen","neighborhood":"Bali Residencial","category":"Fraccionamiento","type":"U","postal_code":"77718","population":null,"dwellings":null,"occupied_dwellings":null,"price_m2":null,"property_price":null,"ids_prom":"577.659","nse":"C+","nse_label":"C+ (46%)","nse_score":"5.777","nse_ab":"26","nse_cplus":"53","nse_c":"26","nse_cminus":"6","nse_dplus":"3","nse_d":"0","nse_e":"0","nse_total":"116","nse_ab_pct":"22.34","nse_cplus_pct":"46.28","nse_c_pct":"22.87","nse_cminus_pct":"5.32","nse_dplus_pct":"2.66","nse_d_pct":"0.00","nse_e_pct":"0.00"}},{"type":"Feature","geometry":{"type":"Polygon","coordinates":[[[-87.100627,20.621802],[-87.100229,20.622196],[-87.100079,20.622271],[-87.099866,20.622366],[-87.099693,20.622432],[-87.100854,20.623972],[-87.101011,20.624190],[-87.100997,20.624272],[-87.100878,20.624917],[-87.102517,20.625162],[-87.102753,20.623927],[-87.102748,20.623714],[-87.102700,20.623516],[-87.102614,20.623355],[-87.102533,20.623303],[-87.102414,20.623182],[-87.102007,20.622843],[-87.100749,20.621881],[-87.100627,20.621802]]]},"properties":{"cvegeo":"2300800010121","match":"Neighborhood","name":"Bosques de Bambú","state":"Quintana Roo","municipality":"Playa del Carmen","city":"Playa del Carmen","neighborhood":"Bosques de Bambú","category":"Residencial","type":"U","postal_code":"77716","population":null,"dwellings":null,"occupied_dwellings":null,"price_m2":null,"property_price":null,"ids_prom":"582.001","nse":"C+","nse_label":"C+ (42%)","nse_score":"5.820","nse_ab":"7","nse_cplus":"11","nse_c":"5","nse_cminus":"3","nse_dplus":"0","nse_d":"0","nse_e":"0","nse_total":"27","nse_ab_pct":"26.00","nse_cplus_pct":"42.00","nse_c_pct":"20.00","nse_cminus_pct":"12.00","nse_dplus_pct":"0.00","nse_d_pct":"0.00","nse_e_pct":"0.00"}},{"type":"Feature","geometry":{"type":"Polygon","coordinates":[[[-87.072027,20.671580],[-87.071217,20.672991],[-87.070404,20.674128],[-87.070847,20.674618],[-87.071125,20.674925],[-87.073005,20.672224],[-87.072687,20.672025],[-87.072349,20.671788],[-87.072027,20.671580]]]},"properties":{"cvegeo":"2300800010122","match":"Neighborhood","name":"Caribe Residencial","state":"Quintana Roo","municipality":"Playa del Carmen","city":"Playa del Carmen","neighborhood":"Caribe Residencial","category":"Fraccionamiento","type":"U","postal_code":"77725","population":null,"dwellings":null,"occupied_dwellings":null,"price_m2":null,"property_price":null,"ids_prom":"477.359","nse":"C","nse_label":"C (28%)","nse_score":"4.774","nse_ab":"2","nse_cplus":"13","nse_c":"14","nse_cminus":"12","nse_dplus":"4","nse_d":"2","nse_e":"0","nse_total":"52","nse_ab_pct":"5.66","nse_cplus_pct":"26.42","nse_c_pct":"28.30","nse_cminus_pct":"24.53","nse_dplus_pct":"9.43","nse_d_pct":"5.66","nse_e_pct":"0.00"}},{"type":"Feature","geometry":{"type":"Polygon","coordinates":[[[-87.058471,20.692609],[-87.057833,20.692753],[-87.056331,20.694583],[-87.055620,20.695475],[-87.055396,20.695756],[-87.051854,20.700200],[-87.051899,20.700231],[-87.053428,20.701308],[-87.054121,20.700265],[-87.056553,20.701973],[-87.059042,20.698452],[-87.059965,20.699006],[-87.061362,20.697345],[-87.061371,20.696876],[-87.060936,20.696505],[-87.060198,20.696309],[-87.058721,20.696684],[-87.058537,20.695237],[-87.057480,20.694188],[-87.059035,20.692941],[-87.058471,20.692609]]]},"properties":{"cvegeo":"2300800010123","match":"Neighborhood","name":"Eco Sacbe","state":"Quintana Roo","municipality":"Playa del Carmen","city":"Playa del Carmen","neighborhood":"Eco Sacbe","category":"Fraccionamiento","type":"U","postal_code":"77724","population":null,"dwellings":null,"occupied_dwellings":null,"price_m2":null,"property_price":null,"ids_prom":"300.000","nse":"C","nse_label":"C (21%)","nse_score":"3.000","nse_ab":"0","nse_cplus":"0","nse_c":"0","nse_cminus":"0","nse_dplus":"0","nse_d":"0","nse_e":"0","nse_total":"4","nse_ab_pct":"0.00","nse_cplus_pct":"0.00","nse_c_pct":"21.43","nse_cminus_pct":"21.43","nse_dplus_pct":"21.43","nse_d_pct":"21.43","nse_e_pct":"0.00"}},{"type":"Feature","geometry":{"type":"Polygon","coordinates":[[[-87.051086,20.687741],[-87.050115,20.688995],[-87.048871,20.690668],[-87.049090,20.690873],[-87.049781,20.691399],[-87.050070,20.691619],[-87.050340,20.691825],[-87.050652,20.692041],[-87.050901,20.692217],[-87.052056,20.693142],[-87.052918,20.693779],[-87.053567,20.694326],[-87.054763,20.695240],[-87.055396,20.695756],[-87.055620,20.695475],[-87.056331,20.694583],[-87.057833,20.692753],[-87.058471,20.692609],[-87.057861,20.692219],[-87.057390,20.691906],[-87.057219,20.691825],[-87.057003,20.691681],[-87.057001,20.691680],[-87.056641,20.691433],[-87.055899,20.690937],[-87.055142,20.690466],[-87.054356,20.689908],[-87.054063,20.689717],[-87.053946,20.689640],[-87.053590,20.689411],[-87.053590,20.689411],[-87.053182,20.689134],[-87.052879,20.688928],[-87.052681,20.688822],[-87.052462,20.688705],[-87.052136,20.688469],[-87.051796,20.688250],[-87.051441,20.687976],[-87.051086,20.687741]]]},"properties":{"cvegeo":"2300800010124","match":"Neighborhood","name":"Jardines de Ciudad Mayakobá","state":"Quintana Roo","municipality":"Playa del Carmen","city":"Playa del Carmen","neighborhood":"Jardines de Ciudad Mayakobá","category":"Fraccionamiento","type":"U","postal_code":"77724","population":null,"dwellings":null,"occupied_dwellings":null,"price_m2":null,"property_price":null,"ids_prom":"510.526","nse":"C","nse_label":"C (32%)","nse_score":"5.105","nse_ab":"12","nse_cplus":"35","nse_c":"37","nse_cminus":"14","nse_dplus":"10","nse_d":"5","nse_e":"0","nse_total":"114","nse_ab_pct":"11.40","nse_cplus_pct":"30.70","nse_c_pct":"32.46","nse_cminus_pct":"12.28","nse_dplus_pct":"8.77","nse_d_pct":"4.39","nse_e_pct":"0.00"}},{"type":"Feature","geometry":{"type":"Polygon","coordinates":[[[-87.106328,20.620233],[-87.105016,20.620783],[-87.103644,20.621336],[-87.103312,20.621492],[-87.103826,20.621910],[-87.103863,20.621933],[-87.103977,20.622011],[-87.104108,20.622078],[-87.104247,20.622144],[-87.104376,20.622193],[-87.104616,20.622269],[-87.104858,20.622335],[-87.105021,20.622362],[-87.105361,20.622385],[-87.105646,20.622365],[-87.105852,20.622342],[-87.106080,20.622297],[-87.106506,20.622160],[-87.107444,20.621842],[-87.106328,20.620233]]]},"properties":{"cvegeo":"2300800010125","match":"Neighborhood","name":"La Joya II","state":"Quintana Roo","municipality":"Playa del Carmen","city":"Playa del Carmen","neighborhood":"La Joya II","category":"Fraccionamiento","type":"U","postal_code":"77716","population":null,"dwellings":null,"occupied_dwellings":null,"price_m2":null,"property_price":null,"ids_prom":"612.233","nse":"A/B","nse_label":"A/B (41%)","nse_score":"6.122","nse_ab":"44","nse_cplus":"43","nse_c":"13","nse_cminus":"5","nse_dplus":"1","nse_d":"0","nse_e":"0","nse_total":"108","nse_ab_pct":"40.67","nse_cplus_pct":"40.06","nse_c_pct":"12.54","nse_cminus_pct":"5.20","nse_dplus_pct":"1.22","nse_d_pct":"0.00","nse_e_pct":"0.00"}},{"type":"Feature","geometry":{"type":"Polygon","coordinates":[[[-87.088549,20.664431],[-87.087802,20.665433],[-87.086538,20.667129],[-87.086421,20.667246],[-87.085711,20.668152],[-87.085815,20.668212],[-87.085918,20.668273],[-87.086074,20.668382],[-87.086171,20.668349],[-87.086383,20.668315],[-87.086507,20.668290],[-87.086581,20.668263],[-87.086647,20.668219],[-87.087000,20.667756],[-87.087081,20.667682],[-87.087198,20.667634],[-87.087260,20.667559],[-87.087610,20.667074],[-87.087724,20.666911],[-87.088088,20.667132],[-87.088452,20.667357],[-87.088841,20.667593],[-87.089137,20.667789],[-87.091922,20.669490],[-87.092905,20.668245],[-87.093525,20.667468],[-87.093320,20.667334],[-87.093136,20.667216],[-87.093117,20.667203],[-87.092304,20.666681],[-87.092270,20.666659],[-87.092179,20.666600],[-87.091263,20.666011],[-87.090985,20.665843],[-87.090980,20.665840],[-87.090677,20.665664],[-87.090285,20.665420],[-87.089448,20.664914],[-87.089146,20.664827],[-87.089117,20.664803],[-87.088584,20.664454],[-87.088584,20.664454],[-87.088549,20.664431]]]},"properties":{"cvegeo":"2300800010126","match":"Neighborhood","name":"Los Olivos II Residencial","state":"Quintana Roo","municipality":"Playa del Carmen","city":"Playa del Carmen","neighborhood":"Los Olivos II Residencial","category":"Fraccionamiento","type":"U","postal_code":"77714","population":null,"dwellings":null,"occupied_dwellings":null,"price_m2":null,"property_price":null,"ids_prom":"527.926","nse":"C+","nse_label":"C+ (39%)","nse_score":"5.279","nse_ab":"54","nse_cplus":"176","nse_c":"108","nse_cminus":"71","nse_dplus":"29","nse_d":"9","nse_e":"0","nse_total":"449","nse_ab_pct":"12.02","nse_cplus_pct":"39.14","nse_c_pct":"24.23","nse_cminus_pct":"16.00","nse_dplus_pct":"6.60","nse_d_pct":"2.02","nse_e_pct":"0.00"}},{"type":"Feature","geometry":{"type":"Polygon","coordinates":[[[-87.073995,20.664602],[-87.073708,20.664805],[-87.073321,20.665079],[-87.073040,20.664885],[-87.071813,20.666009],[-87.071279,20.665516],[-87.071142,20.665392],[-87.071057,20.665443],[-87.071264,20.665536],[-87.071798,20.666024],[-87.070693,20.667156],[-87.070983,20.667412],[-87.071217,20.667617],[-87.071343,20.667724],[-87.071708,20.668034],[-87.072090,20.668344],[-87.072630,20.668706],[-87.072892,20.668792],[-87.073015,20.668562],[-87.073631,20.667937],[-87.073827,20.667737],[-87.073974,20.667612],[-87.074107,20.667497],[-87.074350,20.667293],[-87.074721,20.666987],[-87.074790,20.666930],[-87.075088,20.666669],[-87.075724,20.666166],[-87.073995,20.664602]]]},"properties":{"cvegeo":"2300800010127","match":"Neighborhood","name":"Los Olivos III","state":"Quintana Roo","municipality":"Playa del Carmen","city":"Playa del Carmen","neighborhood":"Los Olivos III","category":"Fraccionamiento","type":"U","postal_code":"77725","population":null,"dwellings":null,"occupied_dwellings":null,"price_m2":null,"property_price":null,"ids_prom":"483.039","nse":"C+","nse_label":"C+ (27%)","nse_score":"4.830","nse_ab":"43","nse_cplus":"121","nse_c":"114","nse_cminus":"79","nse_dplus":"45","nse_d":"36","nse_e":"0","nse_total":"441","nse_ab_pct":"9.91","nse_cplus_pct":"27.46","nse_c_pct":"25.83","nse_cminus_pct":"18.03","nse_dplus_pct":"10.31","nse_d_pct":"8.28","nse_e_pct":"0.19"}},{"type":"Feature","geometry":{"type":"Polygon","coordinates":[[[-87.074184,20.673264],[-87.071852,20.676102],[-87.073265,20.676986],[-87.074432,20.677717],[-87.074500,20.677760],[-87.076278,20.678849],[-87.077148,20.677740],[-87.078085,20.676559],[-87.078270,20.676326],[-87.079020,20.675408],[-87.078786,20.675295],[-87.078330,20.675060],[-87.077936,20.674790],[-87.077530,20.674492],[-87.077246,20.674274],[-87.076956,20.674070],[-87.076776,20.673956],[-87.076494,20.673844],[-87.076335,20.673775],[-87.076195,20.673737],[-87.075689,20.673680],[-87.075537,20.673661],[-87.075531,20.673661],[-87.075097,20.673607],[-87.074937,20.673596],[-87.074726,20.673556],[-87.074491,20.673463],[-87.074346,20.673369],[-87.074184,20.673264]]]},"properties":{"cvegeo":"2300800010128","match":"Neighborhood","name":"Marsella II","state":"Quintana Roo","municipality":"Playa del Carmen","city":"Playa del Carmen","neighborhood":"Marsella II","category":"Residencial","type":"U","postal_code":"77725","population":null,"dwellings":null,"occupied_dwellings":null,"price_m2":null,"property_price":null,"ids_prom":"546.085","nse":"C+","nse_label":"C+ (39%)","nse_score":"5.461","nse_ab":"114","nse_cplus":"311","nse_c":"231","nse_cminus":"95","nse_dplus":"29","nse_d":"6","nse_e":"0","nse_total":"791","nse_ab_pct":"14.52","nse_cplus_pct":"39.39","nse_c_pct":"29.29","nse_cminus_pct":"12.12","nse_dplus_pct":"3.79","nse_d_pct":"0.88","nse_e_pct":"0.00"}},{"type":"Feature","geometry":{"type":"Polygon","coordinates":[[[-87.127970,20.666354],[-87.126658,20.667927],[-87.125845,20.668961],[-87.125802,20.669015],[-87.125602,20.669265],[-87.125363,20.669564],[-87.125216,20.669749],[-87.125037,20.669972],[-87.124800,20.670269],[-87.124545,20.670588],[-87.123005,20.672467],[-87.122661,20.672889],[-87.122023,20.673670],[-87.122202,20.673764],[-87.122742,20.674114],[-87.123076,20.674330],[-87.123400,20.674541],[-87.123736,20.674758],[-87.124069,20.674973],[-87.124349,20.675154],[-87.124690,20.675374],[-87.125054,20.675609],[-87.125424,20.675848],[-87.126746,20.676702],[-87.128130,20.677596],[-87.128572,20.677037],[-87.128799,20.676750],[-87.129094,20.676378],[-87.129396,20.676005],[-87.129635,20.675711],[-87.129913,20.675368],[-87.130179,20.675040],[-87.130446,20.674712],[-87.130663,20.674447],[-87.132042,20.672790],[-87.133280,20.671206],[-87.134001,20.670316],[-87.134125,20.670250],[-87.134055,20.670206],[-87.132180,20.669025],[-87.130471,20.667948],[-87.128805,20.666899],[-87.127970,20.666354]]]},"properties":{"cvegeo":"2300800010129","match":"Neighborhood","name":"Pescadores","state":"Quintana Roo","municipality":"Playa del Carmen","city":"Playa del Carmen","neighborhood":"Pescadores","category":"Fraccionamiento","type":"U","postal_code":"77723","population":null,"dwellings":null,"occupied_dwellings":null,"price_m2":null,"property_price":null,"ids_prom":"306.099","nse":"D","nse_label":"D (39%)","nse_score":"3.061","nse_ab":"14","nse_cplus":"183","nse_c":"624","nse_cminus":"1342","nse_dplus":"2036","nse_d":"2702","nse_e":"28","nse_total":"6937","nse_ab_pct":"0.21","nse_cplus_pct":"2.65","nse_c_pct":"9.01","nse_cminus_pct":"19.34","nse_dplus_pct":"29.36","nse_d_pct":"38.95","nse_e_pct":"0.41"}},{"type":"Feature","geometry":{"type":"Polygon","coordinates":[[[-87.122739,20.663219],[-87.121208,20.665119],[-87.121170,20.665163],[-87.120510,20.665983],[-87.120505,20.665989],[-87.119913,20.666723],[-87.119761,20.666859],[-87.119876,20.666918],[-87.119878,20.666920],[-87.121300,20.667788],[-87.122200,20.668289],[-87.122768,20.667591],[-87.123012,20.667282],[-87.123265,20.666975],[-87.123976,20.666073],[-87.124209,20.665790],[-87.125130,20.664658],[-87.122739,20.663219]]]},"properties":{"cvegeo":"2300800010130","match":"Neighborhood","name":"Pescadores Plus","state":"Quintana Roo","municipality":"Playa del Carmen","city":"Playa del Carmen","neighborhood":"Pescadores Plus","category":"Fraccionamiento","type":"U","postal_code":"77723","population":null,"dwellings":null,"occupied_dwellings":null,"price_m2":null,"property_price":null,"ids_prom":"386.064","nse":"C-","nse_label":"C- (27%)","nse_score":"3.861","nse_ab":"11","nse_cplus":"97","nse_c":"209","nse_cminus":"257","nse_dplus":"198","nse_d":"188","nse_e":"0","nse_total":"964","nse_ab_pct":"1.24","nse_cplus_pct":"10.14","nse_c_pct":"21.74","nse_cminus_pct":"26.72","nse_dplus_pct":"20.63","nse_d_pct":"19.52","nse_e_pct":"0.00"}},{"type":"Feature","geometry":{"type":"Polygon","coordinates":[[[-87.094387,20.667968],[-87.093304,20.669213],[-87.093117,20.669429],[-87.092167,20.670528],[-87.092054,20.670651],[-87.091952,20.670756],[-87.092406,20.671091],[-87.093833,20.672108],[-87.095067,20.672988],[-87.095932,20.673620],[-87.096082,20.673434],[-87.096301,20.673163],[-87.096403,20.673042],[-87.096528,20.672890],[-87.096598,20.672804],[-87.096712,20.672663],[-87.096835,20.672511],[-87.096899,20.672432],[-87.097178,20.672090],[-87.097336,20.671894],[-87.097555,20.671625],[-87.097741,20.671385],[-87.097931,20.671156],[-87.098134,20.670893],[-87.098480,20.670493],[-87.098442,20.670469],[-87.098248,20.670347],[-87.097930,20.670152],[-87.097621,20.669961],[-87.097370,20.669806],[-87.097001,20.669579],[-87.096706,20.669397],[-87.096455,20.669243],[-87.096183,20.669075],[-87.095885,20.668891],[-87.095567,20.668695],[-87.095252,20.668501],[-87.094931,20.668303],[-87.094387,20.667968]]]},"properties":{"cvegeo":"2300800010131","match":"Neighborhood","name":"Real Bilbao","state":"Quintana Roo","municipality":"Playa del Carmen","city":"Playa del Carmen","neighborhood":"Real Bilbao","category":"Fraccionamiento","type":"U","postal_code":"77714","population":null,"dwellings":null,"occupied_dwellings":null,"price_m2":null,"property_price":null,"ids_prom":"511.517","nse":"C+","nse_label":"C+ (36%)","nse_score":"5.115","nse_ab":"53","nse_cplus":"207","nse_c":"143","nse_cminus":"108","nse_dplus":"46","nse_d":"15","nse_e":"0","nse_total":"574","nse_ab_pct":"9.27","nse_cplus_pct":"36.10","nse_c_pct":"25.00","nse_cminus_pct":"18.82","nse_dplus_pct":"8.15","nse_d_pct":"2.67","nse_e_pct":"0.00"}},{"type":"Feature","geometry":{"type":"Polygon","coordinates":[[[-87.120125,20.661570],[-87.119068,20.662940],[-87.118006,20.664316],[-87.117334,20.665187],[-87.117192,20.665364],[-87.117650,20.665652],[-87.117717,20.665667],[-87.119711,20.666902],[-87.119761,20.666859],[-87.119913,20.666723],[-87.120505,20.665989],[-87.120510,20.665983],[-87.121170,20.665163],[-87.121208,20.665119],[-87.122739,20.663219],[-87.122468,20.663048],[-87.120588,20.661861],[-87.120125,20.661570]]]},"properties":{"cvegeo":"2300800010132","match":"Neighborhood","name":"Villas las Perlas","state":"Quintana Roo","municipality":"Playa del Carmen","city":"Playa del Carmen","neighborhood":"Villas las Perlas","category":"Fraccionamiento","type":"U","postal_code":"77723","population":null,"dwellings":null,"occupied_dwellings":null,"price_m2":null,"property_price":null,"ids_prom":"346.688","nse":"D","nse_label":"D (28%)","nse_score":"3.467","nse_ab":"12","nse_cplus":"62","nse_c":"187","nse_cminus":"280","nse_dplus":"315","nse_d":"329","nse_e":"4","nse_total":"1192","nse_ab_pct":"1.09","nse_cplus_pct":"5.28","nse_c_pct":"15.68","nse_cminus_pct":"23.50","nse_dplus_pct":"26.45","nse_d_pct":"27.64","nse_e_pct":"0.36"}},{"type":"Feature","geometry":{"type":"Polygon","coordinates":[[[-87.108063,20.618788],[-87.108062,20.618788],[-87.107711,20.619023],[-87.107032,20.619502],[-87.106389,20.619872],[-87.106389,20.619872],[-87.106389,20.619872],[-87.106346,20.619817],[-87.106346,20.619817],[-87.106346,20.619817],[-87.106296,20.619850],[-87.106125,20.619964],[-87.106125,20.619964],[-87.106182,20.620045],[-87.106328,20.620233],[-87.107444,20.621842],[-87.107716,20.621750],[-87.107916,20.621665],[-87.108384,20.621140],[-87.108453,20.621075],[-87.108199,20.620797],[-87.108415,20.620563],[-87.108114,20.619651],[-87.108061,20.619237],[-87.108063,20.618788],[-87.108063,20.618788]]]},"properties":{"cvegeo":"2300800010133","match":"Neighborhood","name":"La Joya III","state":"Quintana Roo","municipality":"Playa del Carmen","city":"Playa del Carmen","neighborhood":"La Joya III","category":"Fraccionamiento","type":"U","postal_code":"77716","population":null,"dwellings":null,"occupied_dwellings":null,"price_m2":null,"property_price":null,"ids_prom":"612.233","nse":"A/B","nse_label":"A/B (41%)","nse_score":"6.122","nse_ab":"32","nse_cplus":"32","nse_c":"10","nse_cminus":"4","nse_dplus":"0","nse_d":"0","nse_e":"0","nse_total":"80","nse_ab_pct":"40.67","nse_cplus_pct":"40.06","nse_c_pct":"12.54","nse_cminus_pct":"5.20","nse_dplus_pct":"1.22","nse_d_pct":"0.00","nse_e_pct":"0.00"}},{"type":"Feature","geometry":{"type":"Polygon","coordinates":[[[-87.101881,20.620413],[-87.101784,20.620798],[-87.101656,20.620784],[-87.101540,20.620899],[-87.100876,20.621556],[-87.100648,20.621781],[-87.100627,20.621802],[-87.100749,20.621881],[-87.102007,20.622843],[-87.102414,20.623182],[-87.102533,20.623303],[-87.102614,20.623355],[-87.102700,20.623516],[-87.102748,20.623714],[-87.102753,20.623927],[-87.102517,20.625162],[-87.104334,20.625398],[-87.104460,20.624147],[-87.104465,20.623815],[-87.104409,20.623400],[-87.104300,20.622991],[-87.104160,20.622573],[-87.104050,20.622242],[-87.103863,20.621933],[-87.103826,20.621910],[-87.103312,20.621492],[-87.102193,20.620581],[-87.102117,20.620522],[-87.101881,20.620413]]]},"properties":{"cvegeo":"2300800010134","match":"Neighborhood","name":"La Joya Xaman Ha","state":"Quintana Roo","municipality":"Playa del Carmen","city":"Playa del Carmen","neighborhood":"La Joya Xaman Ha","category":"Residencial","type":"U","postal_code":"77716","population":null,"dwellings":null,"occupied_dwellings":null,"price_m2":null,"property_price":null,"ids_prom":"584.208","nse":"C+","nse_label":"C+ (42%)","nse_score":"5.842","nse_ab":"6","nse_cplus":"10","nse_c":"4","nse_cminus":"2","nse_dplus":"0","nse_d":"0","nse_e":"0","nse_total":"24","nse_ab_pct":"27.07","nse_cplus_pct":"41.86","nse_c_pct":"19.46","nse_cminus_pct":"11.50","nse_dplus_pct":"0.09","nse_d_pct":"0.00","nse_e_pct":"0.00"}},{"type":"Feature","geometry":{"type":"Polygon","coordinates":[[[-87.113176,20.679452],[-87.112267,20.680594],[-87.111674,20.681342],[-87.111725,20.681393],[-87.111221,20.682038],[-87.110687,20.682698],[-87.110403,20.683092],[-87.112557,20.684378],[-87.112854,20.684525],[-87.115667,20.681009],[-87.114172,20.680109],[-87.113176,20.679452]]]},"properties":{"cvegeo":"2300800010135","match":"Neighborhood","name":"Palmanova","state":"Quintana Roo","municipality":"Playa del Carmen","city":"Playa del Carmen","neighborhood":"Palmanova","category":"Fraccionamiento","type":"U","postal_code":"77723","population":null,"dwellings":null,"occupied_dwellings":null,"price_m2":null,"property_price":null,"ids_prom":"478.804","nse":"C","nse_label":"C (32%)","nse_score":"4.788","nse_ab":"4","nse_cplus":"53","nse_c":"55","nse_cminus":"29","nse_dplus":"19","nse_d":"10","nse_e":"0","nse_total":"173","nse_ab_pct":"2.72","nse_cplus_pct":"30.98","nse_c_pct":"32.07","nse_cminus_pct":"16.85","nse_dplus_pct":"11.41","nse_d_pct":"5.98","nse_e_pct":"0.00"}},{"type":"Feature","geometry":{"type":"Polygon","coordinates":[[[-87.120296,20.652139],[-87.119224,20.653679],[-87.118352,20.654931],[-87.116889,20.657081],[-87.116474,20.657691],[-87.118067,20.658570],[-87.121691,20.652970],[-87.120296,20.652139]]]},"properties":{"cvegeo":"2300800010136","match":"Neighborhood","name":"Paseo del Parque","state":"Quintana Roo","municipality":"Playa del Carmen","city":"Playa del Carmen","neighborhood":"Paseo del Parque","category":"Fraccionamiento","type":"U","postal_code":"77723","population":null,"dwellings":null,"occupied_dwellings":null,"price_m2":null,"property_price":null,"ids_prom":"0.000","nse":"N/A","nse_label":"N/A (0%)","nse_score":"0.000","nse_ab":"0","nse_cplus":"0","nse_c":"0","nse_cminus":"0","nse_dplus":"0","nse_d":"0","nse_e":"0","nse_total":"0","nse_ab_pct":null,"nse_cplus_pct":null,"nse_c_pct":null,"nse_cminus_pct":null,"nse_dplus_pct":null,"nse_d_pct":null,"nse_e_pct":null}},{"type":"Feature","geometry":{"type":"Polygon","coordinates":[[[-87.090320,20.663543],[-87.089937,20.663968],[-87.089568,20.664369],[-87.089156,20.664816],[-87.089146,20.664827],[-87.089448,20.664914],[-87.090285,20.665420],[-87.090677,20.665664],[-87.090980,20.665840],[-87.090985,20.665843],[-87.091263,20.666011],[-87.092179,20.666600],[-87.092270,20.666659],[-87.092304,20.666681],[-87.093117,20.667203],[-87.093136,20.667216],[-87.093668,20.666531],[-87.094042,20.666750],[-87.094470,20.666173],[-87.092213,20.664694],[-87.091117,20.664043],[-87.090320,20.663543]]]},"properties":{"cvegeo":"2300800010137","match":"Neighborhood","name":"Paseo los Olivos II","state":"Quintana Roo","municipality":"Playa del Carmen","city":"Playa del Carmen","neighborhood":"Paseo los Olivos II","category":"Fraccionamiento","type":"U","postal_code":"77714","population":null,"dwellings":null,"occupied_dwellings":null,"price_m2":null,"property_price":null,"ids_prom":"507.143","nse":"C+","nse_label":"C+ (36%)","nse_score":"5.071","nse_ab":"6","nse_cplus":"25","nse_c":"19","nse_cminus":"11","nse_dplus":"8","nse_d":"0","nse_e":"0","nse_total":"70","nse_ab_pct":"8.57","nse_cplus_pct":"35.71","nse_c_pct":"27.14","nse_cminus_pct":"15.71","nse_dplus_pct":"11.43","nse_d_pct":"0.00","nse_e_pct":"0.00"}},{"type":"Feature","geometry":{"type":"Polygon","coordinates":[[[-87.112976,20.657550],[-87.112101,20.659016],[-87.111561,20.659869],[-87.110077,20.662152],[-87.108854,20.663892],[-87.108743,20.664024],[-87.109528,20.664515],[-87.110281,20.664959],[-87.112116,20.663965],[-87.112226,20.663907],[-87.113242,20.663390],[-87.113675,20.663215],[-87.114167,20.662579],[-87.114764,20.661827],[-87.115378,20.661042],[-87.115378,20.661042],[-87.116455,20.659583],[-87.115845,20.659218],[-87.115536,20.659037],[-87.115057,20.658755],[-87.114271,20.658322],[-87.113806,20.658041],[-87.112976,20.657550]]]},"properties":{"cvegeo":"2300800010138","match":"Neighborhood","name":"Paseos Xcacel","state":"Quintana Roo","municipality":"Playa del Carmen","city":"Playa del Carmen","neighborhood":"Paseos Xcacel","category":"Fraccionamiento","type":"U","postal_code":"77723","population":null,"dwellings":null,"occupied_dwellings":null,"price_m2":null,"property_price":null,"ids_prom":"428.373","nse":"C-","nse_label":"C- (25%)","nse_score":"4.284","nse_ab":"57","nse_cplus":"200","nse_c":"301","nse_cminus":"307","nse_dplus":"240","nse_d":"137","nse_e":"0","nse_total":"1245","nse_ab_pct":"4.58","nse_cplus_pct":"16.07","nse_c_pct":"24.18","nse_cminus_pct":"24.72","nse_dplus_pct":"19.31","nse_d_pct":"11.08","nse_e_pct":"0.00"}},{"type":"Feature","geometry":{"type":"Polygon","coordinates":[[[-87.135049,20.668909],[-87.134055,20.670206],[-87.134125,20.670250],[-87.134001,20.670316],[-87.133280,20.671206],[-87.132042,20.672790],[-87.130663,20.674447],[-87.130446,20.674712],[-87.130179,20.675040],[-87.129913,20.675368],[-87.129635,20.675711],[-87.129396,20.676005],[-87.129094,20.676378],[-87.128799,20.676750],[-87.128572,20.677037],[-87.128130,20.677596],[-87.128844,20.678023],[-87.129296,20.678294],[-87.129734,20.678556],[-87.130068,20.678756],[-87.130381,20.678943],[-87.130664,20.679112],[-87.130721,20.679147],[-87.130993,20.679309],[-87.131327,20.679509],[-87.131529,20.679630],[-87.131529,20.679630],[-87.131529,20.679630],[-87.134018,20.676578],[-87.137469,20.672197],[-87.138418,20.670967],[-87.135049,20.668909]]]},"properties":{"cvegeo":"2300800010139","match":"Neighborhood","name":"Pescadores II","state":"Quintana Roo","municipality":"Playa del Carmen","city":"Playa del Carmen","neighborhood":"Pescadores II","category":"Fraccionamiento","type":"U","postal_code":"77723","population":null,"dwellings":null,"occupied_dwellings":null,"price_m2":null,"property_price":null,"ids_prom":"315.722","nse":"D","nse_label":"D (37%)","nse_score":"3.157","nse_ab":"18","nse_cplus":"102","nse_c":"241","nse_cminus":"465","nse_dplus":"701","nse_d":"917","nse_e":"12","nse_total":"2460","nse_ab_pct":"0.76","nse_cplus_pct":"4.16","nse_c_pct":"9.80","nse_cminus_pct":"18.94","nse_dplus_pct":"28.51","nse_d_pct":"37.31","nse_e_pct":"0.52"}},{"type":"Feature","geometry":{"type":"Polygon","coordinates":[[[-87.083836,20.661485],[-87.083348,20.662062],[-87.083348,20.662062],[-87.083097,20.662355],[-87.082884,20.662601],[-87.082640,20.662885],[-87.082363,20.663197],[-87.082119,20.663478],[-87.081886,20.663745],[-87.081548,20.664161],[-87.081217,20.664577],[-87.080783,20.665123],[-87.083321,20.666695],[-87.083739,20.666949],[-87.084088,20.667160],[-87.084421,20.667362],[-87.084776,20.667577],[-87.084977,20.667700],[-87.085711,20.668152],[-87.086421,20.667246],[-87.086538,20.667129],[-87.087802,20.665433],[-87.088549,20.664431],[-87.085053,20.662301],[-87.084748,20.662077],[-87.084496,20.661905],[-87.084228,20.661746],[-87.084228,20.661746],[-87.084228,20.661746],[-87.083836,20.661485]]]},"properties":{"cvegeo":"2300800010140","match":"Neighborhood","name":"Real Amalfi","state":"Quintana Roo","municipality":"Playa del Carmen","city":"Playa del Carmen","neighborhood":"Real Amalfi","category":"Fraccionamiento","type":"U","postal_code":"77714","population":null,"dwellings":null,"occupied_dwellings":null,"price_m2":null,"property_price":null,"ids_prom":"517.496","nse":"C","nse_label":"C (36%)","nse_score":"5.175","nse_ab":"23","nse_cplus":"98","nse_c":"106","nse_cminus":"49","nse_dplus":"14","nse_d":"4","nse_e":"0","nse_total":"296","nse_ab_pct":"7.86","nse_cplus_pct":"33.19","nse_c_pct":"36.00","nse_cminus_pct":"16.58","nse_dplus_pct":"4.75","nse_d_pct":"1.38","nse_e_pct":"0.00"}},{"type":"Feature","geometry":{"type":"Polygon","coordinates":[[[-87.093525,20.667468],[-87.092905,20.668245],[-87.091922,20.669490],[-87.091456,20.670079],[-87.091258,20.670238],[-87.091267,20.670318],[-87.091952,20.670756],[-87.092054,20.670651],[-87.092167,20.670528],[-87.093117,20.669429],[-87.093304,20.669213],[-87.094387,20.667968],[-87.094000,20.667758],[-87.093525,20.667468]]]},"properties":{"cvegeo":"2300800010141","match":"Neighborhood","name":"Rivera","state":"Quintana Roo","municipality":"Playa del Carmen","city":"Playa del Carmen","neighborhood":"Rivera","category":"Condominio","type":"U","postal_code":"77714","population":null,"dwellings":null,"occupied_dwellings":null,"price_m2":null,"property_price":null,"ids_prom":"511.517","nse":"C+","nse_label":"C+ (36%)","nse_score":"5.115","nse_ab":"9","nse_cplus":"36","nse_c":"25","nse_cminus":"19","nse_dplus":"8","nse_d":"2","nse_e":"0","nse_total":"101","nse_ab_pct":"9.27","nse_cplus_pct":"36.10","nse_c_pct":"25.00","nse_cminus_pct":"18.82","nse_dplus_pct":"8.15","nse_d_pct":"2.67","nse_e_pct":"0.00"}},{"type":"Feature","geometry":{"type":"Polygon","coordinates":[[[-87.041936,20.681945],[-87.040261,20.683959],[-87.039633,20.684758],[-87.039080,20.685465],[-87.038576,20.686128],[-87.038007,20.686861],[-87.030647,20.696515],[-87.046463,20.707412],[-87.051854,20.700200],[-87.055396,20.695756],[-87.054763,20.695240],[-87.053567,20.694326],[-87.052918,20.693779],[-87.052056,20.693142],[-87.050901,20.692217],[-87.050652,20.692041],[-87.050340,20.691825],[-87.050070,20.691619],[-87.049781,20.691399],[-87.049090,20.690873],[-87.048871,20.690668],[-87.050115,20.688995],[-87.051086,20.687741],[-87.051074,20.687733],[-87.050695,20.687487],[-87.050695,20.687487],[-87.050336,20.687299],[-87.049591,20.686858],[-87.048041,20.685831],[-87.047452,20.685441],[-87.045763,20.684322],[-87.044111,20.683323],[-87.041936,20.681945]]]},"properties":{"cvegeo":"2300800010142","match":"Neighborhood","name":"Ciudad Mayakoba","state":"Quintana Roo","municipality":"Playa del Carmen","city":"Playa del Carmen","neighborhood":"Ciudad Mayakoba","category":"Ninguno","type":"U","postal_code":"77724","population":null,"dwellings":null,"occupied_dwellings":null,"price_m2":null,"property_price":null,"ids_prom":"569.768","nse":"C+","nse_label":"C+ (51%)","nse_score":"5.698","nse_ab":"9","nse_cplus":"22","nse_c":"5","nse_cminus":"4","nse_dplus":"3","nse_d":"0","nse_e":"0","nse_total":"43","nse_ab_pct":"20.93","nse_cplus_pct":"51.16","nse_c_pct":"11.63","nse_cminus_pct":"9.30","nse_dplus_pct":"6.98","nse_d_pct":"0.00","nse_e_pct":"0.00"}},{"type":"Feature","geometry":{"type":"Polygon","coordinates":[[[-87.119737,20.612735],[-87.119494,20.612969],[-87.119075,20.613415],[-87.118544,20.613980],[-87.117585,20.614995],[-87.116996,20.615599],[-87.116561,20.616056],[-87.116611,20.616087],[-87.116728,20.616159],[-87.118962,20.617507],[-87.119861,20.616604],[-87.120846,20.615595],[-87.121408,20.615014],[-87.122255,20.614230],[-87.120985,20.613488],[-87.119737,20.612735]]]},"properties":{"cvegeo":"2300800010145","match":"Neighborhood","name":"Bali 2 Residencial","state":"Quintana Roo","municipality":"Playa del Carmen","city":"Playa del Carmen","neighborhood":"Bali 2 Residencial","category":"Fraccionamiento","type":"U","postal_code":"77718","population":null,"dwellings":null,"occupied_dwellings":null,"price_m2":null,"property_price":null,"ids_prom":"577.659","nse":"C+","nse_label":"C+ (46%)","nse_score":"5.777","nse_ab":"15","nse_cplus":"33","nse_c":"16","nse_cminus":"3","nse_dplus":"1","nse_d":"0","nse_e":"0","nse_total":"71","nse_ab_pct":"22.34","nse_cplus_pct":"46.28","nse_c_pct":"22.87","nse_cminus_pct":"5.32","nse_dplus_pct":"2.66","nse_d_pct":"0.00","nse_e_pct":"0.00"}},{"type":"Feature","geometry":{"type":"Polygon","coordinates":[[[-87.103268,20.673479],[-87.100379,20.677087],[-87.105230,20.680048],[-87.108099,20.676496],[-87.105912,20.675041],[-87.105357,20.674676],[-87.104603,20.674158],[-87.103589,20.673551],[-87.103268,20.673479]]]},"properties":{"cvegeo":"2300800010146","match":"Neighborhood","name":"Real Lucerna","state":"Quintana Roo","municipality":"Playa del Carmen","city":"Playa del Carmen","neighborhood":"Real Lucerna","category":"Fraccionamiento","type":"U","postal_code":"77723","population":null,"dwellings":null,"occupied_dwellings":null,"price_m2":null,"property_price":null,"ids_prom":"0.000","nse":"N/A","nse_label":"N/A (0%)","nse_score":"0.000","nse_ab":"0","nse_cplus":"0","nse_c":"0","nse_cminus":"0","nse_dplus":"0","nse_d":"0","nse_e":"0","nse_total":"0","nse_ab_pct":null,"nse_cplus_pct":null,"nse_c_pct":null,"nse_cminus_pct":null,"nse_dplus_pct":null,"nse_d_pct":null,"nse_e_pct":null}},{"type":"Feature","geometry":{"type":"Polygon","coordinates":[[[-87.117297,20.608487],[-87.117297,20.608487],[-87.117032,20.608778],[-87.115686,20.610247],[-87.115641,20.610296],[-87.116449,20.610788],[-87.116498,20.610738],[-87.116734,20.610496],[-87.117793,20.609426],[-87.118021,20.609195],[-87.117297,20.608487],[-87.117297,20.608487]]]},"properties":{"cvegeo":"2300800010147","match":"Neighborhood","name":"Thula Residencial","state":"Quintana Roo","municipality":"Playa del Carmen","city":"Playa del Carmen","neighborhood":"Thula Residencial","category":"Fraccionamiento","type":"U","postal_code":"77718","population":null,"dwellings":null,"occupied_dwellings":null,"price_m2":null,"property_price":null,"ids_prom":"578.787","nse":"C+","nse_label":"C+ (48%)","nse_score":"5.788","nse_ab":"6","nse_cplus":"15","nse_c":"5","nse_cminus":"3","nse_dplus":"0","nse_d":"0","nse_e":"0","nse_total":"32","nse_ab_pct":"21.21","nse_cplus_pct":"48.48","nse_c_pct":"18.18","nse_cminus_pct":"12.12","nse_dplus_pct":"0.00","nse_d_pct":"0.00","nse_e_pct":"0.00"}},{"type":"Feature","geometry":{"type":"Polygon","coordinates":[[[-87.078703,20.685897],[-87.077195,20.687814],[-87.076978,20.688092],[-87.076568,20.688644],[-87.077265,20.689036],[-87.078383,20.689713],[-87.078542,20.689813],[-87.079829,20.690623],[-87.080958,20.691276],[-87.081444,20.691564],[-87.083610,20.688856],[-87.078703,20.685897]]]},"properties":{"cvegeo":"2300800010148","match":"Neighborhood","name":"Bonanza","state":"Quintana Roo","municipality":"Playa del Carmen","city":"Playa del Carmen","neighborhood":"Bonanza","category":"Fraccionamiento","type":"U","postal_code":"77725","population":null,"dwellings":null,"occupied_dwellings":null,"price_m2":null,"property_price":null,"ids_prom":"0.000","nse":"N/A","nse_label":"N/A (0%)","nse_score":"0.000","nse_ab":"0","nse_cplus":"0","nse_c":"0","nse_cminus":"0","nse_dplus":"0","nse_d":"0","nse_e":"0","nse_total":"0","nse_ab_pct":null,"nse_cplus_pct":null,"nse_c_pct":null,"nse_cminus_pct":null,"nse_dplus_pct":null,"nse_d_pct":null,"nse_e_pct":null}},{"type":"Feature","geometry":{"type":"Polygon","coordinates":[[[-87.128130,20.677596],[-87.127970,20.677797],[-87.126820,20.679255],[-87.125272,20.681250],[-87.125272,20.681250],[-87.127933,20.682952],[-87.129098,20.683667],[-87.130482,20.684620],[-87.131694,20.685423],[-87.133330,20.683441],[-87.134731,20.681745],[-87.133207,20.680776],[-87.131826,20.679867],[-87.131529,20.679630],[-87.131529,20.679630],[-87.131327,20.679509],[-87.130993,20.679309],[-87.130721,20.679147],[-87.130664,20.679112],[-87.130381,20.678943],[-87.130068,20.678756],[-87.129734,20.678556],[-87.129296,20.678294],[-87.128844,20.678023],[-87.128130,20.677596]]]},"properties":{"cvegeo":"2300800010149","match":"Neighborhood","name":"El Edén Playa","state":"Quintana Roo","municipality":"Playa del Carmen","city":"Playa del Carmen","neighborhood":"El Edén Playa","category":"Fraccionamiento","type":"U","postal_code":"77723","population":null,"dwellings":null,"occupied_dwellings":null,"price_m2":null,"property_price":null,"ids_prom":"296.624","nse":"D","nse_label":"D (43%)","nse_score":"2.966","nse_ab":"0","nse_cplus":"0","nse_c":"0","nse_cminus":"0","nse_dplus":"0","nse_d":"0","nse_e":"0","nse_total":"0","nse_ab_pct":"0.00","nse_cplus_pct":"1.69","nse_c_pct":"8.71","nse_cminus_pct":"17.92","nse_dplus_pct":"28.16","nse_d_pct":"43.30","nse_e_pct":"0.16"}},{"type":"Feature","geometry":{"type":"Polygon","coordinates":[[[-87.071730,20.676097],[-87.071634,20.676127],[-87.071564,20.676175],[-87.069931,20.678252],[-87.069743,20.678491],[-87.068709,20.679807],[-87.073755,20.682878],[-87.073780,20.682936],[-87.073782,20.682934],[-87.076050,20.680164],[-87.076667,20.679276],[-87.077024,20.679304],[-87.076791,20.679161],[-87.076631,20.679056],[-87.076278,20.678849],[-87.076278,20.678849],[-87.074500,20.677760],[-87.074432,20.677717],[-87.073265,20.676986],[-87.071852,20.676102],[-87.071730,20.676097]]]},"properties":{"cvegeo":"2300800010150","match":"Neighborhood","name":"Marsella III","state":"Quintana Roo","municipality":"Playa del Carmen","city":"Playa del Carmen","neighborhood":"Marsella III","category":"Residencial","type":"U","postal_code":"77725","population":null,"dwellings":null,"occupied_dwellings":null,"price_m2":null,"property_price":null,"ids_prom":"580.000","nse":"C+","nse_label":"C+ (40%)","nse_score":"5.800","nse_ab":"2","nse_cplus":"3","nse_c":"2","nse_cminus":"0","nse_dplus":"0","nse_d":"0","nse_e":"0","nse_total":"9","nse_ab_pct":"29.33","nse_cplus_pct":"40.00","nse_c_pct":"22.67","nse_cminus_pct":"5.33","nse_dplus_pct":"0.00","nse_d_pct":"0.00","nse_e_pct":"0.00"}},{"type":"Feature","geometry":{"type":"Polygon","coordinates":[[[-87.110751,20.678065],[-87.109065,20.680210],[-87.108213,20.681251],[-87.110687,20.682698],[-87.111221,20.682038],[-87.111725,20.681393],[-87.111674,20.681342],[-87.112267,20.680594],[-87.113176,20.679452],[-87.112266,20.678928],[-87.112238,20.678872],[-87.112247,20.678818],[-87.112439,20.678610],[-87.112575,20.678541],[-87.112748,20.678483],[-87.112875,20.678453],[-87.112468,20.678182],[-87.112225,20.678511],[-87.112015,20.678752],[-87.111851,20.678705],[-87.110751,20.678065]]]},"properties":{"cvegeo":"2300800010151","match":"Neighborhood","name":"Palmanova II","state":"Quintana Roo","municipality":"Playa del Carmen","city":"Playa del Carmen","neighborhood":"Palmanova II","category":"Fraccionamiento","type":"U","postal_code":"77723","population":null,"dwellings":null,"occupied_dwellings":null,"price_m2":null,"property_price":null,"ids_prom":"455.685","nse":"C","nse_label":"C (29%)","nse_score":"4.557","nse_ab":"0","nse_cplus":"3","nse_c":"3","nse_cminus":"2","nse_dplus":"1","nse_d":"1","nse_e":"0","nse_total":"11","nse_ab_pct":"2.38","nse_cplus_pct":"26.96","nse_c_pct":"29.31","nse_cminus_pct":"17.39","nse_dplus_pct":"13.38","nse_d_pct":"10.42","nse_e_pct":"0.16"}},{"type":"Feature","geometry":{"type":"Polygon","coordinates":[[[-87.079671,20.675729],[-87.079671,20.675729],[-87.079670,20.675729],[-87.079493,20.675935],[-87.078486,20.677137],[-87.078385,20.677258],[-87.076871,20.679066],[-87.076631,20.679056],[-87.076791,20.679161],[-87.077024,20.679304],[-87.081734,20.682184],[-87.084563,20.678610],[-87.084037,20.678369],[-87.083823,20.678198],[-87.083673,20.678038],[-87.083265,20.677767],[-87.082900,20.677616],[-87.082621,20.677516],[-87.082063,20.677335],[-87.081709,20.677174],[-87.081452,20.677014],[-87.081001,20.676743],[-87.080593,20.676432],[-87.079671,20.675729],[-87.079671,20.675729]]]},"properties":{"cvegeo":"2300800010152","match":"Neighborhood","name":"Porto Alto","state":"Quintana Roo","municipality":"Playa del Carmen","city":"Playa del Carmen","neighborhood":"Porto Alto","category":"Fraccionamiento","type":"U","postal_code":"77725","population":null,"dwellings":null,"occupied_dwellings":null,"price_m2":null,"property_price":null,"ids_prom":"0.000","nse":"N/A","nse_label":"N/A (0%)","nse_score":"0.000","nse_ab":"0","nse_cplus":"0","nse_c":"0","nse_cminus":"0","nse_dplus":"0","nse_d":"0","nse_e":"0","nse_total":"0","nse_ab_pct":null,"nse_cplus_pct":null,"nse_c_pct":null,"nse_cminus_pct":null,"nse_dplus_pct":null,"nse_d_pct":null,"nse_e_pct":null}},{"type":"Feature","geometry":{"type":"Polygon","coordinates":[[[-87.106842,20.625375],[-87.106043,20.625415],[-87.104864,20.625805],[-87.104853,20.625809],[-87.104714,20.625859],[-87.106066,20.626523],[-87.105806,20.626982],[-87.105579,20.627381],[-87.106333,20.627766],[-87.106572,20.627903],[-87.106745,20.627988],[-87.106835,20.627999],[-87.108955,20.626394],[-87.108733,20.626221],[-87.108578,20.626100],[-87.108311,20.625898],[-87.107664,20.625484],[-87.107664,20.625484],[-87.106843,20.625375],[-87.106843,20.625375],[-87.106842,20.625375],[-87.106842,20.625375]]]},"properties":{"cvegeo":"2300800010153","match":"Neighborhood","name":"Altaria Residencial","state":"Quintana Roo","municipality":"Playa del Carmen","city":"Playa del Carmen","neighborhood":"Altaria Residencial","category":"Fraccionamiento","type":"U","postal_code":"77716","population":null,"dwellings":null,"occupied_dwellings":null,"price_m2":null,"property_price":null,"ids_prom":"75.000","nse":"D","nse_label":"D (38%)","nse_score":"0.750","nse_ab":"0","nse_cplus":"0","nse_c":"0","nse_cminus":"0","nse_dplus":"0","nse_d":"0","nse_e":"0","nse_total":"1","nse_ab_pct":"0.00","nse_cplus_pct":"0.00","nse_c_pct":"0.00","nse_cminus_pct":"0.00","nse_dplus_pct":"0.00","nse_d_pct":"37.50","nse_e_pct":"0.00"}},{"type":"Feature","geometry":{"type":"Polygon","coordinates":[[[-87.071043,20.700034],[-87.071007,20.700081],[-87.069110,20.702804],[-87.070898,20.703921],[-87.072755,20.701053],[-87.072786,20.701004],[-87.071043,20.700034]]]},"properties":{"cvegeo":"2300800010154","match":"Neighborhood","name":"Bosques de Playa","state":"Quintana Roo","municipality":"Playa del Carmen","city":"Playa del Carmen","neighborhood":"Bosques de Playa","category":"Fraccionamiento","type":"U","postal_code":"77724","population":null,"dwellings":null,"occupied_dwellings":null,"price_m2":null,"property_price":null,"ids_prom":"255.701","nse":"D","nse_label":"D (47%)","nse_score":"2.557","nse_ab":"0","nse_cplus":"0","nse_c":"0","nse_cminus":"0","nse_dplus":"0","nse_d":"0","nse_e":"0","nse_total":"1","nse_ab_pct":"0.00","nse_cplus_pct":"1.75","nse_c_pct":"7.46","nse_cminus_pct":"9.21","nse_dplus_pct":"21.49","nse_d_pct":"47.37","nse_e_pct":"11.84"}},{"type":"Feature","geometry":{"type":"Polygon","coordinates":[[[-87.083022,20.671906],[-87.081768,20.673354],[-87.081513,20.673639],[-87.080439,20.674885],[-87.079870,20.675544],[-87.082364,20.677092],[-87.083829,20.675342],[-87.084162,20.674971],[-87.085395,20.673342],[-87.084180,20.672604],[-87.083022,20.671906]]]},"properties":{"cvegeo":"2300800010155","match":"Neighborhood","name":"Kuyaa\u0027n Residencial","state":"Quintana Roo","municipality":"Playa del Carmen","city":"Playa del Carmen","neighborhood":"Kuyaa\u0027n Residencial","category":"Fraccionamiento","type":"U","postal_code":"77725","population":null,"dwellings":null,"occupied_dwellings":null,"price_m2":null,"property_price":null,"ids_prom":"0.000","nse":"N/A","nse_label":"N/A (0%)","nse_score":"0.000","nse_ab":"0","nse_cplus":"0","nse_c":"0","nse_cminus":"0","nse_dplus":"0","nse_d":"0","nse_e":"0","nse_total":"0","nse_ab_pct":null,"nse_cplus_pct":null,"nse_c_pct":null,"nse_cminus_pct":null,"nse_dplus_pct":null,"nse_d_pct":null,"nse_e_pct":null}},{"type":"Feature","geometry":{"type":"Polygon","coordinates":[[[-87.088190,20.644827],[-87.087017,20.646016],[-87.086773,20.646294],[-87.085369,20.647670],[-87.087064,20.648740],[-87.087391,20.648947],[-87.088224,20.649472],[-87.088876,20.648619],[-87.090492,20.646506],[-87.089178,20.645546],[-87.088574,20.645107],[-87.088190,20.644827]]]},"properties":{"cvegeo":"2300800010156","match":"Neighborhood","name":"La Gran Plaza de la Riviera II","state":"Quintana Roo","municipality":"Playa del Carmen","city":"Playa del Carmen","neighborhood":"La Gran Plaza de la Riviera II","category":"Fraccionamiento","type":"U","postal_code":"77712","population":null,"dwellings":null,"occupied_dwellings":null,"price_m2":null,"property_price":null,"ids_prom":"448.935","nse":"C","nse_label":"C (40%)","nse_score":"4.489","nse_ab":"0","nse_cplus":"0","nse_c":"1","nse_cminus":"0","nse_dplus":"0","nse_d":"0","nse_e":"0","nse_total":"4","nse_ab_pct":"10.64","nse_cplus_pct":"6.38","nse_c_pct":"40.43","nse_cminus_pct":"17.02","nse_dplus_pct":"14.89","nse_d_pct":"10.64","nse_e_pct":"0.00"}},{"type":"Feature","geometry":{"type":"Polygon","coordinates":[[[-87.083100,20.650430],[-87.081675,20.652400],[-87.081073,20.653220],[-87.079959,20.654808],[-87.079501,20.655495],[-87.079386,20.655949],[-87.079368,20.656321],[-87.079384,20.656823],[-87.079360,20.657502],[-87.079343,20.657614],[-87.079300,20.657885],[-87.079253,20.658094],[-87.079178,20.658392],[-87.079160,20.658489],[-87.079045,20.659088],[-87.080097,20.658109],[-87.082021,20.656317],[-87.082093,20.656268],[-87.082801,20.655521],[-87.082932,20.655387],[-87.083128,20.655185],[-87.083465,20.654852],[-87.083878,20.654376],[-87.084213,20.654002],[-87.084509,20.653677],[-87.085116,20.653099],[-87.085928,20.652246],[-87.084262,20.651179],[-87.083100,20.650430]]]},"properties":{"cvegeo":"2300800010157","match":"Neighborhood","name":"La Gran Plaza de la Riviera II","state":"Quintana Roo","municipality":"Playa del Carmen","city":"Playa del Carmen","neighborhood":"La Gran Plaza de la Riviera II","category":"Fraccionamiento","type":"U","postal_code":"77723","population":null,"dwellings":null,"occupied_dwellings":null,"price_m2":null,"property_price":null,"ids_prom":"380.487","nse":"C-","nse_label":"C- (24%)","nse_score":"3.805","nse_ab":"6","nse_cplus":"33","nse_c":"58","nse_cminus":"72","nse_dplus":"63","nse_d":"62","nse_e":"5","nse_total":"301","nse_ab_pct":"2.11","nse_cplus_pct":"11.19","nse_c_pct":"19.32","nse_cminus_pct":"23.97","nse_dplus_pct":"21.06","nse_d_pct":"20.57","nse_e_pct":"1.78"}},{"type":"Feature","geometry":{"type":"Polygon","coordinates":[[[-87.065074,20.668258],[-87.063759,20.668690],[-87.064271,20.669341],[-87.065671,20.670914],[-87.066194,20.671504],[-87.066409,20.671730],[-87.067474,20.670901],[-87.065074,20.668258]]]},"properties":{"cvegeo":"2300800010158","match":"Neighborhood","name":"Los Olivos IV","state":"Quintana Roo","municipality":"Playa del Carmen","city":"Playa del Carmen","neighborhood":"Los Olivos IV","category":"Fraccionamiento","type":"U","postal_code":"77725","population":null,"dwellings":null,"occupied_dwellings":null,"price_m2":null,"property_price":null,"ids_prom":"580.000","nse":"C+","nse_label":"C+ (40%)","nse_score":"5.800","nse_ab":"0","nse_cplus":"0","nse_c":"0","nse_cminus":"0","nse_dplus":"0","nse_d":"0","nse_e":"0","nse_total":"1","nse_ab_pct":"29.33","nse_cplus_pct":"40.00","nse_c_pct":"22.67","nse_cminus_pct":"5.33","nse_dplus_pct":"0.00","nse_d_pct":"0.00","nse_e_pct":"0.00"}},{"type":"Feature","geometry":{"type":"Polygon","coordinates":[[[-87.108300,20.676637],[-87.105760,20.679913],[-87.108213,20.681251],[-87.109065,20.680210],[-87.110751,20.678065],[-87.108300,20.676637]]]},"properties":{"cvegeo":"2300800010159","match":"Neighborhood","name":"Palmanova III","state":"Quintana Roo","municipality":"Playa del Carmen","city":"Playa del Carmen","neighborhood":"Palmanova III","category":"Fraccionamiento","type":"U","postal_code":"77723","population":null,"dwellings":null,"occupied_dwellings":null,"price_m2":null,"property_price":null,"ids_prom":"331.216","nse":"D","nse_label":"D (34%)","nse_score":"3.312","nse_ab":"0","nse_cplus":"0","nse_c":"0","nse_cminus":"0","nse_dplus":"0","nse_d":"0","nse_e":"0","nse_total":"0","nse_ab_pct":"0.56","nse_cplus_pct":"5.35","nse_c_pct":"14.49","nse_cminus_pct":"20.29","nse_dplus_pct":"23.97","nse_d_pct":"34.34","nse_e_pct":"1.00"}},{"type":"Feature","geometry":{"type":"Polygon","coordinates":[[[-87.113859,20.608957],[-87.113774,20.608958],[-87.113774,20.608958],[-87.113601,20.609154],[-87.109846,20.612031],[-87.111085,20.612759],[-87.111289,20.612551],[-87.114344,20.609462],[-87.114019,20.609123],[-87.113859,20.608957]]]},"properties":{"cvegeo":"2300800010160","match":"Neighborhood","name":"Palmara","state":"Quintana Roo","municipality":"Playa del Carmen","city":"Playa del Carmen","neighborhood":"Palmara","category":"Residencial","type":"U","postal_code":"77718","population":null,"dwellings":null,"occupied_dwellings":null,"price_m2":null,"property_price":null,"ids_prom":"0.000","nse":"N/A","nse_label":"N/A (0%)","nse_score":"0.000","nse_ab":"0","nse_cplus":"0","nse_c":"0","nse_cminus":"0","nse_dplus":"0","nse_d":"0","nse_e":"0","nse_total":"0","nse_ab_pct":null,"nse_cplus_pct":null,"nse_c_pct":null,"nse_cminus_pct":null,"nse_dplus_pct":null,"nse_d_pct":null,"nse_e_pct":null}},{"type":"Feature","geometry":{"type":"Polygon","coordinates":[[[-87.116455,20.659583],[-87.115378,20.661042],[-87.115378,20.661042],[-87.114764,20.661827],[-87.114167,20.662579],[-87.113675,20.663215],[-87.113242,20.663390],[-87.112226,20.663907],[-87.112116,20.663965],[-87.110281,20.664959],[-87.109528,20.664515],[-87.108743,20.664024],[-87.107959,20.665282],[-87.109402,20.666205],[-87.111027,20.667189],[-87.111397,20.667412],[-87.112552,20.668143],[-87.112969,20.668373],[-87.113718,20.668816],[-87.114166,20.669059],[-87.114299,20.669132],[-87.114300,20.669132],[-87.115359,20.667888],[-87.115554,20.667622],[-87.116102,20.666869],[-87.116333,20.666552],[-87.116690,20.666062],[-87.117192,20.665364],[-87.117334,20.665187],[-87.118006,20.664316],[-87.119068,20.662940],[-87.120125,20.661570],[-87.116455,20.659583]]]},"properties":{"cvegeo":"2300800010161","match":"Neighborhood","name":"Paseos de Sisal","state":"Quintana Roo","municipality":"Playa del Carmen","city":"Playa del Carmen","neighborhood":"Paseos de Sisal","category":"Fraccionamiento","type":"U","postal_code":"77723","population":null,"dwellings":null,"occupied_dwellings":null,"price_m2":null,"property_price":null,"ids_prom":"324.778","nse":"D","nse_label":"D (37%)","nse_score":"3.248","nse_ab":"0","nse_cplus":"0","nse_c":"0","nse_cminus":"0","nse_dplus":"0","nse_d":"0","nse_e":"0","nse_total":"0","nse_ab_pct":"1.12","nse_cplus_pct":"4.74","nse_c_pct":"12.63","nse_cminus_pct":"18.92","nse_dplus_pct":"25.04","nse_d_pct":"37.04","nse_e_pct":"0.50"}},{"type":"Feature","geometry":{"type":"Polygon","coordinates":[[[-87.110590,20.605130],[-87.107588,20.607803],[-87.104311,20.610277],[-87.103903,20.610603],[-87.104346,20.611146],[-87.105092,20.612027],[-87.105335,20.612385],[-87.106786,20.614056],[-87.107075,20.614393],[-87.109846,20.612031],[-87.113601,20.609154],[-87.113774,20.608958],[-87.113774,20.608958],[-87.110590,20.605130]]]},"properties":{"cvegeo":"2300800010162","match":"Neighborhood","name":"Selva Maya","state":"Quintana Roo","municipality":"Playa del Carmen","city":"Playa del Carmen","neighborhood":"Selva Maya","category":"Colonia","type":"U","postal_code":"77717","population":null,"dwellings":"0","occupied_dwellings":null,"price_m2":null,"property_price":null,"ids_prom":"523.695","nse":"C+","nse_label":"C+ (38%)","nse_score":"5.237","nse_ab":"0","nse_cplus":"0","nse_c":"0","nse_cminus":"0","nse_dplus":"0","nse_d":"0","nse_e":"0","nse_total":"0","nse_ab_pct":"10.84","nse_cplus_pct":"37.75","nse_c_pct":"29.32","nse_cminus_pct":"14.06","nse_dplus_pct":"4.02","nse_d_pct":"3.21","nse_e_pct":"0.00"}},{"type":"Feature","geometry":{"type":"Polygon","coordinates":[[[-87.059689,20.669629],[-87.057624,20.669991],[-87.058065,20.675223],[-87.058039,20.675303],[-87.060294,20.675943],[-87.060654,20.674303],[-87.060831,20.672440],[-87.060905,20.671785],[-87.059731,20.671747],[-87.059689,20.669629]]]},"properties":{"cvegeo":"2300800010163","match":"Neighborhood","name":"Selva Residences","state":"Quintana Roo","municipality":"Playa del Carmen","city":"Playa del Carmen","neighborhood":"Selva Residences","category":"Fraccionamiento","type":"U","postal_code":"77725","population":null,"dwellings":null,"occupied_dwellings":null,"price_m2":null,"property_price":null,"ids_prom":"580.000","nse":"C+","nse_label":"C+ (40%)","nse_score":"5.800","nse_ab":"1","nse_cplus":"1","nse_c":"1","nse_cminus":"0","nse_dplus":"0","nse_d":null,"nse_e":"0","nse_total":"4","nse_ab_pct":"29.33","nse_cplus_pct":"40.00","nse_c_pct":"22.67","nse_cminus_pct":"5.33","nse_dplus_pct":"0.00","nse_d_pct":null,"nse_e_pct":"0.00"}},{"type":"Feature","geometry":{"type":"Polygon","coordinates":[[[-87.114344,20.609462],[-87.111289,20.612551],[-87.111085,20.612759],[-87.114134,20.614503],[-87.117149,20.611212],[-87.116449,20.610788],[-87.115641,20.610296],[-87.114598,20.609644],[-87.114344,20.609462]]]},"properties":{"cvegeo":"2300800010164","match":"Neighborhood","name":"Valenia","state":"Quintana Roo","municipality":"Playa del Carmen","city":"Playa del Carmen","neighborhood":"Valenia","category":"Residencial","type":"U","postal_code":"77718","population":null,"dwellings":null,"occupied_dwellings":null,"price_m2":null,"property_price":null,"ids_prom":"578.787","nse":"C+","nse_label":"C+ (48%)","nse_score":"5.788","nse_ab":"0","nse_cplus":"0","nse_c":"0","nse_cminus":"0","nse_dplus":"0","nse_d":"0","nse_e":"0","nse_total":"0","nse_ab_pct":"21.21","nse_cplus_pct":"48.48","nse_c_pct":"18.18","nse_cminus_pct":"12.12","nse_dplus_pct":"0.00","nse_d_pct":"0.00","nse_e_pct":"0.00"}},{"type":"Feature","geometry":{"type":"Polygon","coordinates":[[[-87.101188,20.619866],[-87.101122,20.619962],[-87.100194,20.620977],[-87.100746,20.621441],[-87.100876,20.621556],[-87.101540,20.620899],[-87.101656,20.620784],[-87.101784,20.620798],[-87.101881,20.620413],[-87.101756,20.620315],[-87.101188,20.619866]]]},"properties":{"cvegeo":"2300800010165","match":"Neighborhood","name":"Aldea Serena","state":"Quintana Roo","municipality":"Playa del Carmen","city":"Playa del Carmen","neighborhood":"Aldea Serena","category":"Residencial","type":"U","postal_code":"77716","population":null,"dwellings":null,"occupied_dwellings":null,"price_m2":null,"property_price":null,"ids_prom":"608.571","nse":"C+","nse_label":"C+ (41%)","nse_score":"6.086","nse_ab":"2","nse_cplus":"2","nse_c":"1","nse_cminus":"0","nse_dplus":"0","nse_d":"0","nse_e":"0","nse_total":"6","nse_ab_pct":"36.00","nse_cplus_pct":"40.57","nse_c_pct":"19.43","nse_cminus_pct":"4.00","nse_dplus_pct":"0.00","nse_d_pct":"0.00","nse_e_pct":"0.00"}},{"type":"Feature","geometry":{"type":"Polygon","coordinates":[[[-87.104242,20.626187],[-87.104101,20.626382],[-87.103956,20.626552],[-87.105579,20.627381],[-87.105806,20.626982],[-87.104242,20.626187]]]},"properties":{"cvegeo":"2300800010166","match":"Neighborhood","name":"Arcos Bambú-khoe","state":"Quintana Roo","municipality":"Playa del Carmen","city":"Playa del Carmen","neighborhood":"Arcos Bambú-khoe","category":"Condominio","type":"U","postal_code":"77716","population":null,"dwellings":null,"occupied_dwellings":null,"price_m2":null,"property_price":null,"ids_prom":"75.000","nse":"D","nse_label":"D (38%)","nse_score":"0.750","nse_ab":null,"nse_cplus":"0","nse_c":null,"nse_cminus":null,"nse_dplus":"0","nse_d":"0","nse_e":"0","nse_total":"0","nse_ab_pct":null,"nse_cplus_pct":"0.00","nse_c_pct":null,"nse_cminus_pct":null,"nse_dplus_pct":"0.00","nse_d_pct":"37.50","nse_e_pct":"0.00"}},{"type":"Feature","geometry":{"type":"Polygon","coordinates":[[[-87.104714,20.625859],[-87.104398,20.625972],[-87.104242,20.626187],[-87.105806,20.626982],[-87.106066,20.626523],[-87.104714,20.625859]]]},"properties":{"cvegeo":"2300800010167","match":"Neighborhood","name":"Arcos Bambú-specta","state":"Quintana Roo","municipality":"Playa del Carmen","city":"Playa del Carmen","neighborhood":"Arcos Bambú-specta","category":"Condominio","type":"U","postal_code":"77716","population":null,"dwellings":null,"occupied_dwellings":null,"price_m2":null,"property_price":null,"ids_prom":"75.000","nse":"D","nse_label":"D (38%)","nse_score":"0.750","nse_ab":null,"nse_cplus":"0","nse_c":null,"nse_cminus":null,"nse_dplus":"0","nse_d":"0","nse_e":"0","nse_total":"0","nse_ab_pct":null,"nse_cplus_pct":"0.00","nse_c_pct":null,"nse_cminus_pct":null,"nse_dplus_pct":"0.00","nse_d_pct":"37.50","nse_e_pct":"0.00"}},{"type":"Feature","geometry":{"type":"Polygon","coordinates":[[[-87.081402,20.693366],[-87.079057,20.695325],[-87.084612,20.698737],[-87.086970,20.696767],[-87.081402,20.693366]]]},"properties":{"cvegeo":"2300800010168","match":"Neighborhood","name":"Distrito Maera","state":"Quintana Roo","municipality":"Playa del Carmen","city":"Playa del Carmen","neighborhood":"Distrito Maera","category":"Fraccionamiento","type":"U","postal_code":"77724","population":null,"dwellings":null,"occupied_dwellings":null,"price_m2":null,"property_price":null,"ids_prom":"0.000","nse":"N/A","nse_label":"N/A (0%)","nse_score":"0.000","nse_ab":"0","nse_cplus":"0","nse_c":"0","nse_cminus":"0","nse_dplus":"0","nse_d":"0","nse_e":"0","nse_total":"0","nse_ab_pct":null,"nse_cplus_pct":null,"nse_c_pct":null,"nse_cminus_pct":null,"nse_dplus_pct":null,"nse_d_pct":null,"nse_e_pct":null}},{"type":"Feature","geometry":{"type":"Polygon","coordinates":[[[-87.100194,20.620977],[-87.099190,20.622021],[-87.099219,20.622089],[-87.099319,20.622184],[-87.099416,20.622253],[-87.099693,20.622432],[-87.099866,20.622366],[-87.100079,20.622271],[-87.100229,20.622196],[-87.100627,20.621802],[-87.100648,20.621781],[-87.100876,20.621556],[-87.100746,20.621441],[-87.100194,20.620977]]]},"properties":{"cvegeo":"2300800010169","match":"Neighborhood","name":"La Escondida","state":"Quintana Roo","municipality":"Playa del Carmen","city":"Playa del Carmen","neighborhood":"La Escondida","category":"Condominio","type":"U","postal_code":"77716","population":null,"dwellings":null,"occupied_dwellings":null,"price_m2":null,"property_price":null,"ids_prom":"608.571","nse":"C+","nse_label":"C+ (41%)","nse_score":"6.086","nse_ab":"2","nse_cplus":"2","nse_c":"1","nse_cminus":"0","nse_dplus":"0","nse_d":"0","nse_e":"0","nse_total":"5","nse_ab_pct":"36.00","nse_cplus_pct":"40.57","nse_c_pct":"19.43","nse_cminus_pct":"4.00","nse_dplus_pct":"0.00","nse_d_pct":"0.00","nse_e_pct":"0.00"}},{"type":"Feature","geometry":{"type":"Polygon","coordinates":[[[-87.099464,20.662131],[-87.095537,20.666589],[-87.097221,20.667803],[-87.099258,20.669358],[-87.101147,20.666839],[-87.102879,20.664764],[-87.103050,20.664526],[-87.100976,20.663216],[-87.099464,20.662131]]]},"properties":{"cvegeo":"2300800010170","match":"Neighborhood","name":"Almazara","state":"Quintana Roo","municipality":"Playa del Carmen","city":"Playa del Carmen","neighborhood":"Almazara","category":"Residencial","type":"U","postal_code":"77723","population":null,"dwellings":null,"occupied_dwellings":null,"price_m2":null,"property_price":null,"ids_prom":"0.000","nse":"N/A","nse_label":"N/A (0%)","nse_score":"0.000","nse_ab":"0","nse_cplus":"0","nse_c":"0","nse_cminus":"0","nse_dplus":"0","nse_d":"0","nse_e":"0","nse_total":"0","nse_ab_pct":null,"nse_cplus_pct":null,"nse_c_pct":null,"nse_cminus_pct":null,"nse_dplus_pct":null,"nse_d_pct":null,"nse_e_pct":null}},{"type":"Feature","geometry":{"type":"Polygon","coordinates":[[[-87.076667,20.679276],[-87.076050,20.680164],[-87.073782,20.682934],[-87.073780,20.682936],[-87.078703,20.685897],[-87.081734,20.682184],[-87.077024,20.679304],[-87.076667,20.679276]]]},"properties":{"cvegeo":"2300800010171","match":"Neighborhood","name":"Marsella IV","state":"Quintana Roo","municipality":"Playa del Carmen","city":"Playa del Carmen","neighborhood":"Marsella IV","category":"Residencial","type":"U","postal_code":"77725","population":null,"dwellings":null,"occupied_dwellings":null,"price_m2":null,"property_price":null,"ids_prom":"580.000","nse":"C+","nse_label":"C+ (40%)","nse_score":"5.800","nse_ab":"0","nse_cplus":"0","nse_c":"0","nse_cminus":"0","nse_dplus":"0","nse_d":"0","nse_e":"0","nse_total":"0","nse_ab_pct":"29.33","nse_cplus_pct":"40.00","nse_c_pct":"22.67","nse_cminus_pct":"5.33","nse_dplus_pct":"0.00","nse_d_pct":"0.00","nse_e_pct":"0.00"}},{"type":"Feature","geometry":{"type":"Polygon","coordinates":[[[-87.060712,20.688166],[-87.060396,20.688517],[-87.060396,20.688517],[-87.060086,20.688855],[-87.059863,20.689124],[-87.059211,20.689876],[-87.058093,20.691123],[-87.057467,20.691816],[-87.057390,20.691906],[-87.057861,20.692219],[-87.058471,20.692609],[-87.059035,20.692941],[-87.059235,20.693053],[-87.062285,20.694926],[-87.066307,20.697373],[-87.069326,20.692945],[-87.062768,20.688928],[-87.062074,20.688714],[-87.061342,20.688469],[-87.060712,20.688166]]]},"properties":{"cvegeo":"2300800010172","match":"Neighborhood","name":"Sendas del Portal","state":"Quintana Roo","municipality":"Playa del Carmen","city":"Playa del Carmen","neighborhood":"Sendas del Portal","category":"Fraccionamiento","type":"U","postal_code":"77724","population":null,"dwellings":null,"occupied_dwellings":null,"price_m2":null,"property_price":null,"ids_prom":"300.000","nse":"D","nse_label":"D (21%)","nse_score":"3.000","nse_ab":"0","nse_cplus":"0","nse_c":"0","nse_cminus":"0","nse_dplus":"0","nse_d":"0","nse_e":"0","nse_total":"1","nse_ab_pct":"0.00","nse_cplus_pct":"0.00","nse_c_pct":"21.43","nse_cminus_pct":"21.43","nse_dplus_pct":"21.43","nse_d_pct":"21.43","nse_e_pct":"0.00"}}]}